{"type": "FeatureCollection", "crs": {"type": "name", "properties": {"name": "urn:ogc:def:crs:EPSG::32644"}}, "features": [{"type": "Feature", "geometry": {"type": "Point", "coordinates": [380154.52, 3374867.97]}, "properties": {"cell_id": 1, "max_wse_m": 3586.94}}, {"type": "Feature", "geometry": {"type": "Point", "coordinates": [380194.52, 3374867.97]}, "properties": {"cell_id": 2, "max_wse_m": 3590.87}}, {"type": "Feature", "geometry": {"type": "Point", "coordinates": [380234.52, 3374867.97]}, "properties": {"cell_id": 3, "max_wse_m": 3586.98}}, {"type": "Feature", "geometry": {"type": "Point", "coordinates": [380274.52, 3374867.97]}, "properties": {"cell_id": 4, "max_wse_m": 3565.35}}, {"type": "Feature", "geometry": {"type": "Point", "coordinates": [379714.52, 3374827.97]}, "properties": {"cell_id": 5, "max_wse_m": 3471.17}}, {"type": "Feature", "geometry": {"type": "Point", "coordinates": [379754.52, 3374827.97]}, "properties": {"cell_id": 6, "max_wse_m": 3538.31}}, {"type": "Feature", "geometry": {"type": "Point", "coordinates": [379794.52, 3374827.97]}, "properties": {"cell_id": 7, "max_wse_m": 3558.02}}, {"type": "Feature", "geometry": {"type": "Point", "coordinates": [379834.52, 3374827.97]}, "properties": {"cell_id": 8, "max_wse_m": 3570.97}}, {"type": "Feature", "geometry": {"type": "Point", "coordinates": [379874.52, 3374827.97]}, "properties": {"cell_id": 9, "max_wse_m": 3574.79}}, {"type": "Feature", "geometry": {"type": "Point", "coordinates": [379914.52, 3374827.97]}, "properties": {"cell_id": 10, "max_wse_m": 3581.74}}, {"type": "Feature", "geometry": {"type": "Point", "coordinates": [379954.52, 3374827.97]}, "properties": {"cell_id": 11, "max_wse_m": 3585.41}}, {"type": "Feature", "geometry": {"type": "Point", "coordinates": [379994.52, 3374827.97]}, "properties": {"cell_id": 12, "max_wse_m": 3600.48}}, {"type": "Feature", "geometry": {"type": "Point", "coordinates": [380034.52, 3374827.97]}, "properties": {"cell_id": 13, "max_wse_m": 3603.15}}, {"type": "Feature", "geometry": {"type": "Point", "coordinates": [380074.52, 3374827.97]}, "properties": {"cell_id": 14, "max_wse_m": 3593.85}}, {"type": "Feature", "geometry": {"type": "Point", "coordinates": [380114.52, 3374827.97]}, "properties": {"cell_id": 15, "max_wse_m": 3596.01}}, {"type": "Feature", "geometry": {"type": "Point", "coordinates": [380154.52, 3374827.97]}, "properties": {"cell_id": 16, "max_wse_m": 3601.96}}, {"type": "Feature", "geometry": {"type": "Point", "coordinates": [380194.52, 3374827.97]}, "properties": {"cell_id": 17, "max_wse_m": 3607.89}}, {"type": "Feature", "geometry": {"type": "Point", "coordinates": [380234.52, 3374827.97]}, "properties": {"cell_id": 18, "max_wse_m": 3598.0}}, {"type": "Feature", "geometry": {"type": "Point", "coordinates": [380274.52, 3374827.97]}, "properties": {"cell_id": 19, "max_wse_m": 3588.99}}, {"type": "Feature", "geometry": {"type": "Point", "coordinates": [380314.52, 3374827.97]}, "properties": {"cell_id": 20, "max_wse_m": 3564.81}}, {"type": "Feature", "geometry": {"type": "Point", "coordinates": [380354.52, 3374827.97]}, "properties": {"cell_id": 21, "max_wse_m": 3572.58}}, {"type": "Feature", "geometry": {"type": "Point", "coordinates": [380394.52, 3374827.97]}, "properties": {"cell_id": 22, "max_wse_m": 3558.08}}, {"type": "Feature", "geometry": {"type": "Point", "coordinates": [379674.52, 3374787.97]}, "properties": {"cell_id": 23, "max_wse_m": 3465.43}}, {"type": "Feature", "geometry": {"type": "Point", "coordinates": [379714.52, 3374787.97]}, "properties": {"cell_id": 24, "max_wse_m": 3496.02}}, {"type": "Feature", "geometry": {"type": "Point", "coordinates": [379754.52, 3374787.97]}, "properties": {"cell_id": 25, "max_wse_m": 3550.07}}, {"type": "Feature", "geometry": {"type": "Point", "coordinates": [379794.52, 3374787.97]}, "properties": {"cell_id": 26, "max_wse_m": 3572.68}}, {"type": "Feature", "geometry": {"type": "Point", "coordinates": [379834.52, 3374787.97]}, "properties": {"cell_id": 27, "max_wse_m": 3587.35}}, {"type": "Feature", "geometry": {"type": "Point", "coordinates": [379874.52, 3374787.97]}, "properties": {"cell_id": 28, "max_wse_m": 3600.5}}, {"type": "Feature", "geometry": {"type": "Point", "coordinates": [379914.52, 3374787.97]}, "properties": {"cell_id": 29, "max_wse_m": 3608.65}}, {"type": "Feature", "geometry": {"type": "Point", "coordinates": [379954.52, 3374787.97]}, "properties": {"cell_id": 30, "max_wse_m": 3622.05}}, {"type": "Feature", "geometry": {"type": "Point", "coordinates": [379994.52, 3374787.97]}, "properties": {"cell_id": 31, "max_wse_m": 3620.14}}, {"type": "Feature", "geometry": {"type": "Point", "coordinates": [380034.52, 3374787.97]}, "properties": {"cell_id": 32, "max_wse_m": 3622.54}}, {"type": "Feature", "geometry": {"type": "Point", "coordinates": [380074.52, 3374787.97]}, "properties": {"cell_id": 33, "max_wse_m": 3623.91}}, {"type": "Feature", "geometry": {"type": "Point", "coordinates": [380114.52, 3374787.97]}, "properties": {"cell_id": 34, "max_wse_m": 3626.94}}, {"type": "Feature", "geometry": {"type": "Point", "coordinates": [380154.52, 3374787.97]}, "properties": {"cell_id": 35, "max_wse_m": 3627.08}}, {"type": "Feature", "geometry": {"type": "Point", "coordinates": [380194.52, 3374787.97]}, "properties": {"cell_id": 36, "max_wse_m": 3630.39}}, {"type": "Feature", "geometry": {"type": "Point", "coordinates": [380234.52, 3374787.97]}, "properties": {"cell_id": 37, "max_wse_m": 3614.73}}, {"type": "Feature", "geometry": {"type": "Point", "coordinates": [380274.52, 3374787.97]}, "properties": {"cell_id": 38, "max_wse_m": 3614.05}}, {"type": "Feature", "geometry": {"type": "Point", "coordinates": [380314.52, 3374787.97]}, "properties": {"cell_id": 39, "max_wse_m": 3601.76}}, {"type": "Feature", "geometry": {"type": "Point", "coordinates": [380354.52, 3374787.97]}, "properties": {"cell_id": 40, "max_wse_m": 3602.7}}, {"type": "Feature", "geometry": {"type": "Point", "coordinates": [380394.52, 3374787.97]}, "properties": {"cell_id": 41, "max_wse_m": 3576.42}}, {"type": "Feature", "geometry": {"type": "Point", "coordinates": [380434.52, 3374787.97]}, "properties": {"cell_id": 42, "max_wse_m": 3561.28}}, {"type": "Feature", "geometry": {"type": "Point", "coordinates": [380474.52, 3374787.97]}, "properties": {"cell_id": 43, "max_wse_m": 3584.04}}, {"type": "Feature", "geometry": {"type": "Point", "coordinates": [379634.52, 3374747.97]}, "properties": {"cell_id": 44, "max_wse_m": 3449.25}}, {"type": "Feature", "geometry": {"type": "Point", "coordinates": [379674.52, 3374747.97]}, "properties": {"cell_id": 45, "max_wse_m": 3488.38}}, {"type": "Feature", "geometry": {"type": "Point", "coordinates": [379714.52, 3374747.97]}, "properties": {"cell_id": 46, "max_wse_m": 3525.59}}, {"type": "Feature", "geometry": {"type": "Point", "coordinates": [379754.52, 3374747.97]}, "properties": {"cell_id": 47, "max_wse_m": 3561.9}}, {"type": "Feature", "geometry": {"type": "Point", "coordinates": [379794.52, 3374747.97]}, "properties": {"cell_id": 48, "max_wse_m": 3592.13}}, {"type": "Feature", "geometry": {"type": "Point", "coordinates": [379834.52, 3374747.97]}, "properties": {"cell_id": 49, "max_wse_m": 3615.45}}, {"type": "Feature", "geometry": {"type": "Point", "coordinates": [379874.52, 3374747.97]}, "properties": {"cell_id": 50, "max_wse_m": 3636.15}}, {"type": "Feature", "geometry": {"type": "Point", "coordinates": [379914.52, 3374747.97]}, "properties": {"cell_id": 51, "max_wse_m": 3637.29}}, {"type": "Feature", "geometry": {"type": "Point", "coordinates": [379954.52, 3374747.97]}, "properties": {"cell_id": 52, "max_wse_m": 3639.9}}, {"type": "Feature", "geometry": {"type": "Point", "coordinates": [379994.52, 3374747.97]}, "properties": {"cell_id": 53, "max_wse_m": 3639.91}}, {"type": "Feature", "geometry": {"type": "Point", "coordinates": [380034.52, 3374747.97]}, "properties": {"cell_id": 54, "max_wse_m": 3640.84}}, {"type": "Feature", "geometry": {"type": "Point", "coordinates": [380074.52, 3374747.97]}, "properties": {"cell_id": 55, "max_wse_m": 3640.81}}, {"type": "Feature", "geometry": {"type": "Point", "coordinates": [380114.52, 3374747.97]}, "properties": {"cell_id": 56, "max_wse_m": 3646.86}}, {"type": "Feature", "geometry": {"type": "Point", "coordinates": [380154.52, 3374747.97]}, "properties": {"cell_id": 57, "max_wse_m": 3644.21}}, {"type": "Feature", "geometry": {"type": "Point", "coordinates": [380194.52, 3374747.97]}, "properties": {"cell_id": 58, "max_wse_m": 3643.6}}, {"type": "Feature", "geometry": {"type": "Point", "coordinates": [380234.52, 3374747.97]}, "properties": {"cell_id": 59, "max_wse_m": 3638.34}}, {"type": "Feature", "geometry": {"type": "Point", "coordinates": [380274.52, 3374747.97]}, "properties": {"cell_id": 60, "max_wse_m": 3632.53}}, {"type": "Feature", "geometry": {"type": "Point", "coordinates": [380314.52, 3374747.97]}, "properties": {"cell_id": 61, "max_wse_m": 3628.28}}, {"type": "Feature", "geometry": {"type": "Point", "coordinates": [380354.52, 3374747.97]}, "properties": {"cell_id": 62, "max_wse_m": 3625.54}}, {"type": "Feature", "geometry": {"type": "Point", "coordinates": [380394.52, 3374747.97]}, "properties": {"cell_id": 63, "max_wse_m": 3603.17}}, {"type": "Feature", "geometry": {"type": "Point", "coordinates": [380434.52, 3374747.97]}, "properties": {"cell_id": 64, "max_wse_m": 3589.04}}, {"type": "Feature", "geometry": {"type": "Point", "coordinates": [380474.52, 3374747.97]}, "properties": {"cell_id": 65, "max_wse_m": 3599.34}}, {"type": "Feature", "geometry": {"type": "Point", "coordinates": [380514.52, 3374747.97]}, "properties": {"cell_id": 66, "max_wse_m": 3617.19}}, {"type": "Feature", "geometry": {"type": "Point", "coordinates": [380554.52, 3374747.97]}, "properties": {"cell_id": 67, "max_wse_m": 3627.8}}, {"type": "Feature", "geometry": {"type": "Point", "coordinates": [379594.52, 3374707.97]}, "properties": {"cell_id": 68, "max_wse_m": 3408.3}}, {"type": "Feature", "geometry": {"type": "Point", "coordinates": [379634.52, 3374707.97]}, "properties": {"cell_id": 69, "max_wse_m": 3451.63}}, {"type": "Feature", "geometry": {"type": "Point", "coordinates": [379674.52, 3374707.97]}, "properties": {"cell_id": 70, "max_wse_m": 3484.72}}, {"type": "Feature", "geometry": {"type": "Point", "coordinates": [379714.52, 3374707.97]}, "properties": {"cell_id": 71, "max_wse_m": 3531.85}}, {"type": "Feature", "geometry": {"type": "Point", "coordinates": [379754.52, 3374707.97]}, "properties": {"cell_id": 72, "max_wse_m": 3575.28}}, {"type": "Feature", "geometry": {"type": "Point", "coordinates": [379794.52, 3374707.97]}, "properties": {"cell_id": 73, "max_wse_m": 3606.73}}, {"type": "Feature", "geometry": {"type": "Point", "coordinates": [379834.52, 3374707.97]}, "properties": {"cell_id": 74, "max_wse_m": 3633.26}}, {"type": "Feature", "geometry": {"type": "Point", "coordinates": [379874.52, 3374707.97]}, "properties": {"cell_id": 75, "max_wse_m": 3653.49}}, {"type": "Feature", "geometry": {"type": "Point", "coordinates": [379914.52, 3374707.97]}, "properties": {"cell_id": 76, "max_wse_m": 3653.47}}, {"type": "Feature", "geometry": {"type": "Point", "coordinates": [379954.52, 3374707.97]}, "properties": {"cell_id": 77, "max_wse_m": 3652.05}}, {"type": "Feature", "geometry": {"type": "Point", "coordinates": [379994.52, 3374707.97]}, "properties": {"cell_id": 78, "max_wse_m": 3648.62}}, {"type": "Feature", "geometry": {"type": "Point", "coordinates": [380034.52, 3374707.97]}, "properties": {"cell_id": 79, "max_wse_m": 3658.77}}, {"type": "Feature", "geometry": {"type": "Point", "coordinates": [380074.52, 3374707.97]}, "properties": {"cell_id": 80, "max_wse_m": 3656.43}}, {"type": "Feature", "geometry": {"type": "Point", "coordinates": [380114.52, 3374707.97]}, "properties": {"cell_id": 81, "max_wse_m": 3661.54}}, {"type": "Feature", "geometry": {"type": "Point", "coordinates": [380154.52, 3374707.97]}, "properties": {"cell_id": 82, "max_wse_m": 3663.31}}, {"type": "Feature", "geometry": {"type": "Point", "coordinates": [380194.52, 3374707.97]}, "properties": {"cell_id": 83, "max_wse_m": 3657.55}}, {"type": "Feature", "geometry": {"type": "Point", "coordinates": [380234.52, 3374707.97]}, "properties": {"cell_id": 84, "max_wse_m": 3655.83}}, {"type": "Feature", "geometry": {"type": "Point", "coordinates": [380274.52, 3374707.97]}, "properties": {"cell_id": 85, "max_wse_m": 3649.27}}, {"type": "Feature", "geometry": {"type": "Point", "coordinates": [380314.52, 3374707.97]}, "properties": {"cell_id": 86, "max_wse_m": 3647.31}}, {"type": "Feature", "geometry": {"type": "Point", "coordinates": [380354.52, 3374707.97]}, "properties": {"cell_id": 87, "max_wse_m": 3647.16}}, {"type": "Feature", "geometry": {"type": "Point", "coordinates": [380394.52, 3374707.97]}, "properties": {"cell_id": 88, "max_wse_m": 3625.73}}, {"type": "Feature", "geometry": {"type": "Point", "coordinates": [380434.52, 3374707.97]}, "properties": {"cell_id": 89, "max_wse_m": 3613.14}}, {"type": "Feature", "geometry": {"type": "Point", "coordinates": [380474.52, 3374707.97]}, "properties": {"cell_id": 90, "max_wse_m": 3612.86}}, {"type": "Feature", "geometry": {"type": "Point", "coordinates": [380514.52, 3374707.97]}, "properties": {"cell_id": 91, "max_wse_m": 3638.41}}, {"type": "Feature", "geometry": {"type": "Point", "coordinates": [380554.52, 3374707.97]}, "properties": {"cell_id": 92, "max_wse_m": 3656.04}}, {"type": "Feature", "geometry": {"type": "Point", "coordinates": [380594.52, 3374707.97]}, "properties": {"cell_id": 93, "max_wse_m": 3667.41}}, {"type": "Feature", "geometry": {"type": "Point", "coordinates": [380634.52, 3374707.97]}, "properties": {"cell_id": 94, "max_wse_m": 3676.27}}, {"type": "Feature", "geometry": {"type": "Point", "coordinates": [380674.52, 3374707.97]}, "properties": {"cell_id": 95, "max_wse_m": 3704.72}}, {"type": "Feature", "geometry": {"type": "Point", "coordinates": [379554.52, 3374667.97]}, "properties": {"cell_id": 96, "max_wse_m": 3400.97}}, {"type": "Feature", "geometry": {"type": "Point", "coordinates": [379594.52, 3374667.97]}, "properties": {"cell_id": 97, "max_wse_m": 3436.18}}, {"type": "Feature", "geometry": {"type": "Point", "coordinates": [379634.52, 3374667.97]}, "properties": {"cell_id": 98, "max_wse_m": 3459.59}}, {"type": "Feature", "geometry": {"type": "Point", "coordinates": [379674.52, 3374667.97]}, "properties": {"cell_id": 99, "max_wse_m": 3485.38}}, {"type": "Feature", "geometry": {"type": "Point", "coordinates": [379714.52, 3374667.97]}, "properties": {"cell_id": 100, "max_wse_m": 3529.64}}, {"type": "Feature", "geometry": {"type": "Point", "coordinates": [379754.52, 3374667.97]}, "properties": {"cell_id": 101, "max_wse_m": 3575.49}}, {"type": "Feature", "geometry": {"type": "Point", "coordinates": [379794.52, 3374667.97]}, "properties": {"cell_id": 102, "max_wse_m": 3618.41}}, {"type": "Feature", "geometry": {"type": "Point", "coordinates": [379834.52, 3374667.97]}, "properties": {"cell_id": 103, "max_wse_m": 3637.34}}, {"type": "Feature", "geometry": {"type": "Point", "coordinates": [379874.52, 3374667.97]}, "properties": {"cell_id": 104, "max_wse_m": 3650.41}}, {"type": "Feature", "geometry": {"type": "Point", "coordinates": [379914.52, 3374667.97]}, "properties": {"cell_id": 105, "max_wse_m": 3670.83}}, {"type": "Feature", "geometry": {"type": "Point", "coordinates": [379954.52, 3374667.97]}, "properties": {"cell_id": 106, "max_wse_m": 3674.73}}, {"type": "Feature", "geometry": {"type": "Point", "coordinates": [379994.52, 3374667.97]}, "properties": {"cell_id": 107, "max_wse_m": 3673.5}}, {"type": "Feature", "geometry": {"type": "Point", "coordinates": [380034.52, 3374667.97]}, "properties": {"cell_id": 108, "max_wse_m": 3674.37}}, {"type": "Feature", "geometry": {"type": "Point", "coordinates": [380074.52, 3374667.97]}, "properties": {"cell_id": 109, "max_wse_m": 3676.0}}, {"type": "Feature", "geometry": {"type": "Point", "coordinates": [380114.52, 3374667.97]}, "properties": {"cell_id": 110, "max_wse_m": 3680.04}}, {"type": "Feature", "geometry": {"type": "Point", "coordinates": [380154.52, 3374667.97]}, "properties": {"cell_id": 111, "max_wse_m": 3678.37}}, {"type": "Feature", "geometry": {"type": "Point", "coordinates": [380194.52, 3374667.97]}, "properties": {"cell_id": 112, "max_wse_m": 3677.5}}, {"type": "Feature", "geometry": {"type": "Point", "coordinates": [380234.52, 3374667.97]}, "properties": {"cell_id": 113, "max_wse_m": 3671.48}}, {"type": "Feature", "geometry": {"type": "Point", "coordinates": [380274.52, 3374667.97]}, "properties": {"cell_id": 114, "max_wse_m": 3669.32}}, {"type": "Feature", "geometry": {"type": "Point", "coordinates": [380314.52, 3374667.97]}, "properties": {"cell_id": 115, "max_wse_m": 3668.63}}, {"type": "Feature", "geometry": {"type": "Point", "coordinates": [380354.52, 3374667.97]}, "properties": {"cell_id": 116, "max_wse_m": 3669.09}}, {"type": "Feature", "geometry": {"type": "Point", "coordinates": [380394.52, 3374667.97]}, "properties": {"cell_id": 117, "max_wse_m": 3649.15}}, {"type": "Feature", "geometry": {"type": "Point", "coordinates": [380434.52, 3374667.97]}, "properties": {"cell_id": 118, "max_wse_m": 3641.45}}, {"type": "Feature", "geometry": {"type": "Point", "coordinates": [380474.52, 3374667.97]}, "properties": {"cell_id": 119, "max_wse_m": 3637.45}}, {"type": "Feature", "geometry": {"type": "Point", "coordinates": [380514.52, 3374667.97]}, "properties": {"cell_id": 120, "max_wse_m": 3651.31}}, {"type": "Feature", "geometry": {"type": "Point", "coordinates": [380554.52, 3374667.97]}, "properties": {"cell_id": 121, "max_wse_m": 3668.89}}, {"type": "Feature", "geometry": {"type": "Point", "coordinates": [380594.52, 3374667.97]}, "properties": {"cell_id": 122, "max_wse_m": 3682.63}}, {"type": "Feature", "geometry": {"type": "Point", "coordinates": [380634.52, 3374667.97]}, "properties": {"cell_id": 123, "max_wse_m": 3705.85}}, {"type": "Feature", "geometry": {"type": "Point", "coordinates": [380674.52, 3374667.97]}, "properties": {"cell_id": 124, "max_wse_m": 3729.42}}, {"type": "Feature", "geometry": {"type": "Point", "coordinates": [380714.52, 3374667.97]}, "properties": {"cell_id": 125, "max_wse_m": 3742.91}}, {"type": "Feature", "geometry": {"type": "Point", "coordinates": [380754.52, 3374667.97]}, "properties": {"cell_id": 126, "max_wse_m": 3762.08}}, {"type": "Feature", "geometry": {"type": "Point", "coordinates": [379514.52, 3374627.97]}, "properties": {"cell_id": 127, "max_wse_m": 3378.24}}, {"type": "Feature", "geometry": {"type": "Point", "coordinates": [379554.52, 3374627.97]}, "properties": {"cell_id": 128, "max_wse_m": 3406.69}}, {"type": "Feature", "geometry": {"type": "Point", "coordinates": [379594.52, 3374627.97]}, "properties": {"cell_id": 129, "max_wse_m": 3443.03}}, {"type": "Feature", "geometry": {"type": "Point", "coordinates": [379634.52, 3374627.97]}, "properties": {"cell_id": 130, "max_wse_m": 3491.4}}, {"type": "Feature", "geometry": {"type": "Point", "coordinates": [379674.52, 3374627.97]}, "properties": {"cell_id": 131, "max_wse_m": 3514.24}}, {"type": "Feature", "geometry": {"type": "Point", "coordinates": [379714.52, 3374627.97]}, "properties": {"cell_id": 132, "max_wse_m": 3548.89}}, {"type": "Feature", "geometry": {"type": "Point", "coordinates": [379754.52, 3374627.97]}, "properties": {"cell_id": 133, "max_wse_m": 3584.01}}, {"type": "Feature", "geometry": {"type": "Point", "coordinates": [379794.52, 3374627.97]}, "properties": {"cell_id": 134, "max_wse_m": 3619.1}}, {"type": "Feature", "geometry": {"type": "Point", "coordinates": [379834.52, 3374627.97]}, "properties": {"cell_id": 135, "max_wse_m": 3638.17}}, {"type": "Feature", "geometry": {"type": "Point", "coordinates": [379874.52, 3374627.97]}, "properties": {"cell_id": 136, "max_wse_m": 3655.49}}, {"type": "Feature", "geometry": {"type": "Point", "coordinates": [379914.52, 3374627.97]}, "properties": {"cell_id": 137, "max_wse_m": 3673.42}}, {"type": "Feature", "geometry": {"type": "Point", "coordinates": [379954.52, 3374627.97]}, "properties": {"cell_id": 138, "max_wse_m": 3690.8}}, {"type": "Feature", "geometry": {"type": "Point", "coordinates": [379994.52, 3374627.97]}, "properties": {"cell_id": 139, "max_wse_m": 3694.54}}, {"type": "Feature", "geometry": {"type": "Point", "coordinates": [380034.52, 3374627.97]}, "properties": {"cell_id": 140, "max_wse_m": 3686.85}}, {"type": "Feature", "geometry": {"type": "Point", "coordinates": [380074.52, 3374627.97]}, "properties": {"cell_id": 141, "max_wse_m": 3689.41}}, {"type": "Feature", "geometry": {"type": "Point", "coordinates": [380114.52, 3374627.97]}, "properties": {"cell_id": 142, "max_wse_m": 3697.49}}, {"type": "Feature", "geometry": {"type": "Point", "coordinates": [380154.52, 3374627.97]}, "properties": {"cell_id": 143, "max_wse_m": 3688.38}}, {"type": "Feature", "geometry": {"type": "Point", "coordinates": [380194.52, 3374627.97]}, "properties": {"cell_id": 144, "max_wse_m": 3683.86}}, {"type": "Feature", "geometry": {"type": "Point", "coordinates": [380234.52, 3374627.97]}, "properties": {"cell_id": 145, "max_wse_m": 3687.22}}, {"type": "Feature", "geometry": {"type": "Point", "coordinates": [380274.52, 3374627.97]}, "properties": {"cell_id": 146, "max_wse_m": 3696.52}}, {"type": "Feature", "geometry": {"type": "Point", "coordinates": [380314.52, 3374627.97]}, "properties": {"cell_id": 147, "max_wse_m": 3698.91}}, {"type": "Feature", "geometry": {"type": "Point", "coordinates": [380354.52, 3374627.97]}, "properties": {"cell_id": 148, "max_wse_m": 3685.79}}, {"type": "Feature", "geometry": {"type": "Point", "coordinates": [380394.52, 3374627.97]}, "properties": {"cell_id": 149, "max_wse_m": 3668.23}}, {"type": "Feature", "geometry": {"type": "Point", "coordinates": [380434.52, 3374627.97]}, "properties": {"cell_id": 150, "max_wse_m": 3665.19}}, {"type": "Feature", "geometry": {"type": "Point", "coordinates": [380474.52, 3374627.97]}, "properties": {"cell_id": 151, "max_wse_m": 3660.57}}, {"type": "Feature", "geometry": {"type": "Point", "coordinates": [380514.52, 3374627.97]}, "properties": {"cell_id": 152, "max_wse_m": 3661.43}}, {"type": "Feature", "geometry": {"type": "Point", "coordinates": [380554.52, 3374627.97]}, "properties": {"cell_id": 153, "max_wse_m": 3678.34}}, {"type": "Feature", "geometry": {"type": "Point", "coordinates": [380594.52, 3374627.97]}, "properties": {"cell_id": 154, "max_wse_m": 3700.05}}, {"type": "Feature", "geometry": {"type": "Point", "coordinates": [380634.52, 3374627.97]}, "properties": {"cell_id": 155, "max_wse_m": 3714.16}}, {"type": "Feature", "geometry": {"type": "Point", "coordinates": [380674.52, 3374627.97]}, "properties": {"cell_id": 156, "max_wse_m": 3744.84}}, {"type": "Feature", "geometry": {"type": "Point", "coordinates": [380714.52, 3374627.97]}, "properties": {"cell_id": 157, "max_wse_m": 3770.81}}, {"type": "Feature", "geometry": {"type": "Point", "coordinates": [380754.52, 3374627.97]}, "properties": {"cell_id": 158, "max_wse_m": 3783.73}}, {"type": "Feature", "geometry": {"type": "Point", "coordinates": [380794.52, 3374627.97]}, "properties": {"cell_id": 159, "max_wse_m": 3809.29}}, {"type": "Feature", "geometry": {"type": "Point", "coordinates": [380834.52, 3374627.97]}, "properties": {"cell_id": 160, "max_wse_m": 3839.46}}, {"type": "Feature", "geometry": {"type": "Point", "coordinates": [380874.52, 3374627.97]}, "properties": {"cell_id": 161, "max_wse_m": 3890.09}}, {"type": "Feature", "geometry": {"type": "Point", "coordinates": [370034.52, 3374587.97]}, "properties": {"cell_id": 162, "max_wse_m": 2223.26}}, {"type": "Feature", "geometry": {"type": "Point", "coordinates": [371074.52, 3374587.97]}, "properties": {"cell_id": 163, "max_wse_m": 2615.21}}, {"type": "Feature", "geometry": {"type": "Point", "coordinates": [371114.52, 3374587.97]}, "properties": {"cell_id": 164, "max_wse_m": 2651.79}}, {"type": "Feature", "geometry": {"type": "Point", "coordinates": [371154.52, 3374587.97]}, "properties": {"cell_id": 165, "max_wse_m": 2661.95}}, {"type": "Feature", "geometry": {"type": "Point", "coordinates": [371194.52, 3374587.97]}, "properties": {"cell_id": 166, "max_wse_m": 2637.36}}, {"type": "Feature", "geometry": {"type": "Point", "coordinates": [371234.52, 3374587.97]}, "properties": {"cell_id": 167, "max_wse_m": 2619.34}}, {"type": "Feature", "geometry": {"type": "Point", "coordinates": [371274.52, 3374587.97]}, "properties": {"cell_id": 168, "max_wse_m": 2615.91}}, {"type": "Feature", "geometry": {"type": "Point", "coordinates": [371314.52, 3374587.97]}, "properties": {"cell_id": 169, "max_wse_m": 2616.16}}, {"type": "Feature", "geometry": {"type": "Point", "coordinates": [371354.52, 3374587.97]}, "properties": {"cell_id": 170, "max_wse_m": 2607.2}}, {"type": "Feature", "geometry": {"type": "Point", "coordinates": [379474.52, 3374587.97]}, "properties": {"cell_id": 171, "max_wse_m": 3356.13}}, {"type": "Feature", "geometry": {"type": "Point", "coordinates": [379514.52, 3374587.97]}, "properties": {"cell_id": 172, "max_wse_m": 3391.09}}, {"type": "Feature", "geometry": {"type": "Point", "coordinates": [379554.52, 3374587.97]}, "properties": {"cell_id": 173, "max_wse_m": 3424.91}}, {"type": "Feature", "geometry": {"type": "Point", "coordinates": [379594.52, 3374587.97]}, "properties": {"cell_id": 174, "max_wse_m": 3461.57}}, {"type": "Feature", "geometry": {"type": "Point", "coordinates": [379634.52, 3374587.97]}, "properties": {"cell_id": 175, "max_wse_m": 3506.43}}, {"type": "Feature", "geometry": {"type": "Point", "coordinates": [379674.52, 3374587.97]}, "properties": {"cell_id": 176, "max_wse_m": 3542.18}}, {"type": "Feature", "geometry": {"type": "Point", "coordinates": [379714.52, 3374587.97]}, "properties": {"cell_id": 177, "max_wse_m": 3567.23}}, {"type": "Feature", "geometry": {"type": "Point", "coordinates": [379754.52, 3374587.97]}, "properties": {"cell_id": 178, "max_wse_m": 3589.98}}, {"type": "Feature", "geometry": {"type": "Point", "coordinates": [379794.52, 3374587.97]}, "properties": {"cell_id": 179, "max_wse_m": 3605.18}}, {"type": "Feature", "geometry": {"type": "Point", "coordinates": [379834.52, 3374587.97]}, "properties": {"cell_id": 180, "max_wse_m": 3632.82}}, {"type": "Feature", "geometry": {"type": "Point", "coordinates": [379874.52, 3374587.97]}, "properties": {"cell_id": 181, "max_wse_m": 3666.95}}, {"type": "Feature", "geometry": {"type": "Point", "coordinates": [379914.52, 3374587.97]}, "properties": {"cell_id": 182, "max_wse_m": 3684.74}}, {"type": "Feature", "geometry": {"type": "Point", "coordinates": [379954.52, 3374587.97]}, "properties": {"cell_id": 183, "max_wse_m": 3701.47}}, {"type": "Feature", "geometry": {"type": "Point", "coordinates": [379994.52, 3374587.97]}, "properties": {"cell_id": 184, "max_wse_m": 3711.73}}, {"type": "Feature", "geometry": {"type": "Point", "coordinates": [380034.52, 3374587.97]}, "properties": {"cell_id": 185, "max_wse_m": 3717.97}}, {"type": "Feature", "geometry": {"type": "Point", "coordinates": [380074.52, 3374587.97]}, "properties": {"cell_id": 186, "max_wse_m": 3716.48}}, {"type": "Feature", "geometry": {"type": "Point", "coordinates": [380114.52, 3374587.97]}, "properties": {"cell_id": 187, "max_wse_m": 3715.37}}, {"type": "Feature", "geometry": {"type": "Point", "coordinates": [380154.52, 3374587.97]}, "properties": {"cell_id": 188, "max_wse_m": 3706.44}}, {"type": "Feature", "geometry": {"type": "Point", "coordinates": [380194.52, 3374587.97]}, "properties": {"cell_id": 189, "max_wse_m": 3706.48}}, {"type": "Feature", "geometry": {"type": "Point", "coordinates": [380234.52, 3374587.97]}, "properties": {"cell_id": 190, "max_wse_m": 3714.0}}, {"type": "Feature", "geometry": {"type": "Point", "coordinates": [380274.52, 3374587.97]}, "properties": {"cell_id": 191, "max_wse_m": 3714.15}}, {"type": "Feature", "geometry": {"type": "Point", "coordinates": [380314.52, 3374587.97]}, "properties": {"cell_id": 192, "max_wse_m": 3714.42}}, {"type": "Feature", "geometry": {"type": "Point", "coordinates": [380354.52, 3374587.97]}, "properties": {"cell_id": 193, "max_wse_m": 3699.32}}, {"type": "Feature", "geometry": {"type": "Point", "coordinates": [380394.52, 3374587.97]}, "properties": {"cell_id": 194, "max_wse_m": 3693.13}}, {"type": "Feature", "geometry": {"type": "Point", "coordinates": [380434.52, 3374587.97]}, "properties": {"cell_id": 195, "max_wse_m": 3686.3}}, {"type": "Feature", "geometry": {"type": "Point", "coordinates": [380474.52, 3374587.97]}, "properties": {"cell_id": 196, "max_wse_m": 3685.22}}, {"type": "Feature", "geometry": {"type": "Point", "coordinates": [380514.52, 3374587.97]}, "properties": {"cell_id": 197, "max_wse_m": 3684.88}}, {"type": "Feature", "geometry": {"type": "Point", "coordinates": [380554.52, 3374587.97]}, "properties": {"cell_id": 198, "max_wse_m": 3696.49}}, {"type": "Feature", "geometry": {"type": "Point", "coordinates": [380594.52, 3374587.97]}, "properties": {"cell_id": 199, "max_wse_m": 3710.37}}, {"type": "Feature", "geometry": {"type": "Point", "coordinates": [380634.52, 3374587.97]}, "properties": {"cell_id": 200, "max_wse_m": 3727.23}}, {"type": "Feature", "geometry": {"type": "Point", "coordinates": [380674.52, 3374587.97]}, "properties": {"cell_id": 201, "max_wse_m": 3748.23}}, {"type": "Feature", "geometry": {"type": "Point", "coordinates": [380714.52, 3374587.97]}, "properties": {"cell_id": 202, "max_wse_m": 3783.25}}, {"type": "Feature", "geometry": {"type": "Point", "coordinates": [380754.52, 3374587.97]}, "properties": {"cell_id": 203, "max_wse_m": 3806.87}}, {"type": "Feature", "geometry": {"type": "Point", "coordinates": [380794.52, 3374587.97]}, "properties": {"cell_id": 204, "max_wse_m": 3824.43}}, {"type": "Feature", "geometry": {"type": "Point", "coordinates": [380834.52, 3374587.97]}, "properties": {"cell_id": 205, "max_wse_m": 3862.21}}, {"type": "Feature", "geometry": {"type": "Point", "coordinates": [380874.52, 3374587.97]}, "properties": {"cell_id": 206, "max_wse_m": 3908.46}}, {"type": "Feature", "geometry": {"type": "Point", "coordinates": [380914.52, 3374587.97]}, "properties": {"cell_id": 207, "max_wse_m": 3940.36}}, {"type": "Feature", "geometry": {"type": "Point", "coordinates": [380954.52, 3374587.97]}, "properties": {"cell_id": 208, "max_wse_m": 3961.83}}, {"type": "Feature", "geometry": {"type": "Point", "coordinates": [370034.52, 3374547.97]}, "properties": {"cell_id": 209, "max_wse_m": 2179.49}}, {"type": "Feature", "geometry": {"type": "Point", "coordinates": [370074.52, 3374547.97]}, "properties": {"cell_id": 210, "max_wse_m": 2198.41}}, {"type": "Feature", "geometry": {"type": "Point", "coordinates": [370114.52, 3374547.97]}, "properties": {"cell_id": 211, "max_wse_m": 2218.3}}, {"type": "Feature", "geometry": {"type": "Point", "coordinates": [370994.52, 3374547.97]}, "properties": {"cell_id": 212, "max_wse_m": 2541.95}}, {"type": "Feature", "geometry": {"type": "Point", "coordinates": [371034.52, 3374547.97]}, "properties": {"cell_id": 213, "max_wse_m": 2575.47}}, {"type": "Feature", "geometry": {"type": "Point", "coordinates": [371074.52, 3374547.97]}, "properties": {"cell_id": 214, "max_wse_m": 2599.31}}, {"type": "Feature", "geometry": {"type": "Point", "coordinates": [371114.52, 3374547.97]}, "properties": {"cell_id": 215, "max_wse_m": 2627.63}}, {"type": "Feature", "geometry": {"type": "Point", "coordinates": [371154.52, 3374547.97]}, "properties": {"cell_id": 216, "max_wse_m": 2619.93}}, {"type": "Feature", "geometry": {"type": "Point", "coordinates": [371194.52, 3374547.97]}, "properties": {"cell_id": 217, "max_wse_m": 2595.33}}, {"type": "Feature", "geometry": {"type": "Point", "coordinates": [371234.52, 3374547.97]}, "properties": {"cell_id": 218, "max_wse_m": 2582.18}}, {"type": "Feature", "geometry": {"type": "Point", "coordinates": [371274.52, 3374547.97]}, "properties": {"cell_id": 219, "max_wse_m": 2581.89}}, {"type": "Feature", "geometry": {"type": "Point", "coordinates": [371314.52, 3374547.97]}, "properties": {"cell_id": 220, "max_wse_m": 2587.4}}, {"type": "Feature", "geometry": {"type": "Point", "coordinates": [371354.52, 3374547.97]}, "properties": {"cell_id": 221, "max_wse_m": 2572.42}}, {"type": "Feature", "geometry": {"type": "Point", "coordinates": [371394.52, 3374547.97]}, "properties": {"cell_id": 222, "max_wse_m": 2574.58}}, {"type": "Feature", "geometry": {"type": "Point", "coordinates": [371434.52, 3374547.97]}, "properties": {"cell_id": 223, "max_wse_m": 2582.51}}, {"type": "Feature", "geometry": {"type": "Point", "coordinates": [371474.52, 3374547.97]}, "properties": {"cell_id": 224, "max_wse_m": 2590.07}}, {"type": "Feature", "geometry": {"type": "Point", "coordinates": [371514.52, 3374547.97]}, "properties": {"cell_id": 225, "max_wse_m": 2591.77}}, {"type": "Feature", "geometry": {"type": "Point", "coordinates": [371554.52, 3374547.97]}, "properties": {"cell_id": 226, "max_wse_m": 2574.27}}, {"type": "Feature", "geometry": {"type": "Point", "coordinates": [371594.52, 3374547.97]}, "properties": {"cell_id": 227, "max_wse_m": 2541.25}}, {"type": "Feature", "geometry": {"type": "Point", "coordinates": [371634.52, 3374547.97]}, "properties": {"cell_id": 228, "max_wse_m": 2517.3}}, {"type": "Feature", "geometry": {"type": "Point", "coordinates": [379434.52, 3374547.97]}, "properties": {"cell_id": 229, "max_wse_m": 3317.51}}, {"type": "Feature", "geometry": {"type": "Point", "coordinates": [379474.52, 3374547.97]}, "properties": {"cell_id": 230, "max_wse_m": 3336.44}}, {"type": "Feature", "geometry": {"type": "Point", "coordinates": [379514.52, 3374547.97]}, "properties": {"cell_id": 231, "max_wse_m": 3386.0}}, {"type": "Feature", "geometry": {"type": "Point", "coordinates": [379554.52, 3374547.97]}, "properties": {"cell_id": 232, "max_wse_m": 3442.94}}, {"type": "Feature", "geometry": {"type": "Point", "coordinates": [379594.52, 3374547.97]}, "properties": {"cell_id": 233, "max_wse_m": 3471.42}}, {"type": "Feature", "geometry": {"type": "Point", "coordinates": [379634.52, 3374547.97]}, "properties": {"cell_id": 234, "max_wse_m": 3506.63}}, {"type": "Feature", "geometry": {"type": "Point", "coordinates": [379674.52, 3374547.97]}, "properties": {"cell_id": 235, "max_wse_m": 3543.19}}, {"type": "Feature", "geometry": {"type": "Point", "coordinates": [379714.52, 3374547.97]}, "properties": {"cell_id": 236, "max_wse_m": 3562.82}}, {"type": "Feature", "geometry": {"type": "Point", "coordinates": [379754.52, 3374547.97]}, "properties": {"cell_id": 237, "max_wse_m": 3562.88}}, {"type": "Feature", "geometry": {"type": "Point", "coordinates": [379794.52, 3374547.97]}, "properties": {"cell_id": 238, "max_wse_m": 3587.73}}, {"type": "Feature", "geometry": {"type": "Point", "coordinates": [379834.52, 3374547.97]}, "properties": {"cell_id": 239, "max_wse_m": 3621.71}}, {"type": "Feature", "geometry": {"type": "Point", "coordinates": [379874.52, 3374547.97]}, "properties": {"cell_id": 240, "max_wse_m": 3646.9}}, {"type": "Feature", "geometry": {"type": "Point", "coordinates": [379914.52, 3374547.97]}, "properties": {"cell_id": 241, "max_wse_m": 3677.2}}, {"type": "Feature", "geometry": {"type": "Point", "coordinates": [379954.52, 3374547.97]}, "properties": {"cell_id": 242, "max_wse_m": 3706.89}}, {"type": "Feature", "geometry": {"type": "Point", "coordinates": [379994.52, 3374547.97]}, "properties": {"cell_id": 243, "max_wse_m": 3729.0}}, {"type": "Feature", "geometry": {"type": "Point", "coordinates": [380034.52, 3374547.97]}, "properties": {"cell_id": 244, "max_wse_m": 3734.65}}, {"type": "Feature", "geometry": {"type": "Point", "coordinates": [380074.52, 3374547.97]}, "properties": {"cell_id": 245, "max_wse_m": 3736.35}}, {"type": "Feature", "geometry": {"type": "Point", "coordinates": [380114.52, 3374547.97]}, "properties": {"cell_id": 246, "max_wse_m": 3737.52}}, {"type": "Feature", "geometry": {"type": "Point", "coordinates": [380154.52, 3374547.97]}, "properties": {"cell_id": 247, "max_wse_m": 3732.17}}, {"type": "Feature", "geometry": {"type": "Point", "coordinates": [380194.52, 3374547.97]}, "properties": {"cell_id": 248, "max_wse_m": 3729.11}}, {"type": "Feature", "geometry": {"type": "Point", "coordinates": [380234.52, 3374547.97]}, "properties": {"cell_id": 249, "max_wse_m": 3730.09}}, {"type": "Feature", "geometry": {"type": "Point", "coordinates": [380274.52, 3374547.97]}, "properties": {"cell_id": 250, "max_wse_m": 3738.52}}, {"type": "Feature", "geometry": {"type": "Point", "coordinates": [380314.52, 3374547.97]}, "properties": {"cell_id": 251, "max_wse_m": 3728.21}}, {"type": "Feature", "geometry": {"type": "Point", "coordinates": [380354.52, 3374547.97]}, "properties": {"cell_id": 252, "max_wse_m": 3718.79}}, {"type": "Feature", "geometry": {"type": "Point", "coordinates": [380394.52, 3374547.97]}, "properties": {"cell_id": 253, "max_wse_m": 3710.63}}, {"type": "Feature", "geometry": {"type": "Point", "coordinates": [380434.52, 3374547.97]}, "properties": {"cell_id": 254, "max_wse_m": 3710.42}}, {"type": "Feature", "geometry": {"type": "Point", "coordinates": [380474.52, 3374547.97]}, "properties": {"cell_id": 255, "max_wse_m": 3714.62}}, {"type": "Feature", "geometry": {"type": "Point", "coordinates": [380514.52, 3374547.97]}, "properties": {"cell_id": 256, "max_wse_m": 3713.27}}, {"type": "Feature", "geometry": {"type": "Point", "coordinates": [380554.52, 3374547.97]}, "properties": {"cell_id": 257, "max_wse_m": 3713.55}}, {"type": "Feature", "geometry": {"type": "Point", "coordinates": [380594.52, 3374547.97]}, "properties": {"cell_id": 258, "max_wse_m": 3728.0}}, {"type": "Feature", "geometry": {"type": "Point", "coordinates": [380634.52, 3374547.97]}, "properties": {"cell_id": 259, "max_wse_m": 3749.84}}, {"type": "Feature", "geometry": {"type": "Point", "coordinates": [380674.52, 3374547.97]}, "properties": {"cell_id": 260, "max_wse_m": 3776.21}}, {"type": "Feature", "geometry": {"type": "Point", "coordinates": [380714.52, 3374547.97]}, "properties": {"cell_id": 261, "max_wse_m": 3786.67}}, {"type": "Feature", "geometry": {"type": "Point", "coordinates": [380754.52, 3374547.97]}, "properties": {"cell_id": 262, "max_wse_m": 3817.32}}, {"type": "Feature", "geometry": {"type": "Point", "coordinates": [380794.52, 3374547.97]}, "properties": {"cell_id": 263, "max_wse_m": 3847.47}}, {"type": "Feature", "geometry": {"type": "Point", "coordinates": [380834.52, 3374547.97]}, "properties": {"cell_id": 264, "max_wse_m": 3875.28}}, {"type": "Feature", "geometry": {"type": "Point", "coordinates": [380874.52, 3374547.97]}, "properties": {"cell_id": 265, "max_wse_m": 3918.48}}, {"type": "Feature", "geometry": {"type": "Point", "coordinates": [380914.52, 3374547.97]}, "properties": {"cell_id": 266, "max_wse_m": 3952.57}}, {"type": "Feature", "geometry": {"type": "Point", "coordinates": [380954.52, 3374547.97]}, "properties": {"cell_id": 267, "max_wse_m": 3993.18}}, {"type": "Feature", "geometry": {"type": "Point", "coordinates": [380994.52, 3374547.97]}, "properties": {"cell_id": 268, "max_wse_m": 4004.7}}, {"type": "Feature", "geometry": {"type": "Point", "coordinates": [381034.52, 3374547.97]}, "properties": {"cell_id": 269, "max_wse_m": 4019.71}}, {"type": "Feature", "geometry": {"type": "Point", "coordinates": [370034.52, 3374507.97]}, "properties": {"cell_id": 270, "max_wse_m": 2140.01}}, {"type": "Feature", "geometry": {"type": "Point", "coordinates": [370074.52, 3374507.97]}, "properties": {"cell_id": 271, "max_wse_m": 2146.68}}, {"type": "Feature", "geometry": {"type": "Point", "coordinates": [370114.52, 3374507.97]}, "properties": {"cell_id": 272, "max_wse_m": 2159.96}}, {"type": "Feature", "geometry": {"type": "Point", "coordinates": [370154.52, 3374507.97]}, "properties": {"cell_id": 273, "max_wse_m": 2181.08}}, {"type": "Feature", "geometry": {"type": "Point", "coordinates": [370194.52, 3374507.97]}, "properties": {"cell_id": 274, "max_wse_m": 2181.91}}, {"type": "Feature", "geometry": {"type": "Point", "coordinates": [370914.52, 3374507.97]}, "properties": {"cell_id": 275, "max_wse_m": 2468.84}}, {"type": "Feature", "geometry": {"type": "Point", "coordinates": [370954.52, 3374507.97]}, "properties": {"cell_id": 276, "max_wse_m": 2501.04}}, {"type": "Feature", "geometry": {"type": "Point", "coordinates": [370994.52, 3374507.97]}, "properties": {"cell_id": 277, "max_wse_m": 2532.39}}, {"type": "Feature", "geometry": {"type": "Point", "coordinates": [371034.52, 3374507.97]}, "properties": {"cell_id": 278, "max_wse_m": 2559.54}}, {"type": "Feature", "geometry": {"type": "Point", "coordinates": [371074.52, 3374507.97]}, "properties": {"cell_id": 279, "max_wse_m": 2588.2}}, {"type": "Feature", "geometry": {"type": "Point", "coordinates": [371114.52, 3374507.97]}, "properties": {"cell_id": 280, "max_wse_m": 2604.38}}, {"type": "Feature", "geometry": {"type": "Point", "coordinates": [371154.52, 3374507.97]}, "properties": {"cell_id": 281, "max_wse_m": 2590.83}}, {"type": "Feature", "geometry": {"type": "Point", "coordinates": [371194.52, 3374507.97]}, "properties": {"cell_id": 282, "max_wse_m": 2565.86}}, {"type": "Feature", "geometry": {"type": "Point", "coordinates": [371234.52, 3374507.97]}, "properties": {"cell_id": 283, "max_wse_m": 2555.85}}, {"type": "Feature", "geometry": {"type": "Point", "coordinates": [371274.52, 3374507.97]}, "properties": {"cell_id": 284, "max_wse_m": 2542.08}}, {"type": "Feature", "geometry": {"type": "Point", "coordinates": [371314.52, 3374507.97]}, "properties": {"cell_id": 285, "max_wse_m": 2542.06}}, {"type": "Feature", "geometry": {"type": "Point", "coordinates": [371354.52, 3374507.97]}, "properties": {"cell_id": 286, "max_wse_m": 2538.14}}, {"type": "Feature", "geometry": {"type": "Point", "coordinates": [371394.52, 3374507.97]}, "properties": {"cell_id": 287, "max_wse_m": 2536.21}}, {"type": "Feature", "geometry": {"type": "Point", "coordinates": [371434.52, 3374507.97]}, "properties": {"cell_id": 288, "max_wse_m": 2540.18}}, {"type": "Feature", "geometry": {"type": "Point", "coordinates": [371474.52, 3374507.97]}, "properties": {"cell_id": 289, "max_wse_m": 2558.8}}, {"type": "Feature", "geometry": {"type": "Point", "coordinates": [371514.52, 3374507.97]}, "properties": {"cell_id": 290, "max_wse_m": 2546.65}}, {"type": "Feature", "geometry": {"type": "Point", "coordinates": [371554.52, 3374507.97]}, "properties": {"cell_id": 291, "max_wse_m": 2540.21}}, {"type": "Feature", "geometry": {"type": "Point", "coordinates": [371594.52, 3374507.97]}, "properties": {"cell_id": 292, "max_wse_m": 2514.52}}, {"type": "Feature", "geometry": {"type": "Point", "coordinates": [371634.52, 3374507.97]}, "properties": {"cell_id": 293, "max_wse_m": 2493.15}}, {"type": "Feature", "geometry": {"type": "Point", "coordinates": [371674.52, 3374507.97]}, "properties": {"cell_id": 294, "max_wse_m": 2475.59}}, {"type": "Feature", "geometry": {"type": "Point", "coordinates": [371714.52, 3374507.97]}, "properties": {"cell_id": 295, "max_wse_m": 2463.57}}, {"type": "Feature", "geometry": {"type": "Point", "coordinates": [371754.52, 3374507.97]}, "properties": {"cell_id": 296, "max_wse_m": 2462.11}}, {"type": "Feature", "geometry": {"type": "Point", "coordinates": [371794.52, 3374507.97]}, "properties": {"cell_id": 297, "max_wse_m": 2473.7}}, {"type": "Feature", "geometry": {"type": "Point", "coordinates": [371834.52, 3374507.97]}, "properties": {"cell_id": 298, "max_wse_m": 2476.39}}, {"type": "Feature", "geometry": {"type": "Point", "coordinates": [371874.52, 3374507.97]}, "properties": {"cell_id": 299, "max_wse_m": 2483.8}}, {"type": "Feature", "geometry": {"type": "Point", "coordinates": [371914.52, 3374507.97]}, "properties": {"cell_id": 300, "max_wse_m": 2483.43}}, {"type": "Feature", "geometry": {"type": "Point", "coordinates": [379434.52, 3374507.97]}, "properties": {"cell_id": 301, "max_wse_m": 3283.32}}, {"type": "Feature", "geometry": {"type": "Point", "coordinates": [379474.52, 3374507.97]}, "properties": {"cell_id": 302, "max_wse_m": 3336.54}}, {"type": "Feature", "geometry": {"type": "Point", "coordinates": [379514.52, 3374507.97]}, "properties": {"cell_id": 303, "max_wse_m": 3373.07}}, {"type": "Feature", "geometry": {"type": "Point", "coordinates": [379554.52, 3374507.97]}, "properties": {"cell_id": 304, "max_wse_m": 3435.77}}, {"type": "Feature", "geometry": {"type": "Point", "coordinates": [379594.52, 3374507.97]}, "properties": {"cell_id": 305, "max_wse_m": 3471.5}}, {"type": "Feature", "geometry": {"type": "Point", "coordinates": [379634.52, 3374507.97]}, "properties": {"cell_id": 306, "max_wse_m": 3512.0}}, {"type": "Feature", "geometry": {"type": "Point", "coordinates": [379674.52, 3374507.97]}, "properties": {"cell_id": 307, "max_wse_m": 3531.77}}, {"type": "Feature", "geometry": {"type": "Point", "coordinates": [379714.52, 3374507.97]}, "properties": {"cell_id": 308, "max_wse_m": 3531.01}}, {"type": "Feature", "geometry": {"type": "Point", "coordinates": [379754.52, 3374507.97]}, "properties": {"cell_id": 309, "max_wse_m": 3549.15}}, {"type": "Feature", "geometry": {"type": "Point", "coordinates": [379794.52, 3374507.97]}, "properties": {"cell_id": 310, "max_wse_m": 3583.81}}, {"type": "Feature", "geometry": {"type": "Point", "coordinates": [379834.52, 3374507.97]}, "properties": {"cell_id": 311, "max_wse_m": 3613.85}}, {"type": "Feature", "geometry": {"type": "Point", "coordinates": [379874.52, 3374507.97]}, "properties": {"cell_id": 312, "max_wse_m": 3640.9}}, {"type": "Feature", "geometry": {"type": "Point", "coordinates": [379914.52, 3374507.97]}, "properties": {"cell_id": 313, "max_wse_m": 3670.45}}, {"type": "Feature", "geometry": {"type": "Point", "coordinates": [379954.52, 3374507.97]}, "properties": {"cell_id": 314, "max_wse_m": 3700.85}}, {"type": "Feature", "geometry": {"type": "Point", "coordinates": [379994.52, 3374507.97]}, "properties": {"cell_id": 315, "max_wse_m": 3738.52}}, {"type": "Feature", "geometry": {"type": "Point", "coordinates": [380034.52, 3374507.97]}, "properties": {"cell_id": 316, "max_wse_m": 3751.99}}, {"type": "Feature", "geometry": {"type": "Point", "coordinates": [380074.52, 3374507.97]}, "properties": {"cell_id": 317, "max_wse_m": 3758.86}}, {"type": "Feature", "geometry": {"type": "Point", "coordinates": [380114.52, 3374507.97]}, "properties": {"cell_id": 318, "max_wse_m": 3761.27}}, {"type": "Feature", "geometry": {"type": "Point", "coordinates": [380154.52, 3374507.97]}, "properties": {"cell_id": 319, "max_wse_m": 3761.52}}, {"type": "Feature", "geometry": {"type": "Point", "coordinates": [380194.52, 3374507.97]}, "properties": {"cell_id": 320, "max_wse_m": 3756.66}}, {"type": "Feature", "geometry": {"type": "Point", "coordinates": [380234.52, 3374507.97]}, "properties": {"cell_id": 321, "max_wse_m": 3753.07}}, {"type": "Feature", "geometry": {"type": "Point", "coordinates": [380274.52, 3374507.97]}, "properties": {"cell_id": 322, "max_wse_m": 3746.11}}, {"type": "Feature", "geometry": {"type": "Point", "coordinates": [380314.52, 3374507.97]}, "properties": {"cell_id": 323, "max_wse_m": 3743.45}}, {"type": "Feature", "geometry": {"type": "Point", "coordinates": [380354.52, 3374507.97]}, "properties": {"cell_id": 324, "max_wse_m": 3732.25}}, {"type": "Feature", "geometry": {"type": "Point", "coordinates": [380394.52, 3374507.97]}, "properties": {"cell_id": 325, "max_wse_m": 3724.49}}, {"type": "Feature", "geometry": {"type": "Point", "coordinates": [380434.52, 3374507.97]}, "properties": {"cell_id": 326, "max_wse_m": 3725.91}}, {"type": "Feature", "geometry": {"type": "Point", "coordinates": [380474.52, 3374507.97]}, "properties": {"cell_id": 327, "max_wse_m": 3739.82}}, {"type": "Feature", "geometry": {"type": "Point", "coordinates": [380514.52, 3374507.97]}, "properties": {"cell_id": 328, "max_wse_m": 3742.8}}, {"type": "Feature", "geometry": {"type": "Point", "coordinates": [380554.52, 3374507.97]}, "properties": {"cell_id": 329, "max_wse_m": 3741.29}}, {"type": "Feature", "geometry": {"type": "Point", "coordinates": [380594.52, 3374507.97]}, "properties": {"cell_id": 330, "max_wse_m": 3743.11}}, {"type": "Feature", "geometry": {"type": "Point", "coordinates": [380634.52, 3374507.97]}, "properties": {"cell_id": 331, "max_wse_m": 3760.59}}, {"type": "Feature", "geometry": {"type": "Point", "coordinates": [380674.52, 3374507.97]}, "properties": {"cell_id": 332, "max_wse_m": 3792.0}}, {"type": "Feature", "geometry": {"type": "Point", "coordinates": [380714.52, 3374507.97]}, "properties": {"cell_id": 333, "max_wse_m": 3813.42}}, {"type": "Feature", "geometry": {"type": "Point", "coordinates": [380754.52, 3374507.97]}, "properties": {"cell_id": 334, "max_wse_m": 3827.81}}, {"type": "Feature", "geometry": {"type": "Point", "coordinates": [380794.52, 3374507.97]}, "properties": {"cell_id": 335, "max_wse_m": 3857.53}}, {"type": "Feature", "geometry": {"type": "Point", "coordinates": [380834.52, 3374507.97]}, "properties": {"cell_id": 336, "max_wse_m": 3888.4}}, {"type": "Feature", "geometry": {"type": "Point", "coordinates": [380874.52, 3374507.97]}, "properties": {"cell_id": 337, "max_wse_m": 3922.98}}, {"type": "Feature", "geometry": {"type": "Point", "coordinates": [380914.52, 3374507.97]}, "properties": {"cell_id": 338, "max_wse_m": 3979.26}}, {"type": "Feature", "geometry": {"type": "Point", "coordinates": [380954.52, 3374507.97]}, "properties": {"cell_id": 339, "max_wse_m": 4005.09}}, {"type": "Feature", "geometry": {"type": "Point", "coordinates": [380994.52, 3374507.97]}, "properties": {"cell_id": 340, "max_wse_m": 4044.62}}, {"type": "Feature", "geometry": {"type": "Point", "coordinates": [381034.52, 3374507.97]}, "properties": {"cell_id": 341, "max_wse_m": 4053.38}}, {"type": "Feature", "geometry": {"type": "Point", "coordinates": [381074.52, 3374507.97]}, "properties": {"cell_id": 342, "max_wse_m": 4050.39}}, {"type": "Feature", "geometry": {"type": "Point", "coordinates": [381114.52, 3374507.97]}, "properties": {"cell_id": 343, "max_wse_m": 4056.13}}, {"type": "Feature", "geometry": {"type": "Point", "coordinates": [381154.52, 3374507.97]}, "properties": {"cell_id": 344, "max_wse_m": 4054.19}}, {"type": "Feature", "geometry": {"type": "Point", "coordinates": [370034.52, 3374467.97]}, "properties": {"cell_id": 345, "max_wse_m": 2073.6}}, {"type": "Feature", "geometry": {"type": "Point", "coordinates": [370074.52, 3374467.97]}, "properties": {"cell_id": 346, "max_wse_m": 2085.49}}, {"type": "Feature", "geometry": {"type": "Point", "coordinates": [370114.52, 3374467.97]}, "properties": {"cell_id": 347, "max_wse_m": 2096.0}}, {"type": "Feature", "geometry": {"type": "Point", "coordinates": [370154.52, 3374467.97]}, "properties": {"cell_id": 348, "max_wse_m": 2112.6}}, {"type": "Feature", "geometry": {"type": "Point", "coordinates": [370194.52, 3374467.97]}, "properties": {"cell_id": 349, "max_wse_m": 2129.67}}, {"type": "Feature", "geometry": {"type": "Point", "coordinates": [370234.52, 3374467.97]}, "properties": {"cell_id": 350, "max_wse_m": 2117.42}}, {"type": "Feature", "geometry": {"type": "Point", "coordinates": [370274.52, 3374467.97]}, "properties": {"cell_id": 351, "max_wse_m": 2118.73}}, {"type": "Feature", "geometry": {"type": "Point", "coordinates": [370834.52, 3374467.97]}, "properties": {"cell_id": 352, "max_wse_m": 2407.55}}, {"type": "Feature", "geometry": {"type": "Point", "coordinates": [370874.52, 3374467.97]}, "properties": {"cell_id": 353, "max_wse_m": 2435.18}}, {"type": "Feature", "geometry": {"type": "Point", "coordinates": [370914.52, 3374467.97]}, "properties": {"cell_id": 354, "max_wse_m": 2453.95}}, {"type": "Feature", "geometry": {"type": "Point", "coordinates": [370954.52, 3374467.97]}, "properties": {"cell_id": 355, "max_wse_m": 2461.38}}, {"type": "Feature", "geometry": {"type": "Point", "coordinates": [370994.52, 3374467.97]}, "properties": {"cell_id": 356, "max_wse_m": 2476.42}}, {"type": "Feature", "geometry": {"type": "Point", "coordinates": [371034.52, 3374467.97]}, "properties": {"cell_id": 357, "max_wse_m": 2519.81}}, {"type": "Feature", "geometry": {"type": "Point", "coordinates": [371074.52, 3374467.97]}, "properties": {"cell_id": 358, "max_wse_m": 2547.63}}, {"type": "Feature", "geometry": {"type": "Point", "coordinates": [371114.52, 3374467.97]}, "properties": {"cell_id": 359, "max_wse_m": 2562.69}}, {"type": "Feature", "geometry": {"type": "Point", "coordinates": [371154.52, 3374467.97]}, "properties": {"cell_id": 360, "max_wse_m": 2572.2}}, {"type": "Feature", "geometry": {"type": "Point", "coordinates": [371194.52, 3374467.97]}, "properties": {"cell_id": 361, "max_wse_m": 2543.52}}, {"type": "Feature", "geometry": {"type": "Point", "coordinates": [371234.52, 3374467.97]}, "properties": {"cell_id": 362, "max_wse_m": 2526.43}}, {"type": "Feature", "geometry": {"type": "Point", "coordinates": [371274.52, 3374467.97]}, "properties": {"cell_id": 363, "max_wse_m": 2517.09}}, {"type": "Feature", "geometry": {"type": "Point", "coordinates": [371314.52, 3374467.97]}, "properties": {"cell_id": 364, "max_wse_m": 2509.14}}, {"type": "Feature", "geometry": {"type": "Point", "coordinates": [371354.52, 3374467.97]}, "properties": {"cell_id": 365, "max_wse_m": 2509.82}}, {"type": "Feature", "geometry": {"type": "Point", "coordinates": [371394.52, 3374467.97]}, "properties": {"cell_id": 366, "max_wse_m": 2504.06}}, {"type": "Feature", "geometry": {"type": "Point", "coordinates": [371434.52, 3374467.97]}, "properties": {"cell_id": 367, "max_wse_m": 2508.97}}, {"type": "Feature", "geometry": {"type": "Point", "coordinates": [371474.52, 3374467.97]}, "properties": {"cell_id": 368, "max_wse_m": 2528.05}}, {"type": "Feature", "geometry": {"type": "Point", "coordinates": [371514.52, 3374467.97]}, "properties": {"cell_id": 369, "max_wse_m": 2513.44}}, {"type": "Feature", "geometry": {"type": "Point", "coordinates": [371554.52, 3374467.97]}, "properties": {"cell_id": 370, "max_wse_m": 2512.04}}, {"type": "Feature", "geometry": {"type": "Point", "coordinates": [371594.52, 3374467.97]}, "properties": {"cell_id": 371, "max_wse_m": 2488.76}}, {"type": "Feature", "geometry": {"type": "Point", "coordinates": [371634.52, 3374467.97]}, "properties": {"cell_id": 372, "max_wse_m": 2470.27}}, {"type": "Feature", "geometry": {"type": "Point", "coordinates": [371674.52, 3374467.97]}, "properties": {"cell_id": 373, "max_wse_m": 2453.69}}, {"type": "Feature", "geometry": {"type": "Point", "coordinates": [371714.52, 3374467.97]}, "properties": {"cell_id": 374, "max_wse_m": 2434.13}}, {"type": "Feature", "geometry": {"type": "Point", "coordinates": [371754.52, 3374467.97]}, "properties": {"cell_id": 375, "max_wse_m": 2434.58}}, {"type": "Feature", "geometry": {"type": "Point", "coordinates": [371794.52, 3374467.97]}, "properties": {"cell_id": 376, "max_wse_m": 2441.51}}, {"type": "Feature", "geometry": {"type": "Point", "coordinates": [371834.52, 3374467.97]}, "properties": {"cell_id": 377, "max_wse_m": 2443.81}}, {"type": "Feature", "geometry": {"type": "Point", "coordinates": [371874.52, 3374467.97]}, "properties": {"cell_id": 378, "max_wse_m": 2447.87}}, {"type": "Feature", "geometry": {"type": "Point", "coordinates": [371914.52, 3374467.97]}, "properties": {"cell_id": 379, "max_wse_m": 2442.17}}, {"type": "Feature", "geometry": {"type": "Point", "coordinates": [371954.52, 3374467.97]}, "properties": {"cell_id": 380, "max_wse_m": 2443.77}}, {"type": "Feature", "geometry": {"type": "Point", "coordinates": [371994.52, 3374467.97]}, "properties": {"cell_id": 381, "max_wse_m": 2435.29}}, {"type": "Feature", "geometry": {"type": "Point", "coordinates": [372034.52, 3374467.97]}, "properties": {"cell_id": 382, "max_wse_m": 2427.92}}, {"type": "Feature", "geometry": {"type": "Point", "coordinates": [372074.52, 3374467.97]}, "properties": {"cell_id": 383, "max_wse_m": 2399.03}}, {"type": "Feature", "geometry": {"type": "Point", "coordinates": [372114.52, 3374467.97]}, "properties": {"cell_id": 384, "max_wse_m": 2368.85}}, {"type": "Feature", "geometry": {"type": "Point", "coordinates": [372154.52, 3374467.97]}, "properties": {"cell_id": 385, "max_wse_m": 2341.4}}, {"type": "Feature", "geometry": {"type": "Point", "coordinates": [372194.52, 3374467.97]}, "properties": {"cell_id": 386, "max_wse_m": 2315.4}}, {"type": "Feature", "geometry": {"type": "Point", "coordinates": [379394.52, 3374467.97]}, "properties": {"cell_id": 387, "max_wse_m": 3247.51}}, {"type": "Feature", "geometry": {"type": "Point", "coordinates": [379434.52, 3374467.97]}, "properties": {"cell_id": 388, "max_wse_m": 3293.8}}, {"type": "Feature", "geometry": {"type": "Point", "coordinates": [379474.52, 3374467.97]}, "properties": {"cell_id": 389, "max_wse_m": 3328.18}}, {"type": "Feature", "geometry": {"type": "Point", "coordinates": [379514.52, 3374467.97]}, "properties": {"cell_id": 390, "max_wse_m": 3372.24}}, {"type": "Feature", "geometry": {"type": "Point", "coordinates": [379554.52, 3374467.97]}, "properties": {"cell_id": 391, "max_wse_m": 3448.17}}, {"type": "Feature", "geometry": {"type": "Point", "coordinates": [379594.52, 3374467.97]}, "properties": {"cell_id": 392, "max_wse_m": 3486.97}}, {"type": "Feature", "geometry": {"type": "Point", "coordinates": [379634.52, 3374467.97]}, "properties": {"cell_id": 393, "max_wse_m": 3496.39}}, {"type": "Feature", "geometry": {"type": "Point", "coordinates": [379674.52, 3374467.97]}, "properties": {"cell_id": 394, "max_wse_m": 3502.99}}, {"type": "Feature", "geometry": {"type": "Point", "coordinates": [379714.52, 3374467.97]}, "properties": {"cell_id": 395, "max_wse_m": 3507.06}}, {"type": "Feature", "geometry": {"type": "Point", "coordinates": [379754.52, 3374467.97]}, "properties": {"cell_id": 396, "max_wse_m": 3548.21}}, {"type": "Feature", "geometry": {"type": "Point", "coordinates": [379794.52, 3374467.97]}, "properties": {"cell_id": 397, "max_wse_m": 3580.56}}, {"type": "Feature", "geometry": {"type": "Point", "coordinates": [379834.52, 3374467.97]}, "properties": {"cell_id": 398, "max_wse_m": 3597.69}}, {"type": "Feature", "geometry": {"type": "Point", "coordinates": [379874.52, 3374467.97]}, "properties": {"cell_id": 399, "max_wse_m": 3619.52}}, {"type": "Feature", "geometry": {"type": "Point", "coordinates": [379914.52, 3374467.97]}, "properties": {"cell_id": 400, "max_wse_m": 3669.27}}, {"type": "Feature", "geometry": {"type": "Point", "coordinates": [379954.52, 3374467.97]}, "properties": {"cell_id": 401, "max_wse_m": 3674.51}}, {"type": "Feature", "geometry": {"type": "Point", "coordinates": [379994.52, 3374467.97]}, "properties": {"cell_id": 402, "max_wse_m": 3701.28}}, {"type": "Feature", "geometry": {"type": "Point", "coordinates": [380034.52, 3374467.97]}, "properties": {"cell_id": 403, "max_wse_m": 3735.09}}, {"type": "Feature", "geometry": {"type": "Point", "coordinates": [380074.52, 3374467.97]}, "properties": {"cell_id": 404, "max_wse_m": 3745.56}}, {"type": "Feature", "geometry": {"type": "Point", "coordinates": [380114.52, 3374467.97]}, "properties": {"cell_id": 405, "max_wse_m": 3771.48}}, {"type": "Feature", "geometry": {"type": "Point", "coordinates": [380154.52, 3374467.97]}, "properties": {"cell_id": 406, "max_wse_m": 3773.92}}, {"type": "Feature", "geometry": {"type": "Point", "coordinates": [380194.52, 3374467.97]}, "properties": {"cell_id": 407, "max_wse_m": 3775.25}}, {"type": "Feature", "geometry": {"type": "Point", "coordinates": [380234.52, 3374467.97]}, "properties": {"cell_id": 408, "max_wse_m": 3769.54}}, {"type": "Feature", "geometry": {"type": "Point", "coordinates": [380274.52, 3374467.97]}, "properties": {"cell_id": 409, "max_wse_m": 3757.94}}, {"type": "Feature", "geometry": {"type": "Point", "coordinates": [380314.52, 3374467.97]}, "properties": {"cell_id": 410, "max_wse_m": 3751.2}}, {"type": "Feature", "geometry": {"type": "Point", "coordinates": [380354.52, 3374467.97]}, "properties": {"cell_id": 411, "max_wse_m": 3744.96}}, {"type": "Feature", "geometry": {"type": "Point", "coordinates": [380394.52, 3374467.97]}, "properties": {"cell_id": 412, "max_wse_m": 3744.51}}, {"type": "Feature", "geometry": {"type": "Point", "coordinates": [380434.52, 3374467.97]}, "properties": {"cell_id": 413, "max_wse_m": 3744.19}}, {"type": "Feature", "geometry": {"type": "Point", "coordinates": [380474.52, 3374467.97]}, "properties": {"cell_id": 414, "max_wse_m": 3754.86}}, {"type": "Feature", "geometry": {"type": "Point", "coordinates": [380514.52, 3374467.97]}, "properties": {"cell_id": 415, "max_wse_m": 3759.96}}, {"type": "Feature", "geometry": {"type": "Point", "coordinates": [380554.52, 3374467.97]}, "properties": {"cell_id": 416, "max_wse_m": 3768.96}}, {"type": "Feature", "geometry": {"type": "Point", "coordinates": [380594.52, 3374467.97]}, "properties": {"cell_id": 417, "max_wse_m": 3768.95}}, {"type": "Feature", "geometry": {"type": "Point", "coordinates": [380634.52, 3374467.97]}, "properties": {"cell_id": 418, "max_wse_m": 3771.76}}, {"type": "Feature", "geometry": {"type": "Point", "coordinates": [380674.52, 3374467.97]}, "properties": {"cell_id": 419, "max_wse_m": 3799.56}}, {"type": "Feature", "geometry": {"type": "Point", "coordinates": [380714.52, 3374467.97]}, "properties": {"cell_id": 420, "max_wse_m": 3829.03}}, {"type": "Feature", "geometry": {"type": "Point", "coordinates": [380754.52, 3374467.97]}, "properties": {"cell_id": 421, "max_wse_m": 3853.37}}, {"type": "Feature", "geometry": {"type": "Point", "coordinates": [380794.52, 3374467.97]}, "properties": {"cell_id": 422, "max_wse_m": 3871.36}}, {"type": "Feature", "geometry": {"type": "Point", "coordinates": [380834.52, 3374467.97]}, "properties": {"cell_id": 423, "max_wse_m": 3898.18}}, {"type": "Feature", "geometry": {"type": "Point", "coordinates": [380874.52, 3374467.97]}, "properties": {"cell_id": 424, "max_wse_m": 3934.12}}, {"type": "Feature", "geometry": {"type": "Point", "coordinates": [380914.52, 3374467.97]}, "properties": {"cell_id": 425, "max_wse_m": 3978.06}}, {"type": "Feature", "geometry": {"type": "Point", "coordinates": [380954.52, 3374467.97]}, "properties": {"cell_id": 426, "max_wse_m": 4011.24}}, {"type": "Feature", "geometry": {"type": "Point", "coordinates": [380994.52, 3374467.97]}, "properties": {"cell_id": 427, "max_wse_m": 4043.13}}, {"type": "Feature", "geometry": {"type": "Point", "coordinates": [381034.52, 3374467.97]}, "properties": {"cell_id": 428, "max_wse_m": 4073.66}}, {"type": "Feature", "geometry": {"type": "Point", "coordinates": [381074.52, 3374467.97]}, "properties": {"cell_id": 429, "max_wse_m": 4084.8}}, {"type": "Feature", "geometry": {"type": "Point", "coordinates": [381114.52, 3374467.97]}, "properties": {"cell_id": 430, "max_wse_m": 4083.24}}, {"type": "Feature", "geometry": {"type": "Point", "coordinates": [381154.52, 3374467.97]}, "properties": {"cell_id": 431, "max_wse_m": 4069.63}}, {"type": "Feature", "geometry": {"type": "Point", "coordinates": [381194.52, 3374467.97]}, "properties": {"cell_id": 432, "max_wse_m": 4056.1}}, {"type": "Feature", "geometry": {"type": "Point", "coordinates": [381234.52, 3374467.97]}, "properties": {"cell_id": 433, "max_wse_m": 4070.43}}, {"type": "Feature", "geometry": {"type": "Point", "coordinates": [370034.52, 3374427.97]}, "properties": {"cell_id": 434, "max_wse_m": 2002.28}}, {"type": "Feature", "geometry": {"type": "Point", "coordinates": [370074.52, 3374427.97]}, "properties": {"cell_id": 435, "max_wse_m": 2013.71}}, {"type": "Feature", "geometry": {"type": "Point", "coordinates": [370114.52, 3374427.97]}, "properties": {"cell_id": 436, "max_wse_m": 2039.83}}, {"type": "Feature", "geometry": {"type": "Point", "coordinates": [370154.52, 3374427.97]}, "properties": {"cell_id": 437, "max_wse_m": 2055.96}}, {"type": "Feature", "geometry": {"type": "Point", "coordinates": [370194.52, 3374427.97]}, "properties": {"cell_id": 438, "max_wse_m": 2074.64}}, {"type": "Feature", "geometry": {"type": "Point", "coordinates": [370234.52, 3374427.97]}, "properties": {"cell_id": 439, "max_wse_m": 2077.98}}, {"type": "Feature", "geometry": {"type": "Point", "coordinates": [370274.52, 3374427.97]}, "properties": {"cell_id": 440, "max_wse_m": 2087.96}}, {"type": "Feature", "geometry": {"type": "Point", "coordinates": [370314.52, 3374427.97]}, "properties": {"cell_id": 441, "max_wse_m": 2108.2}}, {"type": "Feature", "geometry": {"type": "Point", "coordinates": [370354.52, 3374427.97]}, "properties": {"cell_id": 442, "max_wse_m": 2123.3}}, {"type": "Feature", "geometry": {"type": "Point", "coordinates": [370394.52, 3374427.97]}, "properties": {"cell_id": 443, "max_wse_m": 2138.36}}, {"type": "Feature", "geometry": {"type": "Point", "coordinates": [370434.52, 3374427.97]}, "properties": {"cell_id": 444, "max_wse_m": 2172.5}}, {"type": "Feature", "geometry": {"type": "Point", "coordinates": [370474.52, 3374427.97]}, "properties": {"cell_id": 445, "max_wse_m": 2220.95}}, {"type": "Feature", "geometry": {"type": "Point", "coordinates": [370514.52, 3374427.97]}, "properties": {"cell_id": 446, "max_wse_m": 2225.4}}, {"type": "Feature", "geometry": {"type": "Point", "coordinates": [370554.52, 3374427.97]}, "properties": {"cell_id": 447, "max_wse_m": 2240.04}}, {"type": "Feature", "geometry": {"type": "Point", "coordinates": [370594.52, 3374427.97]}, "properties": {"cell_id": 448, "max_wse_m": 2270.9}}, {"type": "Feature", "geometry": {"type": "Point", "coordinates": [370754.52, 3374427.97]}, "properties": {"cell_id": 449, "max_wse_m": 2348.01}}, {"type": "Feature", "geometry": {"type": "Point", "coordinates": [370794.52, 3374427.97]}, "properties": {"cell_id": 450, "max_wse_m": 2374.79}}, {"type": "Feature", "geometry": {"type": "Point", "coordinates": [370834.52, 3374427.97]}, "properties": {"cell_id": 451, "max_wse_m": 2397.13}}, {"type": "Feature", "geometry": {"type": "Point", "coordinates": [370874.52, 3374427.97]}, "properties": {"cell_id": 452, "max_wse_m": 2398.93}}, {"type": "Feature", "geometry": {"type": "Point", "coordinates": [370914.52, 3374427.97]}, "properties": {"cell_id": 453, "max_wse_m": 2391.41}}, {"type": "Feature", "geometry": {"type": "Point", "coordinates": [370954.52, 3374427.97]}, "properties": {"cell_id": 454, "max_wse_m": 2394.84}}, {"type": "Feature", "geometry": {"type": "Point", "coordinates": [370994.52, 3374427.97]}, "properties": {"cell_id": 455, "max_wse_m": 2400.36}}, {"type": "Feature", "geometry": {"type": "Point", "coordinates": [371034.52, 3374427.97]}, "properties": {"cell_id": 456, "max_wse_m": 2425.53}}, {"type": "Feature", "geometry": {"type": "Point", "coordinates": [371074.52, 3374427.97]}, "properties": {"cell_id": 457, "max_wse_m": 2471.87}}, {"type": "Feature", "geometry": {"type": "Point", "coordinates": [371114.52, 3374427.97]}, "properties": {"cell_id": 458, "max_wse_m": 2520.22}}, {"type": "Feature", "geometry": {"type": "Point", "coordinates": [371154.52, 3374427.97]}, "properties": {"cell_id": 459, "max_wse_m": 2536.73}}, {"type": "Feature", "geometry": {"type": "Point", "coordinates": [371194.52, 3374427.97]}, "properties": {"cell_id": 460, "max_wse_m": 2519.85}}, {"type": "Feature", "geometry": {"type": "Point", "coordinates": [371234.52, 3374427.97]}, "properties": {"cell_id": 461, "max_wse_m": 2498.72}}, {"type": "Feature", "geometry": {"type": "Point", "coordinates": [371274.52, 3374427.97]}, "properties": {"cell_id": 462, "max_wse_m": 2489.26}}, {"type": "Feature", "geometry": {"type": "Point", "coordinates": [371314.52, 3374427.97]}, "properties": {"cell_id": 463, "max_wse_m": 2479.42}}, {"type": "Feature", "geometry": {"type": "Point", "coordinates": [371354.52, 3374427.97]}, "properties": {"cell_id": 464, "max_wse_m": 2480.35}}, {"type": "Feature", "geometry": {"type": "Point", "coordinates": [371394.52, 3374427.97]}, "properties": {"cell_id": 465, "max_wse_m": 2469.27}}, {"type": "Feature", "geometry": {"type": "Point", "coordinates": [371434.52, 3374427.97]}, "properties": {"cell_id": 466, "max_wse_m": 2469.75}}, {"type": "Feature", "geometry": {"type": "Point", "coordinates": [371474.52, 3374427.97]}, "properties": {"cell_id": 467, "max_wse_m": 2493.16}}, {"type": "Feature", "geometry": {"type": "Point", "coordinates": [371514.52, 3374427.97]}, "properties": {"cell_id": 468, "max_wse_m": 2478.45}}, {"type": "Feature", "geometry": {"type": "Point", "coordinates": [371554.52, 3374427.97]}, "properties": {"cell_id": 469, "max_wse_m": 2478.56}}, {"type": "Feature", "geometry": {"type": "Point", "coordinates": [371594.52, 3374427.97]}, "properties": {"cell_id": 470, "max_wse_m": 2463.09}}, {"type": "Feature", "geometry": {"type": "Point", "coordinates": [371634.52, 3374427.97]}, "properties": {"cell_id": 471, "max_wse_m": 2446.13}}, {"type": "Feature", "geometry": {"type": "Point", "coordinates": [371674.52, 3374427.97]}, "properties": {"cell_id": 472, "max_wse_m": 2425.75}}, {"type": "Feature", "geometry": {"type": "Point", "coordinates": [371714.52, 3374427.97]}, "properties": {"cell_id": 473, "max_wse_m": 2408.93}}, {"type": "Feature", "geometry": {"type": "Point", "coordinates": [371754.52, 3374427.97]}, "properties": {"cell_id": 474, "max_wse_m": 2404.93}}, {"type": "Feature", "geometry": {"type": "Point", "coordinates": [371794.52, 3374427.97]}, "properties": {"cell_id": 475, "max_wse_m": 2402.23}}, {"type": "Feature", "geometry": {"type": "Point", "coordinates": [371834.52, 3374427.97]}, "properties": {"cell_id": 476, "max_wse_m": 2411.19}}, {"type": "Feature", "geometry": {"type": "Point", "coordinates": [371874.52, 3374427.97]}, "properties": {"cell_id": 477, "max_wse_m": 2402.16}}, {"type": "Feature", "geometry": {"type": "Point", "coordinates": [371914.52, 3374427.97]}, "properties": {"cell_id": 478, "max_wse_m": 2399.59}}, {"type": "Feature", "geometry": {"type": "Point", "coordinates": [371954.52, 3374427.97]}, "properties": {"cell_id": 479, "max_wse_m": 2402.27}}, {"type": "Feature", "geometry": {"type": "Point", "coordinates": [371994.52, 3374427.97]}, "properties": {"cell_id": 480, "max_wse_m": 2401.21}}, {"type": "Feature", "geometry": {"type": "Point", "coordinates": [372034.52, 3374427.97]}, "properties": {"cell_id": 481, "max_wse_m": 2398.33}}, {"type": "Feature", "geometry": {"type": "Point", "coordinates": [372074.52, 3374427.97]}, "properties": {"cell_id": 482, "max_wse_m": 2379.09}}, {"type": "Feature", "geometry": {"type": "Point", "coordinates": [372114.52, 3374427.97]}, "properties": {"cell_id": 483, "max_wse_m": 2352.51}}, {"type": "Feature", "geometry": {"type": "Point", "coordinates": [372154.52, 3374427.97]}, "properties": {"cell_id": 484, "max_wse_m": 2330.85}}, {"type": "Feature", "geometry": {"type": "Point", "coordinates": [372194.52, 3374427.97]}, "properties": {"cell_id": 485, "max_wse_m": 2296.38}}, {"type": "Feature", "geometry": {"type": "Point", "coordinates": [372234.52, 3374427.97]}, "properties": {"cell_id": 486, "max_wse_m": 2276.58}}, {"type": "Feature", "geometry": {"type": "Point", "coordinates": [372274.52, 3374427.97]}, "properties": {"cell_id": 487, "max_wse_m": 2269.68}}, {"type": "Feature", "geometry": {"type": "Point", "coordinates": [372314.52, 3374427.97]}, "properties": {"cell_id": 488, "max_wse_m": 2274.21}}, {"type": "Feature", "geometry": {"type": "Point", "coordinates": [379354.52, 3374427.97]}, "properties": {"cell_id": 489, "max_wse_m": 3226.25}}, {"type": "Feature", "geometry": {"type": "Point", "coordinates": [379394.52, 3374427.97]}, "properties": {"cell_id": 490, "max_wse_m": 3270.87}}, {"type": "Feature", "geometry": {"type": "Point", "coordinates": [379434.52, 3374427.97]}, "properties": {"cell_id": 491, "max_wse_m": 3295.54}}, {"type": "Feature", "geometry": {"type": "Point", "coordinates": [379474.52, 3374427.97]}, "properties": {"cell_id": 492, "max_wse_m": 3328.76}}, {"type": "Feature", "geometry": {"type": "Point", "coordinates": [379514.52, 3374427.97]}, "properties": {"cell_id": 493, "max_wse_m": 3388.26}}, {"type": "Feature", "geometry": {"type": "Point", "coordinates": [379554.52, 3374427.97]}, "properties": {"cell_id": 494, "max_wse_m": 3445.38}}, {"type": "Feature", "geometry": {"type": "Point", "coordinates": [379594.52, 3374427.97]}, "properties": {"cell_id": 495, "max_wse_m": 3465.32}}, {"type": "Feature", "geometry": {"type": "Point", "coordinates": [379634.52, 3374427.97]}, "properties": {"cell_id": 496, "max_wse_m": 3465.33}}, {"type": "Feature", "geometry": {"type": "Point", "coordinates": [379674.52, 3374427.97]}, "properties": {"cell_id": 497, "max_wse_m": 3470.73}}, {"type": "Feature", "geometry": {"type": "Point", "coordinates": [379714.52, 3374427.97]}, "properties": {"cell_id": 498, "max_wse_m": 3499.31}}, {"type": "Feature", "geometry": {"type": "Point", "coordinates": [379754.52, 3374427.97]}, "properties": {"cell_id": 499, "max_wse_m": 3552.73}}, {"type": "Feature", "geometry": {"type": "Point", "coordinates": [379794.52, 3374427.97]}, "properties": {"cell_id": 500, "max_wse_m": 3566.99}}, {"type": "Feature", "geometry": {"type": "Point", "coordinates": [379834.52, 3374427.97]}, "properties": {"cell_id": 501, "max_wse_m": 3579.14}}, {"type": "Feature", "geometry": {"type": "Point", "coordinates": [379874.52, 3374427.97]}, "properties": {"cell_id": 502, "max_wse_m": 3616.67}}, {"type": "Feature", "geometry": {"type": "Point", "coordinates": [379914.52, 3374427.97]}, "properties": {"cell_id": 503, "max_wse_m": 3638.61}}, {"type": "Feature", "geometry": {"type": "Point", "coordinates": [379954.52, 3374427.97]}, "properties": {"cell_id": 504, "max_wse_m": 3646.66}}, {"type": "Feature", "geometry": {"type": "Point", "coordinates": [379994.52, 3374427.97]}, "properties": {"cell_id": 505, "max_wse_m": 3681.49}}, {"type": "Feature", "geometry": {"type": "Point", "coordinates": [380034.52, 3374427.97]}, "properties": {"cell_id": 506, "max_wse_m": 3707.19}}, {"type": "Feature", "geometry": {"type": "Point", "coordinates": [380074.52, 3374427.97]}, "properties": {"cell_id": 507, "max_wse_m": 3734.84}}, {"type": "Feature", "geometry": {"type": "Point", "coordinates": [380114.52, 3374427.97]}, "properties": {"cell_id": 508, "max_wse_m": 3740.8}}, {"type": "Feature", "geometry": {"type": "Point", "coordinates": [380154.52, 3374427.97]}, "properties": {"cell_id": 509, "max_wse_m": 3748.83}}, {"type": "Feature", "geometry": {"type": "Point", "coordinates": [380194.52, 3374427.97]}, "properties": {"cell_id": 510, "max_wse_m": 3779.27}}, {"type": "Feature", "geometry": {"type": "Point", "coordinates": [380234.52, 3374427.97]}, "properties": {"cell_id": 511, "max_wse_m": 3777.52}}, {"type": "Feature", "geometry": {"type": "Point", "coordinates": [380274.52, 3374427.97]}, "properties": {"cell_id": 512, "max_wse_m": 3775.1}}, {"type": "Feature", "geometry": {"type": "Point", "coordinates": [380314.52, 3374427.97]}, "properties": {"cell_id": 513, "max_wse_m": 3763.32}}, {"type": "Feature", "geometry": {"type": "Point", "coordinates": [380354.52, 3374427.97]}, "properties": {"cell_id": 514, "max_wse_m": 3761.0}}, {"type": "Feature", "geometry": {"type": "Point", "coordinates": [380394.52, 3374427.97]}, "properties": {"cell_id": 515, "max_wse_m": 3766.41}}, {"type": "Feature", "geometry": {"type": "Point", "coordinates": [380434.52, 3374427.97]}, "properties": {"cell_id": 516, "max_wse_m": 3767.4}}, {"type": "Feature", "geometry": {"type": "Point", "coordinates": [380474.52, 3374427.97]}, "properties": {"cell_id": 517, "max_wse_m": 3772.69}}, {"type": "Feature", "geometry": {"type": "Point", "coordinates": [380514.52, 3374427.97]}, "properties": {"cell_id": 518, "max_wse_m": 3778.61}}, {"type": "Feature", "geometry": {"type": "Point", "coordinates": [380554.52, 3374427.97]}, "properties": {"cell_id": 519, "max_wse_m": 3783.95}}, {"type": "Feature", "geometry": {"type": "Point", "coordinates": [380594.52, 3374427.97]}, "properties": {"cell_id": 520, "max_wse_m": 3795.53}}, {"type": "Feature", "geometry": {"type": "Point", "coordinates": [380634.52, 3374427.97]}, "properties": {"cell_id": 521, "max_wse_m": 3796.69}}, {"type": "Feature", "geometry": {"type": "Point", "coordinates": [380674.52, 3374427.97]}, "properties": {"cell_id": 522, "max_wse_m": 3815.21}}, {"type": "Feature", "geometry": {"type": "Point", "coordinates": [380714.52, 3374427.97]}, "properties": {"cell_id": 523, "max_wse_m": 3833.27}}, {"type": "Feature", "geometry": {"type": "Point", "coordinates": [380754.52, 3374427.97]}, "properties": {"cell_id": 524, "max_wse_m": 3862.22}}, {"type": "Feature", "geometry": {"type": "Point", "coordinates": [380794.52, 3374427.97]}, "properties": {"cell_id": 525, "max_wse_m": 3889.8}}, {"type": "Feature", "geometry": {"type": "Point", "coordinates": [380834.52, 3374427.97]}, "properties": {"cell_id": 526, "max_wse_m": 3913.81}}, {"type": "Feature", "geometry": {"type": "Point", "coordinates": [380874.52, 3374427.97]}, "properties": {"cell_id": 527, "max_wse_m": 3942.06}}, {"type": "Feature", "geometry": {"type": "Point", "coordinates": [380914.52, 3374427.97]}, "properties": {"cell_id": 528, "max_wse_m": 3975.09}}, {"type": "Feature", "geometry": {"type": "Point", "coordinates": [380954.52, 3374427.97]}, "properties": {"cell_id": 529, "max_wse_m": 4005.04}}, {"type": "Feature", "geometry": {"type": "Point", "coordinates": [380994.52, 3374427.97]}, "properties": {"cell_id": 530, "max_wse_m": 4032.46}}, {"type": "Feature", "geometry": {"type": "Point", "coordinates": [381034.52, 3374427.97]}, "properties": {"cell_id": 531, "max_wse_m": 4064.07}}, {"type": "Feature", "geometry": {"type": "Point", "coordinates": [381074.52, 3374427.97]}, "properties": {"cell_id": 532, "max_wse_m": 4095.07}}, {"type": "Feature", "geometry": {"type": "Point", "coordinates": [381114.52, 3374427.97]}, "properties": {"cell_id": 533, "max_wse_m": 4106.77}}, {"type": "Feature", "geometry": {"type": "Point", "coordinates": [381154.52, 3374427.97]}, "properties": {"cell_id": 534, "max_wse_m": 4093.42}}, {"type": "Feature", "geometry": {"type": "Point", "coordinates": [381194.52, 3374427.97]}, "properties": {"cell_id": 535, "max_wse_m": 4092.49}}, {"type": "Feature", "geometry": {"type": "Point", "coordinates": [381234.52, 3374427.97]}, "properties": {"cell_id": 536, "max_wse_m": 4104.93}}, {"type": "Feature", "geometry": {"type": "Point", "coordinates": [381274.52, 3374427.97]}, "properties": {"cell_id": 537, "max_wse_m": 4100.37}}, {"type": "Feature", "geometry": {"type": "Point", "coordinates": [381314.52, 3374427.97]}, "properties": {"cell_id": 538, "max_wse_m": 4116.91}}, {"type": "Feature", "geometry": {"type": "Point", "coordinates": [370034.52, 3374387.97]}, "properties": {"cell_id": 539, "max_wse_m": 1939.96}}, {"type": "Feature", "geometry": {"type": "Point", "coordinates": [370074.52, 3374387.97]}, "properties": {"cell_id": 540, "max_wse_m": 1976.77}}, {"type": "Feature", "geometry": {"type": "Point", "coordinates": [370114.52, 3374387.97]}, "properties": {"cell_id": 541, "max_wse_m": 1994.98}}, {"type": "Feature", "geometry": {"type": "Point", "coordinates": [370154.52, 3374387.97]}, "properties": {"cell_id": 542, "max_wse_m": 2014.4}}, {"type": "Feature", "geometry": {"type": "Point", "coordinates": [370194.52, 3374387.97]}, "properties": {"cell_id": 543, "max_wse_m": 2026.01}}, {"type": "Feature", "geometry": {"type": "Point", "coordinates": [370234.52, 3374387.97]}, "properties": {"cell_id": 544, "max_wse_m": 2042.79}}, {"type": "Feature", "geometry": {"type": "Point", "coordinates": [370274.52, 3374387.97]}, "properties": {"cell_id": 545, "max_wse_m": 2064.28}}, {"type": "Feature", "geometry": {"type": "Point", "coordinates": [370314.52, 3374387.97]}, "properties": {"cell_id": 546, "max_wse_m": 2088.18}}, {"type": "Feature", "geometry": {"type": "Point", "coordinates": [370354.52, 3374387.97]}, "properties": {"cell_id": 547, "max_wse_m": 2095.73}}, {"type": "Feature", "geometry": {"type": "Point", "coordinates": [370394.52, 3374387.97]}, "properties": {"cell_id": 548, "max_wse_m": 2107.47}}, {"type": "Feature", "geometry": {"type": "Point", "coordinates": [370434.52, 3374387.97]}, "properties": {"cell_id": 549, "max_wse_m": 2145.91}}, {"type": "Feature", "geometry": {"type": "Point", "coordinates": [370474.52, 3374387.97]}, "properties": {"cell_id": 550, "max_wse_m": 2175.08}}, {"type": "Feature", "geometry": {"type": "Point", "coordinates": [370514.52, 3374387.97]}, "properties": {"cell_id": 551, "max_wse_m": 2182.3}}, {"type": "Feature", "geometry": {"type": "Point", "coordinates": [370554.52, 3374387.97]}, "properties": {"cell_id": 552, "max_wse_m": 2190.44}}, {"type": "Feature", "geometry": {"type": "Point", "coordinates": [370594.52, 3374387.97]}, "properties": {"cell_id": 553, "max_wse_m": 2224.37}}, {"type": "Feature", "geometry": {"type": "Point", "coordinates": [370634.52, 3374387.97]}, "properties": {"cell_id": 554, "max_wse_m": 2253.27}}, {"type": "Feature", "geometry": {"type": "Point", "coordinates": [370674.52, 3374387.97]}, "properties": {"cell_id": 555, "max_wse_m": 2263.43}}, {"type": "Feature", "geometry": {"type": "Point", "coordinates": [370714.52, 3374387.97]}, "properties": {"cell_id": 556, "max_wse_m": 2287.96}}, {"type": "Feature", "geometry": {"type": "Point", "coordinates": [370754.52, 3374387.97]}, "properties": {"cell_id": 557, "max_wse_m": 2318.59}}, {"type": "Feature", "geometry": {"type": "Point", "coordinates": [370794.52, 3374387.97]}, "properties": {"cell_id": 558, "max_wse_m": 2336.88}}, {"type": "Feature", "geometry": {"type": "Point", "coordinates": [370834.52, 3374387.97]}, "properties": {"cell_id": 559, "max_wse_m": 2345.03}}, {"type": "Feature", "geometry": {"type": "Point", "coordinates": [370874.52, 3374387.97]}, "properties": {"cell_id": 560, "max_wse_m": 2340.16}}, {"type": "Feature", "geometry": {"type": "Point", "coordinates": [370914.52, 3374387.97]}, "properties": {"cell_id": 561, "max_wse_m": 2334.24}}, {"type": "Feature", "geometry": {"type": "Point", "coordinates": [370954.52, 3374387.97]}, "properties": {"cell_id": 562, "max_wse_m": 2332.87}}, {"type": "Feature", "geometry": {"type": "Point", "coordinates": [370994.52, 3374387.97]}, "properties": {"cell_id": 563, "max_wse_m": 2331.13}}, {"type": "Feature", "geometry": {"type": "Point", "coordinates": [371034.52, 3374387.97]}, "properties": {"cell_id": 564, "max_wse_m": 2352.24}}, {"type": "Feature", "geometry": {"type": "Point", "coordinates": [371074.52, 3374387.97]}, "properties": {"cell_id": 565, "max_wse_m": 2410.71}}, {"type": "Feature", "geometry": {"type": "Point", "coordinates": [371114.52, 3374387.97]}, "properties": {"cell_id": 566, "max_wse_m": 2465.55}}, {"type": "Feature", "geometry": {"type": "Point", "coordinates": [371154.52, 3374387.97]}, "properties": {"cell_id": 567, "max_wse_m": 2485.59}}, {"type": "Feature", "geometry": {"type": "Point", "coordinates": [371194.52, 3374387.97]}, "properties": {"cell_id": 568, "max_wse_m": 2487.41}}, {"type": "Feature", "geometry": {"type": "Point", "coordinates": [371234.52, 3374387.97]}, "properties": {"cell_id": 569, "max_wse_m": 2475.48}}, {"type": "Feature", "geometry": {"type": "Point", "coordinates": [371274.52, 3374387.97]}, "properties": {"cell_id": 570, "max_wse_m": 2461.5}}, {"type": "Feature", "geometry": {"type": "Point", "coordinates": [371314.52, 3374387.97]}, "properties": {"cell_id": 571, "max_wse_m": 2442.5}}, {"type": "Feature", "geometry": {"type": "Point", "coordinates": [371354.52, 3374387.97]}, "properties": {"cell_id": 572, "max_wse_m": 2429.72}}, {"type": "Feature", "geometry": {"type": "Point", "coordinates": [371394.52, 3374387.97]}, "properties": {"cell_id": 573, "max_wse_m": 2427.38}}, {"type": "Feature", "geometry": {"type": "Point", "coordinates": [371434.52, 3374387.97]}, "properties": {"cell_id": 574, "max_wse_m": 2432.3}}, {"type": "Feature", "geometry": {"type": "Point", "coordinates": [371474.52, 3374387.97]}, "properties": {"cell_id": 575, "max_wse_m": 2439.5}}, {"type": "Feature", "geometry": {"type": "Point", "coordinates": [371514.52, 3374387.97]}, "properties": {"cell_id": 576, "max_wse_m": 2444.21}}, {"type": "Feature", "geometry": {"type": "Point", "coordinates": [371554.52, 3374387.97]}, "properties": {"cell_id": 577, "max_wse_m": 2445.06}}, {"type": "Feature", "geometry": {"type": "Point", "coordinates": [371594.52, 3374387.97]}, "properties": {"cell_id": 578, "max_wse_m": 2444.59}}, {"type": "Feature", "geometry": {"type": "Point", "coordinates": [371634.52, 3374387.97]}, "properties": {"cell_id": 579, "max_wse_m": 2419.88}}, {"type": "Feature", "geometry": {"type": "Point", "coordinates": [371674.52, 3374387.97]}, "properties": {"cell_id": 580, "max_wse_m": 2397.32}}, {"type": "Feature", "geometry": {"type": "Point", "coordinates": [371714.52, 3374387.97]}, "properties": {"cell_id": 581, "max_wse_m": 2387.99}}, {"type": "Feature", "geometry": {"type": "Point", "coordinates": [371754.52, 3374387.97]}, "properties": {"cell_id": 582, "max_wse_m": 2373.64}}, {"type": "Feature", "geometry": {"type": "Point", "coordinates": [371794.52, 3374387.97]}, "properties": {"cell_id": 583, "max_wse_m": 2362.73}}, {"type": "Feature", "geometry": {"type": "Point", "coordinates": [371834.52, 3374387.97]}, "properties": {"cell_id": 584, "max_wse_m": 2364.89}}, {"type": "Feature", "geometry": {"type": "Point", "coordinates": [371874.52, 3374387.97]}, "properties": {"cell_id": 585, "max_wse_m": 2358.66}}, {"type": "Feature", "geometry": {"type": "Point", "coordinates": [371914.52, 3374387.97]}, "properties": {"cell_id": 586, "max_wse_m": 2357.66}}, {"type": "Feature", "geometry": {"type": "Point", "coordinates": [371954.52, 3374387.97]}, "properties": {"cell_id": 587, "max_wse_m": 2365.44}}, {"type": "Feature", "geometry": {"type": "Point", "coordinates": [371994.52, 3374387.97]}, "properties": {"cell_id": 588, "max_wse_m": 2368.47}}, {"type": "Feature", "geometry": {"type": "Point", "coordinates": [372034.52, 3374387.97]}, "properties": {"cell_id": 589, "max_wse_m": 2357.84}}, {"type": "Feature", "geometry": {"type": "Point", "coordinates": [372074.52, 3374387.97]}, "properties": {"cell_id": 590, "max_wse_m": 2349.79}}, {"type": "Feature", "geometry": {"type": "Point", "coordinates": [372114.52, 3374387.97]}, "properties": {"cell_id": 591, "max_wse_m": 2326.1}}, {"type": "Feature", "geometry": {"type": "Point", "coordinates": [372154.52, 3374387.97]}, "properties": {"cell_id": 592, "max_wse_m": 2305.29}}, {"type": "Feature", "geometry": {"type": "Point", "coordinates": [372194.52, 3374387.97]}, "properties": {"cell_id": 593, "max_wse_m": 2275.78}}, {"type": "Feature", "geometry": {"type": "Point", "coordinates": [372234.52, 3374387.97]}, "properties": {"cell_id": 594, "max_wse_m": 2242.82}}, {"type": "Feature", "geometry": {"type": "Point", "coordinates": [372274.52, 3374387.97]}, "properties": {"cell_id": 595, "max_wse_m": 2241.48}}, {"type": "Feature", "geometry": {"type": "Point", "coordinates": [372314.52, 3374387.97]}, "properties": {"cell_id": 596, "max_wse_m": 2245.49}}, {"type": "Feature", "geometry": {"type": "Point", "coordinates": [372354.52, 3374387.97]}, "properties": {"cell_id": 597, "max_wse_m": 2264.47}}, {"type": "Feature", "geometry": {"type": "Point", "coordinates": [372394.52, 3374387.97]}, "properties": {"cell_id": 598, "max_wse_m": 2297.94}}, {"type": "Feature", "geometry": {"type": "Point", "coordinates": [372434.52, 3374387.97]}, "properties": {"cell_id": 599, "max_wse_m": 2309.01}}, {"type": "Feature", "geometry": {"type": "Point", "coordinates": [372474.52, 3374387.97]}, "properties": {"cell_id": 600, "max_wse_m": 2304.73}}, {"type": "Feature", "geometry": {"type": "Point", "coordinates": [379314.52, 3374387.97]}, "properties": {"cell_id": 601, "max_wse_m": 3169.11}}, {"type": "Feature", "geometry": {"type": "Point", "coordinates": [379354.52, 3374387.97]}, "properties": {"cell_id": 602, "max_wse_m": 3238.99}}, {"type": "Feature", "geometry": {"type": "Point", "coordinates": [379394.52, 3374387.97]}, "properties": {"cell_id": 603, "max_wse_m": 3278.18}}, {"type": "Feature", "geometry": {"type": "Point", "coordinates": [379434.52, 3374387.97]}, "properties": {"cell_id": 604, "max_wse_m": 3313.77}}, {"type": "Feature", "geometry": {"type": "Point", "coordinates": [379474.52, 3374387.97]}, "properties": {"cell_id": 605, "max_wse_m": 3342.81}}, {"type": "Feature", "geometry": {"type": "Point", "coordinates": [379514.52, 3374387.97]}, "properties": {"cell_id": 606, "max_wse_m": 3386.84}}, {"type": "Feature", "geometry": {"type": "Point", "coordinates": [379554.52, 3374387.97]}, "properties": {"cell_id": 607, "max_wse_m": 3417.9}}, {"type": "Feature", "geometry": {"type": "Point", "coordinates": [379594.52, 3374387.97]}, "properties": {"cell_id": 608, "max_wse_m": 3431.97}}, {"type": "Feature", "geometry": {"type": "Point", "coordinates": [379634.52, 3374387.97]}, "properties": {"cell_id": 609, "max_wse_m": 3432.03}}, {"type": "Feature", "geometry": {"type": "Point", "coordinates": [379674.52, 3374387.97]}, "properties": {"cell_id": 610, "max_wse_m": 3450.73}}, {"type": "Feature", "geometry": {"type": "Point", "coordinates": [379714.52, 3374387.97]}, "properties": {"cell_id": 611, "max_wse_m": 3506.82}}, {"type": "Feature", "geometry": {"type": "Point", "coordinates": [379754.52, 3374387.97]}, "properties": {"cell_id": 612, "max_wse_m": 3521.86}}, {"type": "Feature", "geometry": {"type": "Point", "coordinates": [379794.52, 3374387.97]}, "properties": {"cell_id": 613, "max_wse_m": 3525.97}}, {"type": "Feature", "geometry": {"type": "Point", "coordinates": [379834.52, 3374387.97]}, "properties": {"cell_id": 614, "max_wse_m": 3558.76}}, {"type": "Feature", "geometry": {"type": "Point", "coordinates": [379874.52, 3374387.97]}, "properties": {"cell_id": 615, "max_wse_m": 3593.64}}, {"type": "Feature", "geometry": {"type": "Point", "coordinates": [379914.52, 3374387.97]}, "properties": {"cell_id": 616, "max_wse_m": 3604.86}}, {"type": "Feature", "geometry": {"type": "Point", "coordinates": [379954.52, 3374387.97]}, "properties": {"cell_id": 617, "max_wse_m": 3626.92}}, {"type": "Feature", "geometry": {"type": "Point", "coordinates": [379994.52, 3374387.97]}, "properties": {"cell_id": 618, "max_wse_m": 3672.99}}, {"type": "Feature", "geometry": {"type": "Point", "coordinates": [380034.52, 3374387.97]}, "properties": {"cell_id": 619, "max_wse_m": 3677.0}}, {"type": "Feature", "geometry": {"type": "Point", "coordinates": [380074.52, 3374387.97]}, "properties": {"cell_id": 620, "max_wse_m": 3702.48}}, {"type": "Feature", "geometry": {"type": "Point", "coordinates": [380114.52, 3374387.97]}, "properties": {"cell_id": 621, "max_wse_m": 3707.95}}, {"type": "Feature", "geometry": {"type": "Point", "coordinates": [380154.52, 3374387.97]}, "properties": {"cell_id": 622, "max_wse_m": 3739.82}}, {"type": "Feature", "geometry": {"type": "Point", "coordinates": [380194.52, 3374387.97]}, "properties": {"cell_id": 623, "max_wse_m": 3778.85}}, {"type": "Feature", "geometry": {"type": "Point", "coordinates": [380234.52, 3374387.97]}, "properties": {"cell_id": 624, "max_wse_m": 3793.46}}, {"type": "Feature", "geometry": {"type": "Point", "coordinates": [380274.52, 3374387.97]}, "properties": {"cell_id": 625, "max_wse_m": 3790.1}}, {"type": "Feature", "geometry": {"type": "Point", "coordinates": [380314.52, 3374387.97]}, "properties": {"cell_id": 626, "max_wse_m": 3787.19}}, {"type": "Feature", "geometry": {"type": "Point", "coordinates": [380354.52, 3374387.97]}, "properties": {"cell_id": 627, "max_wse_m": 3785.46}}, {"type": "Feature", "geometry": {"type": "Point", "coordinates": [380394.52, 3374387.97]}, "properties": {"cell_id": 628, "max_wse_m": 3785.53}}, {"type": "Feature", "geometry": {"type": "Point", "coordinates": [380434.52, 3374387.97]}, "properties": {"cell_id": 629, "max_wse_m": 3787.75}}, {"type": "Feature", "geometry": {"type": "Point", "coordinates": [380474.52, 3374387.97]}, "properties": {"cell_id": 630, "max_wse_m": 3794.51}}, {"type": "Feature", "geometry": {"type": "Point", "coordinates": [380514.52, 3374387.97]}, "properties": {"cell_id": 631, "max_wse_m": 3802.96}}, {"type": "Feature", "geometry": {"type": "Point", "coordinates": [380554.52, 3374387.97]}, "properties": {"cell_id": 632, "max_wse_m": 3807.94}}, {"type": "Feature", "geometry": {"type": "Point", "coordinates": [380594.52, 3374387.97]}, "properties": {"cell_id": 633, "max_wse_m": 3818.39}}, {"type": "Feature", "geometry": {"type": "Point", "coordinates": [380634.52, 3374387.97]}, "properties": {"cell_id": 634, "max_wse_m": 3830.14}}, {"type": "Feature", "geometry": {"type": "Point", "coordinates": [380674.52, 3374387.97]}, "properties": {"cell_id": 635, "max_wse_m": 3838.21}}, {"type": "Feature", "geometry": {"type": "Point", "coordinates": [380714.52, 3374387.97]}, "properties": {"cell_id": 636, "max_wse_m": 3858.75}}, {"type": "Feature", "geometry": {"type": "Point", "coordinates": [380754.52, 3374387.97]}, "properties": {"cell_id": 637, "max_wse_m": 3872.37}}, {"type": "Feature", "geometry": {"type": "Point", "coordinates": [380794.52, 3374387.97]}, "properties": {"cell_id": 638, "max_wse_m": 3891.28}}, {"type": "Feature", "geometry": {"type": "Point", "coordinates": [380834.52, 3374387.97]}, "properties": {"cell_id": 639, "max_wse_m": 3920.15}}, {"type": "Feature", "geometry": {"type": "Point", "coordinates": [380874.52, 3374387.97]}, "properties": {"cell_id": 640, "max_wse_m": 3946.94}}, {"type": "Feature", "geometry": {"type": "Point", "coordinates": [380914.52, 3374387.97]}, "properties": {"cell_id": 641, "max_wse_m": 3975.11}}, {"type": "Feature", "geometry": {"type": "Point", "coordinates": [380954.52, 3374387.97]}, "properties": {"cell_id": 642, "max_wse_m": 4005.03}}, {"type": "Feature", "geometry": {"type": "Point", "coordinates": [380994.52, 3374387.97]}, "properties": {"cell_id": 643, "max_wse_m": 4034.23}}, {"type": "Feature", "geometry": {"type": "Point", "coordinates": [381034.52, 3374387.97]}, "properties": {"cell_id": 644, "max_wse_m": 4064.1}}, {"type": "Feature", "geometry": {"type": "Point", "coordinates": [381074.52, 3374387.97]}, "properties": {"cell_id": 645, "max_wse_m": 4101.92}}, {"type": "Feature", "geometry": {"type": "Point", "coordinates": [381114.52, 3374387.97]}, "properties": {"cell_id": 646, "max_wse_m": 4125.34}}, {"type": "Feature", "geometry": {"type": "Point", "coordinates": [381154.52, 3374387.97]}, "properties": {"cell_id": 647, "max_wse_m": 4119.41}}, {"type": "Feature", "geometry": {"type": "Point", "coordinates": [381194.52, 3374387.97]}, "properties": {"cell_id": 648, "max_wse_m": 4120.44}}, {"type": "Feature", "geometry": {"type": "Point", "coordinates": [381234.52, 3374387.97]}, "properties": {"cell_id": 649, "max_wse_m": 4130.42}}, {"type": "Feature", "geometry": {"type": "Point", "coordinates": [381274.52, 3374387.97]}, "properties": {"cell_id": 650, "max_wse_m": 4142.09}}, {"type": "Feature", "geometry": {"type": "Point", "coordinates": [381314.52, 3374387.97]}, "properties": {"cell_id": 651, "max_wse_m": 4148.88}}, {"type": "Feature", "geometry": {"type": "Point", "coordinates": [381354.52, 3374387.97]}, "properties": {"cell_id": 652, "max_wse_m": 4167.37}}, {"type": "Feature", "geometry": {"type": "Point", "coordinates": [370074.52, 3374347.97]}, "properties": {"cell_id": 653, "max_wse_m": 1931.25}}, {"type": "Feature", "geometry": {"type": "Point", "coordinates": [370114.52, 3374347.97]}, "properties": {"cell_id": 654, "max_wse_m": 1961.16}}, {"type": "Feature", "geometry": {"type": "Point", "coordinates": [370154.52, 3374347.97]}, "properties": {"cell_id": 655, "max_wse_m": 1977.79}}, {"type": "Feature", "geometry": {"type": "Point", "coordinates": [370194.52, 3374347.97]}, "properties": {"cell_id": 656, "max_wse_m": 1991.77}}, {"type": "Feature", "geometry": {"type": "Point", "coordinates": [370234.52, 3374347.97]}, "properties": {"cell_id": 657, "max_wse_m": 2011.25}}, {"type": "Feature", "geometry": {"type": "Point", "coordinates": [370274.52, 3374347.97]}, "properties": {"cell_id": 658, "max_wse_m": 2034.25}}, {"type": "Feature", "geometry": {"type": "Point", "coordinates": [370314.52, 3374347.97]}, "properties": {"cell_id": 659, "max_wse_m": 2049.8}}, {"type": "Feature", "geometry": {"type": "Point", "coordinates": [370354.52, 3374347.97]}, "properties": {"cell_id": 660, "max_wse_m": 2051.65}}, {"type": "Feature", "geometry": {"type": "Point", "coordinates": [370394.52, 3374347.97]}, "properties": {"cell_id": 661, "max_wse_m": 2073.2}}, {"type": "Feature", "geometry": {"type": "Point", "coordinates": [370434.52, 3374347.97]}, "properties": {"cell_id": 662, "max_wse_m": 2091.49}}, {"type": "Feature", "geometry": {"type": "Point", "coordinates": [370474.52, 3374347.97]}, "properties": {"cell_id": 663, "max_wse_m": 2108.56}}, {"type": "Feature", "geometry": {"type": "Point", "coordinates": [370514.52, 3374347.97]}, "properties": {"cell_id": 664, "max_wse_m": 2123.36}}, {"type": "Feature", "geometry": {"type": "Point", "coordinates": [370554.52, 3374347.97]}, "properties": {"cell_id": 665, "max_wse_m": 2154.16}}, {"type": "Feature", "geometry": {"type": "Point", "coordinates": [370594.52, 3374347.97]}, "properties": {"cell_id": 666, "max_wse_m": 2155.08}}, {"type": "Feature", "geometry": {"type": "Point", "coordinates": [370634.52, 3374347.97]}, "properties": {"cell_id": 667, "max_wse_m": 2162.9}}, {"type": "Feature", "geometry": {"type": "Point", "coordinates": [370674.52, 3374347.97]}, "properties": {"cell_id": 668, "max_wse_m": 2189.86}}, {"type": "Feature", "geometry": {"type": "Point", "coordinates": [370714.52, 3374347.97]}, "properties": {"cell_id": 669, "max_wse_m": 2229.15}}, {"type": "Feature", "geometry": {"type": "Point", "coordinates": [370754.52, 3374347.97]}, "properties": {"cell_id": 670, "max_wse_m": 2248.07}}, {"type": "Feature", "geometry": {"type": "Point", "coordinates": [370794.52, 3374347.97]}, "properties": {"cell_id": 671, "max_wse_m": 2267.15}}, {"type": "Feature", "geometry": {"type": "Point", "coordinates": [370834.52, 3374347.97]}, "properties": {"cell_id": 672, "max_wse_m": 2269.49}}, {"type": "Feature", "geometry": {"type": "Point", "coordinates": [370874.52, 3374347.97]}, "properties": {"cell_id": 673, "max_wse_m": 2269.52}}, {"type": "Feature", "geometry": {"type": "Point", "coordinates": [370914.52, 3374347.97]}, "properties": {"cell_id": 674, "max_wse_m": 2284.89}}, {"type": "Feature", "geometry": {"type": "Point", "coordinates": [370954.52, 3374347.97]}, "properties": {"cell_id": 675, "max_wse_m": 2271.44}}, {"type": "Feature", "geometry": {"type": "Point", "coordinates": [370994.52, 3374347.97]}, "properties": {"cell_id": 676, "max_wse_m": 2276.31}}, {"type": "Feature", "geometry": {"type": "Point", "coordinates": [371034.52, 3374347.97]}, "properties": {"cell_id": 677, "max_wse_m": 2303.9}}, {"type": "Feature", "geometry": {"type": "Point", "coordinates": [371074.52, 3374347.97]}, "properties": {"cell_id": 678, "max_wse_m": 2356.85}}, {"type": "Feature", "geometry": {"type": "Point", "coordinates": [371114.52, 3374347.97]}, "properties": {"cell_id": 679, "max_wse_m": 2405.11}}, {"type": "Feature", "geometry": {"type": "Point", "coordinates": [371154.52, 3374347.97]}, "properties": {"cell_id": 680, "max_wse_m": 2433.0}}, {"type": "Feature", "geometry": {"type": "Point", "coordinates": [371194.52, 3374347.97]}, "properties": {"cell_id": 681, "max_wse_m": 2454.56}}, {"type": "Feature", "geometry": {"type": "Point", "coordinates": [371234.52, 3374347.97]}, "properties": {"cell_id": 682, "max_wse_m": 2443.79}}, {"type": "Feature", "geometry": {"type": "Point", "coordinates": [371274.52, 3374347.97]}, "properties": {"cell_id": 683, "max_wse_m": 2440.4}}, {"type": "Feature", "geometry": {"type": "Point", "coordinates": [371314.52, 3374347.97]}, "properties": {"cell_id": 684, "max_wse_m": 2416.02}}, {"type": "Feature", "geometry": {"type": "Point", "coordinates": [371354.52, 3374347.97]}, "properties": {"cell_id": 685, "max_wse_m": 2397.59}}, {"type": "Feature", "geometry": {"type": "Point", "coordinates": [371394.52, 3374347.97]}, "properties": {"cell_id": 686, "max_wse_m": 2379.1}}, {"type": "Feature", "geometry": {"type": "Point", "coordinates": [371434.52, 3374347.97]}, "properties": {"cell_id": 687, "max_wse_m": 2373.57}}, {"type": "Feature", "geometry": {"type": "Point", "coordinates": [371474.52, 3374347.97]}, "properties": {"cell_id": 688, "max_wse_m": 2384.65}}, {"type": "Feature", "geometry": {"type": "Point", "coordinates": [371514.52, 3374347.97]}, "properties": {"cell_id": 689, "max_wse_m": 2402.16}}, {"type": "Feature", "geometry": {"type": "Point", "coordinates": [371554.52, 3374347.97]}, "properties": {"cell_id": 690, "max_wse_m": 2411.08}}, {"type": "Feature", "geometry": {"type": "Point", "coordinates": [371594.52, 3374347.97]}, "properties": {"cell_id": 691, "max_wse_m": 2428.51}}, {"type": "Feature", "geometry": {"type": "Point", "coordinates": [371634.52, 3374347.97]}, "properties": {"cell_id": 692, "max_wse_m": 2404.12}}, {"type": "Feature", "geometry": {"type": "Point", "coordinates": [371674.52, 3374347.97]}, "properties": {"cell_id": 693, "max_wse_m": 2375.18}}, {"type": "Feature", "geometry": {"type": "Point", "coordinates": [371714.52, 3374347.97]}, "properties": {"cell_id": 694, "max_wse_m": 2361.67}}, {"type": "Feature", "geometry": {"type": "Point", "coordinates": [371754.52, 3374347.97]}, "properties": {"cell_id": 695, "max_wse_m": 2351.12}}, {"type": "Feature", "geometry": {"type": "Point", "coordinates": [371794.52, 3374347.97]}, "properties": {"cell_id": 696, "max_wse_m": 2335.55}}, {"type": "Feature", "geometry": {"type": "Point", "coordinates": [371834.52, 3374347.97]}, "properties": {"cell_id": 697, "max_wse_m": 2319.25}}, {"type": "Feature", "geometry": {"type": "Point", "coordinates": [371874.52, 3374347.97]}, "properties": {"cell_id": 698, "max_wse_m": 2318.19}}, {"type": "Feature", "geometry": {"type": "Point", "coordinates": [371914.52, 3374347.97]}, "properties": {"cell_id": 699, "max_wse_m": 2318.77}}, {"type": "Feature", "geometry": {"type": "Point", "coordinates": [371954.52, 3374347.97]}, "properties": {"cell_id": 700, "max_wse_m": 2340.16}}, {"type": "Feature", "geometry": {"type": "Point", "coordinates": [371994.52, 3374347.97]}, "properties": {"cell_id": 701, "max_wse_m": 2343.17}}, {"type": "Feature", "geometry": {"type": "Point", "coordinates": [372034.52, 3374347.97]}, "properties": {"cell_id": 702, "max_wse_m": 2328.93}}, {"type": "Feature", "geometry": {"type": "Point", "coordinates": [372074.52, 3374347.97]}, "properties": {"cell_id": 703, "max_wse_m": 2315.81}}, {"type": "Feature", "geometry": {"type": "Point", "coordinates": [372114.52, 3374347.97]}, "properties": {"cell_id": 704, "max_wse_m": 2297.76}}, {"type": "Feature", "geometry": {"type": "Point", "coordinates": [372154.52, 3374347.97]}, "properties": {"cell_id": 705, "max_wse_m": 2278.05}}, {"type": "Feature", "geometry": {"type": "Point", "coordinates": [372194.52, 3374347.97]}, "properties": {"cell_id": 706, "max_wse_m": 2251.77}}, {"type": "Feature", "geometry": {"type": "Point", "coordinates": [372234.52, 3374347.97]}, "properties": {"cell_id": 707, "max_wse_m": 2213.58}}, {"type": "Feature", "geometry": {"type": "Point", "coordinates": [372274.52, 3374347.97]}, "properties": {"cell_id": 708, "max_wse_m": 2211.13}}, {"type": "Feature", "geometry": {"type": "Point", "coordinates": [372314.52, 3374347.97]}, "properties": {"cell_id": 709, "max_wse_m": 2218.83}}, {"type": "Feature", "geometry": {"type": "Point", "coordinates": [372354.52, 3374347.97]}, "properties": {"cell_id": 710, "max_wse_m": 2241.07}}, {"type": "Feature", "geometry": {"type": "Point", "coordinates": [372394.52, 3374347.97]}, "properties": {"cell_id": 711, "max_wse_m": 2264.97}}, {"type": "Feature", "geometry": {"type": "Point", "coordinates": [372434.52, 3374347.97]}, "properties": {"cell_id": 712, "max_wse_m": 2286.2}}, {"type": "Feature", "geometry": {"type": "Point", "coordinates": [372474.52, 3374347.97]}, "properties": {"cell_id": 713, "max_wse_m": 2298.92}}, {"type": "Feature", "geometry": {"type": "Point", "coordinates": [372514.52, 3374347.97]}, "properties": {"cell_id": 714, "max_wse_m": 2278.17}}, {"type": "Feature", "geometry": {"type": "Point", "coordinates": [372554.52, 3374347.97]}, "properties": {"cell_id": 715, "max_wse_m": 2250.68}}, {"type": "Feature", "geometry": {"type": "Point", "coordinates": [372594.52, 3374347.97]}, "properties": {"cell_id": 716, "max_wse_m": 2228.93}}, {"type": "Feature", "geometry": {"type": "Point", "coordinates": [379274.52, 3374347.97]}, "properties": {"cell_id": 717, "max_wse_m": 3144.33}}, {"type": "Feature", "geometry": {"type": "Point", "coordinates": [379314.52, 3374347.97]}, "properties": {"cell_id": 718, "max_wse_m": 3196.09}}, {"type": "Feature", "geometry": {"type": "Point", "coordinates": [379354.52, 3374347.97]}, "properties": {"cell_id": 719, "max_wse_m": 3238.93}}, {"type": "Feature", "geometry": {"type": "Point", "coordinates": [379394.52, 3374347.97]}, "properties": {"cell_id": 720, "max_wse_m": 3279.63}}, {"type": "Feature", "geometry": {"type": "Point", "coordinates": [379434.52, 3374347.97]}, "properties": {"cell_id": 721, "max_wse_m": 3311.78}}, {"type": "Feature", "geometry": {"type": "Point", "coordinates": [379474.52, 3374347.97]}, "properties": {"cell_id": 722, "max_wse_m": 3338.76}}, {"type": "Feature", "geometry": {"type": "Point", "coordinates": [379514.52, 3374347.97]}, "properties": {"cell_id": 723, "max_wse_m": 3383.12}}, {"type": "Feature", "geometry": {"type": "Point", "coordinates": [379554.52, 3374347.97]}, "properties": {"cell_id": 724, "max_wse_m": 3380.71}}, {"type": "Feature", "geometry": {"type": "Point", "coordinates": [379594.52, 3374347.97]}, "properties": {"cell_id": 725, "max_wse_m": 3399.22}}, {"type": "Feature", "geometry": {"type": "Point", "coordinates": [379634.52, 3374347.97]}, "properties": {"cell_id": 726, "max_wse_m": 3404.09}}, {"type": "Feature", "geometry": {"type": "Point", "coordinates": [379674.52, 3374347.97]}, "properties": {"cell_id": 727, "max_wse_m": 3441.96}}, {"type": "Feature", "geometry": {"type": "Point", "coordinates": [379714.52, 3374347.97]}, "properties": {"cell_id": 728, "max_wse_m": 3491.97}}, {"type": "Feature", "geometry": {"type": "Point", "coordinates": [379754.52, 3374347.97]}, "properties": {"cell_id": 729, "max_wse_m": 3490.8}}, {"type": "Feature", "geometry": {"type": "Point", "coordinates": [379794.52, 3374347.97]}, "properties": {"cell_id": 730, "max_wse_m": 3505.58}}, {"type": "Feature", "geometry": {"type": "Point", "coordinates": [379834.52, 3374347.97]}, "properties": {"cell_id": 731, "max_wse_m": 3536.03}}, {"type": "Feature", "geometry": {"type": "Point", "coordinates": [379874.52, 3374347.97]}, "properties": {"cell_id": 732, "max_wse_m": 3564.84}}, {"type": "Feature", "geometry": {"type": "Point", "coordinates": [379914.52, 3374347.97]}, "properties": {"cell_id": 733, "max_wse_m": 3592.13}}, {"type": "Feature", "geometry": {"type": "Point", "coordinates": [379954.52, 3374347.97]}, "properties": {"cell_id": 734, "max_wse_m": 3626.82}}, {"type": "Feature", "geometry": {"type": "Point", "coordinates": [379994.52, 3374347.97]}, "properties": {"cell_id": 735, "max_wse_m": 3647.66}}, {"type": "Feature", "geometry": {"type": "Point", "coordinates": [380034.52, 3374347.97]}, "properties": {"cell_id": 736, "max_wse_m": 3647.63}}, {"type": "Feature", "geometry": {"type": "Point", "coordinates": [380074.52, 3374347.97]}, "properties": {"cell_id": 737, "max_wse_m": 3667.73}}, {"type": "Feature", "geometry": {"type": "Point", "coordinates": [380114.52, 3374347.97]}, "properties": {"cell_id": 738, "max_wse_m": 3699.93}}, {"type": "Feature", "geometry": {"type": "Point", "coordinates": [380154.52, 3374347.97]}, "properties": {"cell_id": 739, "max_wse_m": 3737.64}}, {"type": "Feature", "geometry": {"type": "Point", "coordinates": [380194.52, 3374347.97]}, "properties": {"cell_id": 740, "max_wse_m": 3768.4}}, {"type": "Feature", "geometry": {"type": "Point", "coordinates": [380234.52, 3374347.97]}, "properties": {"cell_id": 741, "max_wse_m": 3778.95}}, {"type": "Feature", "geometry": {"type": "Point", "coordinates": [380274.52, 3374347.97]}, "properties": {"cell_id": 742, "max_wse_m": 3788.98}}, {"type": "Feature", "geometry": {"type": "Point", "coordinates": [380314.52, 3374347.97]}, "properties": {"cell_id": 743, "max_wse_m": 3806.78}}, {"type": "Feature", "geometry": {"type": "Point", "coordinates": [380354.52, 3374347.97]}, "properties": {"cell_id": 744, "max_wse_m": 3808.44}}, {"type": "Feature", "geometry": {"type": "Point", "coordinates": [380394.52, 3374347.97]}, "properties": {"cell_id": 745, "max_wse_m": 3809.11}}, {"type": "Feature", "geometry": {"type": "Point", "coordinates": [380434.52, 3374347.97]}, "properties": {"cell_id": 746, "max_wse_m": 3812.93}}, {"type": "Feature", "geometry": {"type": "Point", "coordinates": [380474.52, 3374347.97]}, "properties": {"cell_id": 747, "max_wse_m": 3817.42}}, {"type": "Feature", "geometry": {"type": "Point", "coordinates": [380514.52, 3374347.97]}, "properties": {"cell_id": 748, "max_wse_m": 3822.79}}, {"type": "Feature", "geometry": {"type": "Point", "coordinates": [380554.52, 3374347.97]}, "properties": {"cell_id": 749, "max_wse_m": 3830.94}}, {"type": "Feature", "geometry": {"type": "Point", "coordinates": [380594.52, 3374347.97]}, "properties": {"cell_id": 750, "max_wse_m": 3843.13}}, {"type": "Feature", "geometry": {"type": "Point", "coordinates": [380634.52, 3374347.97]}, "properties": {"cell_id": 751, "max_wse_m": 3859.28}}, {"type": "Feature", "geometry": {"type": "Point", "coordinates": [380674.52, 3374347.97]}, "properties": {"cell_id": 752, "max_wse_m": 3861.39}}, {"type": "Feature", "geometry": {"type": "Point", "coordinates": [380714.52, 3374347.97]}, "properties": {"cell_id": 753, "max_wse_m": 3878.6}}, {"type": "Feature", "geometry": {"type": "Point", "coordinates": [380754.52, 3374347.97]}, "properties": {"cell_id": 754, "max_wse_m": 3898.45}}, {"type": "Feature", "geometry": {"type": "Point", "coordinates": [380794.52, 3374347.97]}, "properties": {"cell_id": 755, "max_wse_m": 3913.17}}, {"type": "Feature", "geometry": {"type": "Point", "coordinates": [380834.52, 3374347.97]}, "properties": {"cell_id": 756, "max_wse_m": 3934.53}}, {"type": "Feature", "geometry": {"type": "Point", "coordinates": [380874.52, 3374347.97]}, "properties": {"cell_id": 757, "max_wse_m": 3958.36}}, {"type": "Feature", "geometry": {"type": "Point", "coordinates": [380914.52, 3374347.97]}, "properties": {"cell_id": 758, "max_wse_m": 3988.66}}, {"type": "Feature", "geometry": {"type": "Point", "coordinates": [380954.52, 3374347.97]}, "properties": {"cell_id": 759, "max_wse_m": 4015.67}}, {"type": "Feature", "geometry": {"type": "Point", "coordinates": [380994.52, 3374347.97]}, "properties": {"cell_id": 760, "max_wse_m": 4056.25}}, {"type": "Feature", "geometry": {"type": "Point", "coordinates": [381034.52, 3374347.97]}, "properties": {"cell_id": 761, "max_wse_m": 4079.13}}, {"type": "Feature", "geometry": {"type": "Point", "coordinates": [381074.52, 3374347.97]}, "properties": {"cell_id": 762, "max_wse_m": 4106.56}}, {"type": "Feature", "geometry": {"type": "Point", "coordinates": [381114.52, 3374347.97]}, "properties": {"cell_id": 763, "max_wse_m": 4143.58}}, {"type": "Feature", "geometry": {"type": "Point", "coordinates": [381154.52, 3374347.97]}, "properties": {"cell_id": 764, "max_wse_m": 4145.72}}, {"type": "Feature", "geometry": {"type": "Point", "coordinates": [381194.52, 3374347.97]}, "properties": {"cell_id": 765, "max_wse_m": 4146.94}}, {"type": "Feature", "geometry": {"type": "Point", "coordinates": [381234.52, 3374347.97]}, "properties": {"cell_id": 766, "max_wse_m": 4155.94}}, {"type": "Feature", "geometry": {"type": "Point", "coordinates": [381274.52, 3374347.97]}, "properties": {"cell_id": 767, "max_wse_m": 4169.55}}, {"type": "Feature", "geometry": {"type": "Point", "coordinates": [381314.52, 3374347.97]}, "properties": {"cell_id": 768, "max_wse_m": 4175.23}}, {"type": "Feature", "geometry": {"type": "Point", "coordinates": [381354.52, 3374347.97]}, "properties": {"cell_id": 769, "max_wse_m": 4187.32}}, {"type": "Feature", "geometry": {"type": "Point", "coordinates": [381394.52, 3374347.97]}, "properties": {"cell_id": 770, "max_wse_m": 4208.76}}, {"type": "Feature", "geometry": {"type": "Point", "coordinates": [381434.52, 3374347.97]}, "properties": {"cell_id": 771, "max_wse_m": 4216.38}}, {"type": "Feature", "geometry": {"type": "Point", "coordinates": [370074.52, 3374307.97]}, "properties": {"cell_id": 772, "max_wse_m": 1881.63}}, {"type": "Feature", "geometry": {"type": "Point", "coordinates": [370114.52, 3374307.97]}, "properties": {"cell_id": 773, "max_wse_m": 1917.82}}, {"type": "Feature", "geometry": {"type": "Point", "coordinates": [370154.52, 3374307.97]}, "properties": {"cell_id": 774, "max_wse_m": 1938.18}}, {"type": "Feature", "geometry": {"type": "Point", "coordinates": [370194.52, 3374307.97]}, "properties": {"cell_id": 775, "max_wse_m": 1953.16}}, {"type": "Feature", "geometry": {"type": "Point", "coordinates": [370234.52, 3374307.97]}, "properties": {"cell_id": 776, "max_wse_m": 1971.82}}, {"type": "Feature", "geometry": {"type": "Point", "coordinates": [370274.52, 3374307.97]}, "properties": {"cell_id": 777, "max_wse_m": 1993.05}}, {"type": "Feature", "geometry": {"type": "Point", "coordinates": [370314.52, 3374307.97]}, "properties": {"cell_id": 778, "max_wse_m": 1972.84}}, {"type": "Feature", "geometry": {"type": "Point", "coordinates": [370354.52, 3374307.97]}, "properties": {"cell_id": 779, "max_wse_m": 1972.54}}, {"type": "Feature", "geometry": {"type": "Point", "coordinates": [370394.52, 3374307.97]}, "properties": {"cell_id": 780, "max_wse_m": 1999.22}}, {"type": "Feature", "geometry": {"type": "Point", "coordinates": [370434.52, 3374307.97]}, "properties": {"cell_id": 781, "max_wse_m": 2026.06}}, {"type": "Feature", "geometry": {"type": "Point", "coordinates": [370474.52, 3374307.97]}, "properties": {"cell_id": 782, "max_wse_m": 2034.09}}, {"type": "Feature", "geometry": {"type": "Point", "coordinates": [370514.52, 3374307.97]}, "properties": {"cell_id": 783, "max_wse_m": 2062.38}}, {"type": "Feature", "geometry": {"type": "Point", "coordinates": [370554.52, 3374307.97]}, "properties": {"cell_id": 784, "max_wse_m": 2086.4}}, {"type": "Feature", "geometry": {"type": "Point", "coordinates": [370594.52, 3374307.97]}, "properties": {"cell_id": 785, "max_wse_m": 2101.07}}, {"type": "Feature", "geometry": {"type": "Point", "coordinates": [370634.52, 3374307.97]}, "properties": {"cell_id": 786, "max_wse_m": 2115.97}}, {"type": "Feature", "geometry": {"type": "Point", "coordinates": [370674.52, 3374307.97]}, "properties": {"cell_id": 787, "max_wse_m": 2167.78}}, {"type": "Feature", "geometry": {"type": "Point", "coordinates": [370714.52, 3374307.97]}, "properties": {"cell_id": 788, "max_wse_m": 2182.0}}, {"type": "Feature", "geometry": {"type": "Point", "coordinates": [370754.52, 3374307.97]}, "properties": {"cell_id": 789, "max_wse_m": 2190.29}}, {"type": "Feature", "geometry": {"type": "Point", "coordinates": [370794.52, 3374307.97]}, "properties": {"cell_id": 790, "max_wse_m": 2216.17}}, {"type": "Feature", "geometry": {"type": "Point", "coordinates": [370834.52, 3374307.97]}, "properties": {"cell_id": 791, "max_wse_m": 2204.51}}, {"type": "Feature", "geometry": {"type": "Point", "coordinates": [370874.52, 3374307.97]}, "properties": {"cell_id": 792, "max_wse_m": 2185.03}}, {"type": "Feature", "geometry": {"type": "Point", "coordinates": [370914.52, 3374307.97]}, "properties": {"cell_id": 793, "max_wse_m": 2187.29}}, {"type": "Feature", "geometry": {"type": "Point", "coordinates": [370954.52, 3374307.97]}, "properties": {"cell_id": 794, "max_wse_m": 2210.34}}, {"type": "Feature", "geometry": {"type": "Point", "coordinates": [370994.52, 3374307.97]}, "properties": {"cell_id": 795, "max_wse_m": 2248.23}}, {"type": "Feature", "geometry": {"type": "Point", "coordinates": [371034.52, 3374307.97]}, "properties": {"cell_id": 796, "max_wse_m": 2278.27}}, {"type": "Feature", "geometry": {"type": "Point", "coordinates": [371074.52, 3374307.97]}, "properties": {"cell_id": 797, "max_wse_m": 2310.14}}, {"type": "Feature", "geometry": {"type": "Point", "coordinates": [371114.52, 3374307.97]}, "properties": {"cell_id": 798, "max_wse_m": 2345.59}}, {"type": "Feature", "geometry": {"type": "Point", "coordinates": [371154.52, 3374307.97]}, "properties": {"cell_id": 799, "max_wse_m": 2369.67}}, {"type": "Feature", "geometry": {"type": "Point", "coordinates": [371194.52, 3374307.97]}, "properties": {"cell_id": 800, "max_wse_m": 2394.64}}, {"type": "Feature", "geometry": {"type": "Point", "coordinates": [371234.52, 3374307.97]}, "properties": {"cell_id": 801, "max_wse_m": 2410.36}}, {"type": "Feature", "geometry": {"type": "Point", "coordinates": [371274.52, 3374307.97]}, "properties": {"cell_id": 802, "max_wse_m": 2415.04}}, {"type": "Feature", "geometry": {"type": "Point", "coordinates": [371314.52, 3374307.97]}, "properties": {"cell_id": 803, "max_wse_m": 2399.36}}, {"type": "Feature", "geometry": {"type": "Point", "coordinates": [371354.52, 3374307.97]}, "properties": {"cell_id": 804, "max_wse_m": 2371.14}}, {"type": "Feature", "geometry": {"type": "Point", "coordinates": [371394.52, 3374307.97]}, "properties": {"cell_id": 805, "max_wse_m": 2353.11}}, {"type": "Feature", "geometry": {"type": "Point", "coordinates": [371434.52, 3374307.97]}, "properties": {"cell_id": 806, "max_wse_m": 2333.86}}, {"type": "Feature", "geometry": {"type": "Point", "coordinates": [371474.52, 3374307.97]}, "properties": {"cell_id": 807, "max_wse_m": 2327.29}}, {"type": "Feature", "geometry": {"type": "Point", "coordinates": [371514.52, 3374307.97]}, "properties": {"cell_id": 808, "max_wse_m": 2333.63}}, {"type": "Feature", "geometry": {"type": "Point", "coordinates": [371554.52, 3374307.97]}, "properties": {"cell_id": 809, "max_wse_m": 2364.18}}, {"type": "Feature", "geometry": {"type": "Point", "coordinates": [371594.52, 3374307.97]}, "properties": {"cell_id": 810, "max_wse_m": 2381.98}}, {"type": "Feature", "geometry": {"type": "Point", "coordinates": [371634.52, 3374307.97]}, "properties": {"cell_id": 811, "max_wse_m": 2381.74}}, {"type": "Feature", "geometry": {"type": "Point", "coordinates": [371674.52, 3374307.97]}, "properties": {"cell_id": 812, "max_wse_m": 2349.68}}, {"type": "Feature", "geometry": {"type": "Point", "coordinates": [371714.52, 3374307.97]}, "properties": {"cell_id": 813, "max_wse_m": 2335.62}}, {"type": "Feature", "geometry": {"type": "Point", "coordinates": [371754.52, 3374307.97]}, "properties": {"cell_id": 814, "max_wse_m": 2325.15}}, {"type": "Feature", "geometry": {"type": "Point", "coordinates": [371794.52, 3374307.97]}, "properties": {"cell_id": 815, "max_wse_m": 2311.91}}, {"type": "Feature", "geometry": {"type": "Point", "coordinates": [371834.52, 3374307.97]}, "properties": {"cell_id": 816, "max_wse_m": 2297.66}}, {"type": "Feature", "geometry": {"type": "Point", "coordinates": [371874.52, 3374307.97]}, "properties": {"cell_id": 817, "max_wse_m": 2283.61}}, {"type": "Feature", "geometry": {"type": "Point", "coordinates": [371914.52, 3374307.97]}, "properties": {"cell_id": 818, "max_wse_m": 2283.59}}, {"type": "Feature", "geometry": {"type": "Point", "coordinates": [371954.52, 3374307.97]}, "properties": {"cell_id": 819, "max_wse_m": 2303.17}}, {"type": "Feature", "geometry": {"type": "Point", "coordinates": [371994.52, 3374307.97]}, "properties": {"cell_id": 820, "max_wse_m": 2312.32}}, {"type": "Feature", "geometry": {"type": "Point", "coordinates": [372034.52, 3374307.97]}, "properties": {"cell_id": 821, "max_wse_m": 2298.63}}, {"type": "Feature", "geometry": {"type": "Point", "coordinates": [372074.52, 3374307.97]}, "properties": {"cell_id": 822, "max_wse_m": 2272.76}}, {"type": "Feature", "geometry": {"type": "Point", "coordinates": [372114.52, 3374307.97]}, "properties": {"cell_id": 823, "max_wse_m": 2266.05}}, {"type": "Feature", "geometry": {"type": "Point", "coordinates": [372154.52, 3374307.97]}, "properties": {"cell_id": 824, "max_wse_m": 2250.85}}, {"type": "Feature", "geometry": {"type": "Point", "coordinates": [372194.52, 3374307.97]}, "properties": {"cell_id": 825, "max_wse_m": 2208.63}}, {"type": "Feature", "geometry": {"type": "Point", "coordinates": [372234.52, 3374307.97]}, "properties": {"cell_id": 826, "max_wse_m": 2182.52}}, {"type": "Feature", "geometry": {"type": "Point", "coordinates": [372274.52, 3374307.97]}, "properties": {"cell_id": 827, "max_wse_m": 2181.37}}, {"type": "Feature", "geometry": {"type": "Point", "coordinates": [372314.52, 3374307.97]}, "properties": {"cell_id": 828, "max_wse_m": 2192.51}}, {"type": "Feature", "geometry": {"type": "Point", "coordinates": [372354.52, 3374307.97]}, "properties": {"cell_id": 829, "max_wse_m": 2211.19}}, {"type": "Feature", "geometry": {"type": "Point", "coordinates": [372394.52, 3374307.97]}, "properties": {"cell_id": 830, "max_wse_m": 2238.49}}, {"type": "Feature", "geometry": {"type": "Point", "coordinates": [372434.52, 3374307.97]}, "properties": {"cell_id": 831, "max_wse_m": 2249.05}}, {"type": "Feature", "geometry": {"type": "Point", "coordinates": [372474.52, 3374307.97]}, "properties": {"cell_id": 832, "max_wse_m": 2270.89}}, {"type": "Feature", "geometry": {"type": "Point", "coordinates": [372514.52, 3374307.97]}, "properties": {"cell_id": 833, "max_wse_m": 2271.26}}, {"type": "Feature", "geometry": {"type": "Point", "coordinates": [372554.52, 3374307.97]}, "properties": {"cell_id": 834, "max_wse_m": 2236.48}}, {"type": "Feature", "geometry": {"type": "Point", "coordinates": [372594.52, 3374307.97]}, "properties": {"cell_id": 835, "max_wse_m": 2209.42}}, {"type": "Feature", "geometry": {"type": "Point", "coordinates": [372634.52, 3374307.97]}, "properties": {"cell_id": 836, "max_wse_m": 2208.43}}, {"type": "Feature", "geometry": {"type": "Point", "coordinates": [372674.52, 3374307.97]}, "properties": {"cell_id": 837, "max_wse_m": 2213.35}}, {"type": "Feature", "geometry": {"type": "Point", "coordinates": [372714.52, 3374307.97]}, "properties": {"cell_id": 838, "max_wse_m": 2215.86}}, {"type": "Feature", "geometry": {"type": "Point", "coordinates": [372754.52, 3374307.97]}, "properties": {"cell_id": 839, "max_wse_m": 2220.74}}, {"type": "Feature", "geometry": {"type": "Point", "coordinates": [372794.52, 3374307.97]}, "properties": {"cell_id": 840, "max_wse_m": 2237.55}}, {"type": "Feature", "geometry": {"type": "Point", "coordinates": [372834.52, 3374307.97]}, "properties": {"cell_id": 841, "max_wse_m": 2242.37}}, {"type": "Feature", "geometry": {"type": "Point", "coordinates": [379234.52, 3374307.97]}, "properties": {"cell_id": 842, "max_wse_m": 3083.48}}, {"type": "Feature", "geometry": {"type": "Point", "coordinates": [379274.52, 3374307.97]}, "properties": {"cell_id": 843, "max_wse_m": 3152.62}}, {"type": "Feature", "geometry": {"type": "Point", "coordinates": [379314.52, 3374307.97]}, "properties": {"cell_id": 844, "max_wse_m": 3207.9}}, {"type": "Feature", "geometry": {"type": "Point", "coordinates": [379354.52, 3374307.97]}, "properties": {"cell_id": 845, "max_wse_m": 3250.75}}, {"type": "Feature", "geometry": {"type": "Point", "coordinates": [379394.52, 3374307.97]}, "properties": {"cell_id": 846, "max_wse_m": 3281.54}}, {"type": "Feature", "geometry": {"type": "Point", "coordinates": [379434.52, 3374307.97]}, "properties": {"cell_id": 847, "max_wse_m": 3281.42}}, {"type": "Feature", "geometry": {"type": "Point", "coordinates": [379474.52, 3374307.97]}, "properties": {"cell_id": 848, "max_wse_m": 3306.13}}, {"type": "Feature", "geometry": {"type": "Point", "coordinates": [379514.52, 3374307.97]}, "properties": {"cell_id": 849, "max_wse_m": 3347.76}}, {"type": "Feature", "geometry": {"type": "Point", "coordinates": [379554.52, 3374307.97]}, "properties": {"cell_id": 850, "max_wse_m": 3347.7}}, {"type": "Feature", "geometry": {"type": "Point", "coordinates": [379594.52, 3374307.97]}, "properties": {"cell_id": 851, "max_wse_m": 3367.05}}, {"type": "Feature", "geometry": {"type": "Point", "coordinates": [379634.52, 3374307.97]}, "properties": {"cell_id": 852, "max_wse_m": 3386.8}}, {"type": "Feature", "geometry": {"type": "Point", "coordinates": [379674.52, 3374307.97]}, "properties": {"cell_id": 853, "max_wse_m": 3426.68}}, {"type": "Feature", "geometry": {"type": "Point", "coordinates": [379714.52, 3374307.97]}, "properties": {"cell_id": 854, "max_wse_m": 3458.24}}, {"type": "Feature", "geometry": {"type": "Point", "coordinates": [379754.52, 3374307.97]}, "properties": {"cell_id": 855, "max_wse_m": 3459.9}}, {"type": "Feature", "geometry": {"type": "Point", "coordinates": [379794.52, 3374307.97]}, "properties": {"cell_id": 856, "max_wse_m": 3497.93}}, {"type": "Feature", "geometry": {"type": "Point", "coordinates": [379834.52, 3374307.97]}, "properties": {"cell_id": 857, "max_wse_m": 3530.22}}, {"type": "Feature", "geometry": {"type": "Point", "coordinates": [379874.52, 3374307.97]}, "properties": {"cell_id": 858, "max_wse_m": 3560.95}}, {"type": "Feature", "geometry": {"type": "Point", "coordinates": [379914.52, 3374307.97]}, "properties": {"cell_id": 859, "max_wse_m": 3589.2}}, {"type": "Feature", "geometry": {"type": "Point", "coordinates": [379954.52, 3374307.97]}, "properties": {"cell_id": 860, "max_wse_m": 3611.39}}, {"type": "Feature", "geometry": {"type": "Point", "coordinates": [379994.52, 3374307.97]}, "properties": {"cell_id": 861, "max_wse_m": 3612.22}}, {"type": "Feature", "geometry": {"type": "Point", "coordinates": [380034.52, 3374307.97]}, "properties": {"cell_id": 862, "max_wse_m": 3627.04}}, {"type": "Feature", "geometry": {"type": "Point", "coordinates": [380074.52, 3374307.97]}, "properties": {"cell_id": 863, "max_wse_m": 3662.32}}, {"type": "Feature", "geometry": {"type": "Point", "coordinates": [380114.52, 3374307.97]}, "properties": {"cell_id": 864, "max_wse_m": 3704.57}}, {"type": "Feature", "geometry": {"type": "Point", "coordinates": [380154.52, 3374307.97]}, "properties": {"cell_id": 865, "max_wse_m": 3737.46}}, {"type": "Feature", "geometry": {"type": "Point", "coordinates": [380194.52, 3374307.97]}, "properties": {"cell_id": 866, "max_wse_m": 3736.6}}, {"type": "Feature", "geometry": {"type": "Point", "coordinates": [380234.52, 3374307.97]}, "properties": {"cell_id": 867, "max_wse_m": 3752.69}}, {"type": "Feature", "geometry": {"type": "Point", "coordinates": [380274.52, 3374307.97]}, "properties": {"cell_id": 868, "max_wse_m": 3785.36}}, {"type": "Feature", "geometry": {"type": "Point", "coordinates": [380314.52, 3374307.97]}, "properties": {"cell_id": 869, "max_wse_m": 3813.66}}, {"type": "Feature", "geometry": {"type": "Point", "coordinates": [380354.52, 3374307.97]}, "properties": {"cell_id": 870, "max_wse_m": 3824.68}}, {"type": "Feature", "geometry": {"type": "Point", "coordinates": [380394.52, 3374307.97]}, "properties": {"cell_id": 871, "max_wse_m": 3828.67}}, {"type": "Feature", "geometry": {"type": "Point", "coordinates": [380434.52, 3374307.97]}, "properties": {"cell_id": 872, "max_wse_m": 3839.26}}, {"type": "Feature", "geometry": {"type": "Point", "coordinates": [380474.52, 3374307.97]}, "properties": {"cell_id": 873, "max_wse_m": 3839.09}}, {"type": "Feature", "geometry": {"type": "Point", "coordinates": [380514.52, 3374307.97]}, "properties": {"cell_id": 874, "max_wse_m": 3842.17}}, {"type": "Feature", "geometry": {"type": "Point", "coordinates": [380554.52, 3374307.97]}, "properties": {"cell_id": 875, "max_wse_m": 3854.25}}, {"type": "Feature", "geometry": {"type": "Point", "coordinates": [380594.52, 3374307.97]}, "properties": {"cell_id": 876, "max_wse_m": 3867.1}}, {"type": "Feature", "geometry": {"type": "Point", "coordinates": [380634.52, 3374307.97]}, "properties": {"cell_id": 877, "max_wse_m": 3885.2}}, {"type": "Feature", "geometry": {"type": "Point", "coordinates": [380674.52, 3374307.97]}, "properties": {"cell_id": 878, "max_wse_m": 3887.81}}, {"type": "Feature", "geometry": {"type": "Point", "coordinates": [380714.52, 3374307.97]}, "properties": {"cell_id": 879, "max_wse_m": 3902.56}}, {"type": "Feature", "geometry": {"type": "Point", "coordinates": [380754.52, 3374307.97]}, "properties": {"cell_id": 880, "max_wse_m": 3921.82}}, {"type": "Feature", "geometry": {"type": "Point", "coordinates": [380794.52, 3374307.97]}, "properties": {"cell_id": 881, "max_wse_m": 3940.94}}, {"type": "Feature", "geometry": {"type": "Point", "coordinates": [380834.52, 3374307.97]}, "properties": {"cell_id": 882, "max_wse_m": 3952.06}}, {"type": "Feature", "geometry": {"type": "Point", "coordinates": [380874.52, 3374307.97]}, "properties": {"cell_id": 883, "max_wse_m": 3972.72}}, {"type": "Feature", "geometry": {"type": "Point", "coordinates": [380914.52, 3374307.97]}, "properties": {"cell_id": 884, "max_wse_m": 4000.92}}, {"type": "Feature", "geometry": {"type": "Point", "coordinates": [380954.52, 3374307.97]}, "properties": {"cell_id": 885, "max_wse_m": 4039.45}}, {"type": "Feature", "geometry": {"type": "Point", "coordinates": [380994.52, 3374307.97]}, "properties": {"cell_id": 886, "max_wse_m": 4073.7}}, {"type": "Feature", "geometry": {"type": "Point", "coordinates": [381034.52, 3374307.97]}, "properties": {"cell_id": 887, "max_wse_m": 4105.23}}, {"type": "Feature", "geometry": {"type": "Point", "coordinates": [381074.52, 3374307.97]}, "properties": {"cell_id": 888, "max_wse_m": 4131.25}}, {"type": "Feature", "geometry": {"type": "Point", "coordinates": [381114.52, 3374307.97]}, "properties": {"cell_id": 889, "max_wse_m": 4156.39}}, {"type": "Feature", "geometry": {"type": "Point", "coordinates": [381154.52, 3374307.97]}, "properties": {"cell_id": 890, "max_wse_m": 4169.35}}, {"type": "Feature", "geometry": {"type": "Point", "coordinates": [381194.52, 3374307.97]}, "properties": {"cell_id": 891, "max_wse_m": 4169.38}}, {"type": "Feature", "geometry": {"type": "Point", "coordinates": [381234.52, 3374307.97]}, "properties": {"cell_id": 892, "max_wse_m": 4176.12}}, {"type": "Feature", "geometry": {"type": "Point", "coordinates": [381274.52, 3374307.97]}, "properties": {"cell_id": 893, "max_wse_m": 4189.81}}, {"type": "Feature", "geometry": {"type": "Point", "coordinates": [381314.52, 3374307.97]}, "properties": {"cell_id": 894, "max_wse_m": 4205.0}}, {"type": "Feature", "geometry": {"type": "Point", "coordinates": [381354.52, 3374307.97]}, "properties": {"cell_id": 895, "max_wse_m": 4209.36}}, {"type": "Feature", "geometry": {"type": "Point", "coordinates": [381394.52, 3374307.97]}, "properties": {"cell_id": 896, "max_wse_m": 4239.8}}, {"type": "Feature", "geometry": {"type": "Point", "coordinates": [381434.52, 3374307.97]}, "properties": {"cell_id": 897, "max_wse_m": 4263.8}}, {"type": "Feature", "geometry": {"type": "Point", "coordinates": [381474.52, 3374307.97]}, "properties": {"cell_id": 898, "max_wse_m": 4265.64}}, {"type": "Feature", "geometry": {"type": "Point", "coordinates": [370074.52, 3374267.97]}, "properties": {"cell_id": 899, "max_wse_m": 1874.37}}, {"type": "Feature", "geometry": {"type": "Point", "coordinates": [370114.52, 3374267.97]}, "properties": {"cell_id": 900, "max_wse_m": 1882.86}}, {"type": "Feature", "geometry": {"type": "Point", "coordinates": [370154.52, 3374267.97]}, "properties": {"cell_id": 901, "max_wse_m": 1899.54}}, {"type": "Feature", "geometry": {"type": "Point", "coordinates": [370194.52, 3374267.97]}, "properties": {"cell_id": 902, "max_wse_m": 1922.21}}, {"type": "Feature", "geometry": {"type": "Point", "coordinates": [370234.52, 3374267.97]}, "properties": {"cell_id": 903, "max_wse_m": 1930.51}}, {"type": "Feature", "geometry": {"type": "Point", "coordinates": [370274.52, 3374267.97]}, "properties": {"cell_id": 904, "max_wse_m": 1947.64}}, {"type": "Feature", "geometry": {"type": "Point", "coordinates": [370314.52, 3374267.97]}, "properties": {"cell_id": 905, "max_wse_m": 1937.84}}, {"type": "Feature", "geometry": {"type": "Point", "coordinates": [370354.52, 3374267.97]}, "properties": {"cell_id": 906, "max_wse_m": 1941.03}}, {"type": "Feature", "geometry": {"type": "Point", "coordinates": [370394.52, 3374267.97]}, "properties": {"cell_id": 907, "max_wse_m": 1947.04}}, {"type": "Feature", "geometry": {"type": "Point", "coordinates": [370434.52, 3374267.97]}, "properties": {"cell_id": 908, "max_wse_m": 1965.24}}, {"type": "Feature", "geometry": {"type": "Point", "coordinates": [370474.52, 3374267.97]}, "properties": {"cell_id": 909, "max_wse_m": 1986.41}}, {"type": "Feature", "geometry": {"type": "Point", "coordinates": [370514.52, 3374267.97]}, "properties": {"cell_id": 910, "max_wse_m": 1998.68}}, {"type": "Feature", "geometry": {"type": "Point", "coordinates": [370554.52, 3374267.97]}, "properties": {"cell_id": 911, "max_wse_m": 2023.72}}, {"type": "Feature", "geometry": {"type": "Point", "coordinates": [370594.52, 3374267.97]}, "properties": {"cell_id": 912, "max_wse_m": 2046.76}}, {"type": "Feature", "geometry": {"type": "Point", "coordinates": [370634.52, 3374267.97]}, "properties": {"cell_id": 913, "max_wse_m": 2069.6}}, {"type": "Feature", "geometry": {"type": "Point", "coordinates": [370674.52, 3374267.97]}, "properties": {"cell_id": 914, "max_wse_m": 2113.98}}, {"type": "Feature", "geometry": {"type": "Point", "coordinates": [370714.52, 3374267.97]}, "properties": {"cell_id": 915, "max_wse_m": 2149.63}}, {"type": "Feature", "geometry": {"type": "Point", "coordinates": [370754.52, 3374267.97]}, "properties": {"cell_id": 916, "max_wse_m": 2154.66}}, {"type": "Feature", "geometry": {"type": "Point", "coordinates": [370794.52, 3374267.97]}, "properties": {"cell_id": 917, "max_wse_m": 2164.38}}, {"type": "Feature", "geometry": {"type": "Point", "coordinates": [370834.52, 3374267.97]}, "properties": {"cell_id": 918, "max_wse_m": 2145.08}}, {"type": "Feature", "geometry": {"type": "Point", "coordinates": [370874.52, 3374267.97]}, "properties": {"cell_id": 919, "max_wse_m": 2135.95}}, {"type": "Feature", "geometry": {"type": "Point", "coordinates": [370914.52, 3374267.97]}, "properties": {"cell_id": 920, "max_wse_m": 2135.83}}, {"type": "Feature", "geometry": {"type": "Point", "coordinates": [370954.52, 3374267.97]}, "properties": {"cell_id": 921, "max_wse_m": 2149.59}}, {"type": "Feature", "geometry": {"type": "Point", "coordinates": [370994.52, 3374267.97]}, "properties": {"cell_id": 922, "max_wse_m": 2196.68}}, {"type": "Feature", "geometry": {"type": "Point", "coordinates": [371034.52, 3374267.97]}, "properties": {"cell_id": 923, "max_wse_m": 2251.17}}, {"type": "Feature", "geometry": {"type": "Point", "coordinates": [371074.52, 3374267.97]}, "properties": {"cell_id": 924, "max_wse_m": 2281.79}}, {"type": "Feature", "geometry": {"type": "Point", "coordinates": [371114.52, 3374267.97]}, "properties": {"cell_id": 925, "max_wse_m": 2313.79}}, {"type": "Feature", "geometry": {"type": "Point", "coordinates": [371154.52, 3374267.97]}, "properties": {"cell_id": 926, "max_wse_m": 2328.64}}, {"type": "Feature", "geometry": {"type": "Point", "coordinates": [371194.52, 3374267.97]}, "properties": {"cell_id": 927, "max_wse_m": 2359.61}}, {"type": "Feature", "geometry": {"type": "Point", "coordinates": [371234.52, 3374267.97]}, "properties": {"cell_id": 928, "max_wse_m": 2376.43}}, {"type": "Feature", "geometry": {"type": "Point", "coordinates": [371274.52, 3374267.97]}, "properties": {"cell_id": 929, "max_wse_m": 2392.81}}, {"type": "Feature", "geometry": {"type": "Point", "coordinates": [371314.52, 3374267.97]}, "properties": {"cell_id": 930, "max_wse_m": 2387.23}}, {"type": "Feature", "geometry": {"type": "Point", "coordinates": [371354.52, 3374267.97]}, "properties": {"cell_id": 931, "max_wse_m": 2357.55}}, {"type": "Feature", "geometry": {"type": "Point", "coordinates": [371394.52, 3374267.97]}, "properties": {"cell_id": 932, "max_wse_m": 2329.86}}, {"type": "Feature", "geometry": {"type": "Point", "coordinates": [371434.52, 3374267.97]}, "properties": {"cell_id": 933, "max_wse_m": 2306.22}}, {"type": "Feature", "geometry": {"type": "Point", "coordinates": [371474.52, 3374267.97]}, "properties": {"cell_id": 934, "max_wse_m": 2286.17}}, {"type": "Feature", "geometry": {"type": "Point", "coordinates": [371514.52, 3374267.97]}, "properties": {"cell_id": 935, "max_wse_m": 2283.77}}, {"type": "Feature", "geometry": {"type": "Point", "coordinates": [371554.52, 3374267.97]}, "properties": {"cell_id": 936, "max_wse_m": 2300.6}}, {"type": "Feature", "geometry": {"type": "Point", "coordinates": [371594.52, 3374267.97]}, "properties": {"cell_id": 937, "max_wse_m": 2343.29}}, {"type": "Feature", "geometry": {"type": "Point", "coordinates": [371634.52, 3374267.97]}, "properties": {"cell_id": 938, "max_wse_m": 2343.27}}, {"type": "Feature", "geometry": {"type": "Point", "coordinates": [371674.52, 3374267.97]}, "properties": {"cell_id": 939, "max_wse_m": 2330.17}}, {"type": "Feature", "geometry": {"type": "Point", "coordinates": [371714.52, 3374267.97]}, "properties": {"cell_id": 940, "max_wse_m": 2310.56}}, {"type": "Feature", "geometry": {"type": "Point", "coordinates": [371754.52, 3374267.97]}, "properties": {"cell_id": 941, "max_wse_m": 2297.55}}, {"type": "Feature", "geometry": {"type": "Point", "coordinates": [371794.52, 3374267.97]}, "properties": {"cell_id": 942, "max_wse_m": 2283.37}}, {"type": "Feature", "geometry": {"type": "Point", "coordinates": [371834.52, 3374267.97]}, "properties": {"cell_id": 943, "max_wse_m": 2277.82}}, {"type": "Feature", "geometry": {"type": "Point", "coordinates": [371874.52, 3374267.97]}, "properties": {"cell_id": 944, "max_wse_m": 2260.29}}, {"type": "Feature", "geometry": {"type": "Point", "coordinates": [371914.52, 3374267.97]}, "properties": {"cell_id": 945, "max_wse_m": 2251.87}}, {"type": "Feature", "geometry": {"type": "Point", "coordinates": [371954.52, 3374267.97]}, "properties": {"cell_id": 946, "max_wse_m": 2250.53}}, {"type": "Feature", "geometry": {"type": "Point", "coordinates": [371994.52, 3374267.97]}, "properties": {"cell_id": 947, "max_wse_m": 2250.53}}, {"type": "Feature", "geometry": {"type": "Point", "coordinates": [372034.52, 3374267.97]}, "properties": {"cell_id": 948, "max_wse_m": 2240.93}}, {"type": "Feature", "geometry": {"type": "Point", "coordinates": [372074.52, 3374267.97]}, "properties": {"cell_id": 949, "max_wse_m": 2222.55}}, {"type": "Feature", "geometry": {"type": "Point", "coordinates": [372114.52, 3374267.97]}, "properties": {"cell_id": 950, "max_wse_m": 2220.01}}, {"type": "Feature", "geometry": {"type": "Point", "coordinates": [372154.52, 3374267.97]}, "properties": {"cell_id": 951, "max_wse_m": 2220.04}}, {"type": "Feature", "geometry": {"type": "Point", "coordinates": [372194.52, 3374267.97]}, "properties": {"cell_id": 952, "max_wse_m": 2189.34}}, {"type": "Feature", "geometry": {"type": "Point", "coordinates": [372234.52, 3374267.97]}, "properties": {"cell_id": 953, "max_wse_m": 2151.28}}, {"type": "Feature", "geometry": {"type": "Point", "coordinates": [372274.52, 3374267.97]}, "properties": {"cell_id": 954, "max_wse_m": 2151.95}}, {"type": "Feature", "geometry": {"type": "Point", "coordinates": [372314.52, 3374267.97]}, "properties": {"cell_id": 955, "max_wse_m": 2167.57}}, {"type": "Feature", "geometry": {"type": "Point", "coordinates": [372354.52, 3374267.97]}, "properties": {"cell_id": 956, "max_wse_m": 2188.03}}, {"type": "Feature", "geometry": {"type": "Point", "coordinates": [372394.52, 3374267.97]}, "properties": {"cell_id": 957, "max_wse_m": 2200.65}}, {"type": "Feature", "geometry": {"type": "Point", "coordinates": [372434.52, 3374267.97]}, "properties": {"cell_id": 958, "max_wse_m": 2213.05}}, {"type": "Feature", "geometry": {"type": "Point", "coordinates": [372474.52, 3374267.97]}, "properties": {"cell_id": 959, "max_wse_m": 2239.4}}, {"type": "Feature", "geometry": {"type": "Point", "coordinates": [372514.52, 3374267.97]}, "properties": {"cell_id": 960, "max_wse_m": 2253.27}}, {"type": "Feature", "geometry": {"type": "Point", "coordinates": [372554.52, 3374267.97]}, "properties": {"cell_id": 961, "max_wse_m": 2235.94}}, {"type": "Feature", "geometry": {"type": "Point", "coordinates": [372594.52, 3374267.97]}, "properties": {"cell_id": 962, "max_wse_m": 2203.14}}, {"type": "Feature", "geometry": {"type": "Point", "coordinates": [372634.52, 3374267.97]}, "properties": {"cell_id": 963, "max_wse_m": 2181.3}}, {"type": "Feature", "geometry": {"type": "Point", "coordinates": [372674.52, 3374267.97]}, "properties": {"cell_id": 964, "max_wse_m": 2180.64}}, {"type": "Feature", "geometry": {"type": "Point", "coordinates": [372714.52, 3374267.97]}, "properties": {"cell_id": 965, "max_wse_m": 2196.63}}, {"type": "Feature", "geometry": {"type": "Point", "coordinates": [372754.52, 3374267.97]}, "properties": {"cell_id": 966, "max_wse_m": 2206.6}}, {"type": "Feature", "geometry": {"type": "Point", "coordinates": [372794.52, 3374267.97]}, "properties": {"cell_id": 967, "max_wse_m": 2218.74}}, {"type": "Feature", "geometry": {"type": "Point", "coordinates": [372834.52, 3374267.97]}, "properties": {"cell_id": 968, "max_wse_m": 2227.97}}, {"type": "Feature", "geometry": {"type": "Point", "coordinates": [372874.52, 3374267.97]}, "properties": {"cell_id": 969, "max_wse_m": 2229.13}}, {"type": "Feature", "geometry": {"type": "Point", "coordinates": [372914.52, 3374267.97]}, "properties": {"cell_id": 970, "max_wse_m": 2229.28}}, {"type": "Feature", "geometry": {"type": "Point", "coordinates": [372954.52, 3374267.97]}, "properties": {"cell_id": 971, "max_wse_m": 2239.56}}, {"type": "Feature", "geometry": {"type": "Point", "coordinates": [372994.52, 3374267.97]}, "properties": {"cell_id": 972, "max_wse_m": 2220.17}}, {"type": "Feature", "geometry": {"type": "Point", "coordinates": [373034.52, 3374267.97]}, "properties": {"cell_id": 973, "max_wse_m": 2226.68}}, {"type": "Feature", "geometry": {"type": "Point", "coordinates": [373074.52, 3374267.97]}, "properties": {"cell_id": 974, "max_wse_m": 2257.74}}, {"type": "Feature", "geometry": {"type": "Point", "coordinates": [373114.52, 3374267.97]}, "properties": {"cell_id": 975, "max_wse_m": 2321.84}}, {"type": "Feature", "geometry": {"type": "Point", "coordinates": [373154.52, 3374267.97]}, "properties": {"cell_id": 976, "max_wse_m": 2366.07}}, {"type": "Feature", "geometry": {"type": "Point", "coordinates": [379194.52, 3374267.97]}, "properties": {"cell_id": 977, "max_wse_m": 3031.08}}, {"type": "Feature", "geometry": {"type": "Point", "coordinates": [379234.52, 3374267.97]}, "properties": {"cell_id": 978, "max_wse_m": 3072.01}}, {"type": "Feature", "geometry": {"type": "Point", "coordinates": [379274.52, 3374267.97]}, "properties": {"cell_id": 979, "max_wse_m": 3125.05}}, {"type": "Feature", "geometry": {"type": "Point", "coordinates": [379314.52, 3374267.97]}, "properties": {"cell_id": 980, "max_wse_m": 3202.51}}, {"type": "Feature", "geometry": {"type": "Point", "coordinates": [379354.52, 3374267.97]}, "properties": {"cell_id": 981, "max_wse_m": 3214.72}}, {"type": "Feature", "geometry": {"type": "Point", "coordinates": [379394.52, 3374267.97]}, "properties": {"cell_id": 982, "max_wse_m": 3244.47}}, {"type": "Feature", "geometry": {"type": "Point", "coordinates": [379434.52, 3374267.97]}, "properties": {"cell_id": 983, "max_wse_m": 3252.12}}, {"type": "Feature", "geometry": {"type": "Point", "coordinates": [379474.52, 3374267.97]}, "properties": {"cell_id": 984, "max_wse_m": 3302.6}}, {"type": "Feature", "geometry": {"type": "Point", "coordinates": [379514.52, 3374267.97]}, "properties": {"cell_id": 985, "max_wse_m": 3310.14}}, {"type": "Feature", "geometry": {"type": "Point", "coordinates": [379554.52, 3374267.97]}, "properties": {"cell_id": 986, "max_wse_m": 3318.4}}, {"type": "Feature", "geometry": {"type": "Point", "coordinates": [379594.52, 3374267.97]}, "properties": {"cell_id": 987, "max_wse_m": 3341.15}}, {"type": "Feature", "geometry": {"type": "Point", "coordinates": [379634.52, 3374267.97]}, "properties": {"cell_id": 988, "max_wse_m": 3371.69}}, {"type": "Feature", "geometry": {"type": "Point", "coordinates": [379674.52, 3374267.97]}, "properties": {"cell_id": 989, "max_wse_m": 3407.16}}, {"type": "Feature", "geometry": {"type": "Point", "coordinates": [379714.52, 3374267.97]}, "properties": {"cell_id": 990, "max_wse_m": 3440.45}}, {"type": "Feature", "geometry": {"type": "Point", "coordinates": [379754.52, 3374267.97]}, "properties": {"cell_id": 991, "max_wse_m": 3459.18}}, {"type": "Feature", "geometry": {"type": "Point", "coordinates": [379794.52, 3374267.97]}, "properties": {"cell_id": 992, "max_wse_m": 3497.84}}, {"type": "Feature", "geometry": {"type": "Point", "coordinates": [379834.52, 3374267.97]}, "properties": {"cell_id": 993, "max_wse_m": 3530.86}}, {"type": "Feature", "geometry": {"type": "Point", "coordinates": [379874.52, 3374267.97]}, "properties": {"cell_id": 994, "max_wse_m": 3565.5}}, {"type": "Feature", "geometry": {"type": "Point", "coordinates": [379914.52, 3374267.97]}, "properties": {"cell_id": 995, "max_wse_m": 3574.52}}, {"type": "Feature", "geometry": {"type": "Point", "coordinates": [379954.52, 3374267.97]}, "properties": {"cell_id": 996, "max_wse_m": 3574.46}}, {"type": "Feature", "geometry": {"type": "Point", "coordinates": [379994.52, 3374267.97]}, "properties": {"cell_id": 997, "max_wse_m": 3589.73}}, {"type": "Feature", "geometry": {"type": "Point", "coordinates": [380034.52, 3374267.97]}, "properties": {"cell_id": 998, "max_wse_m": 3623.01}}, {"type": "Feature", "geometry": {"type": "Point", "coordinates": [380074.52, 3374267.97]}, "properties": {"cell_id": 999, "max_wse_m": 3673.38}}, {"type": "Feature", "geometry": {"type": "Point", "coordinates": [380114.52, 3374267.97]}, "properties": {"cell_id": 1000, "max_wse_m": 3703.42}}, {"type": "Feature", "geometry": {"type": "Point", "coordinates": [380154.52, 3374267.97]}, "properties": {"cell_id": 1001, "max_wse_m": 3701.31}}, {"type": "Feature", "geometry": {"type": "Point", "coordinates": [380194.52, 3374267.97]}, "properties": {"cell_id": 1002, "max_wse_m": 3709.25}}, {"type": "Feature", "geometry": {"type": "Point", "coordinates": [380234.52, 3374267.97]}, "properties": {"cell_id": 1003, "max_wse_m": 3726.89}}, {"type": "Feature", "geometry": {"type": "Point", "coordinates": [380274.52, 3374267.97]}, "properties": {"cell_id": 1004, "max_wse_m": 3757.19}}, {"type": "Feature", "geometry": {"type": "Point", "coordinates": [380314.52, 3374267.97]}, "properties": {"cell_id": 1005, "max_wse_m": 3778.4}}, {"type": "Feature", "geometry": {"type": "Point", "coordinates": [380354.52, 3374267.97]}, "properties": {"cell_id": 1006, "max_wse_m": 3821.27}}, {"type": "Feature", "geometry": {"type": "Point", "coordinates": [380394.52, 3374267.97]}, "properties": {"cell_id": 1007, "max_wse_m": 3840.26}}, {"type": "Feature", "geometry": {"type": "Point", "coordinates": [380434.52, 3374267.97]}, "properties": {"cell_id": 1008, "max_wse_m": 3854.88}}, {"type": "Feature", "geometry": {"type": "Point", "coordinates": [380474.52, 3374267.97]}, "properties": {"cell_id": 1009, "max_wse_m": 3862.43}}, {"type": "Feature", "geometry": {"type": "Point", "coordinates": [380514.52, 3374267.97]}, "properties": {"cell_id": 1010, "max_wse_m": 3867.53}}, {"type": "Feature", "geometry": {"type": "Point", "coordinates": [380554.52, 3374267.97]}, "properties": {"cell_id": 1011, "max_wse_m": 3878.73}}, {"type": "Feature", "geometry": {"type": "Point", "coordinates": [380594.52, 3374267.97]}, "properties": {"cell_id": 1012, "max_wse_m": 3891.77}}, {"type": "Feature", "geometry": {"type": "Point", "coordinates": [380634.52, 3374267.97]}, "properties": {"cell_id": 1013, "max_wse_m": 3906.44}}, {"type": "Feature", "geometry": {"type": "Point", "coordinates": [380674.52, 3374267.97]}, "properties": {"cell_id": 1014, "max_wse_m": 3915.21}}, {"type": "Feature", "geometry": {"type": "Point", "coordinates": [380714.52, 3374267.97]}, "properties": {"cell_id": 1015, "max_wse_m": 3924.71}}, {"type": "Feature", "geometry": {"type": "Point", "coordinates": [380754.52, 3374267.97]}, "properties": {"cell_id": 1016, "max_wse_m": 3945.97}}, {"type": "Feature", "geometry": {"type": "Point", "coordinates": [380794.52, 3374267.97]}, "properties": {"cell_id": 1017, "max_wse_m": 3972.32}}, {"type": "Feature", "geometry": {"type": "Point", "coordinates": [380834.52, 3374267.97]}, "properties": {"cell_id": 1018, "max_wse_m": 3980.89}}, {"type": "Feature", "geometry": {"type": "Point", "coordinates": [380874.52, 3374267.97]}, "properties": {"cell_id": 1019, "max_wse_m": 3988.53}}, {"type": "Feature", "geometry": {"type": "Point", "coordinates": [380914.52, 3374267.97]}, "properties": {"cell_id": 1020, "max_wse_m": 4017.18}}, {"type": "Feature", "geometry": {"type": "Point", "coordinates": [380954.52, 3374267.97]}, "properties": {"cell_id": 1021, "max_wse_m": 4050.4}}, {"type": "Feature", "geometry": {"type": "Point", "coordinates": [380994.52, 3374267.97]}, "properties": {"cell_id": 1022, "max_wse_m": 4081.39}}, {"type": "Feature", "geometry": {"type": "Point", "coordinates": [381034.52, 3374267.97]}, "properties": {"cell_id": 1023, "max_wse_m": 4113.62}}, {"type": "Feature", "geometry": {"type": "Point", "coordinates": [381074.52, 3374267.97]}, "properties": {"cell_id": 1024, "max_wse_m": 4149.27}}, {"type": "Feature", "geometry": {"type": "Point", "coordinates": [381114.52, 3374267.97]}, "properties": {"cell_id": 1025, "max_wse_m": 4179.77}}, {"type": "Feature", "geometry": {"type": "Point", "coordinates": [381154.52, 3374267.97]}, "properties": {"cell_id": 1026, "max_wse_m": 4192.18}}, {"type": "Feature", "geometry": {"type": "Point", "coordinates": [381194.52, 3374267.97]}, "properties": {"cell_id": 1027, "max_wse_m": 4191.09}}, {"type": "Feature", "geometry": {"type": "Point", "coordinates": [381234.52, 3374267.97]}, "properties": {"cell_id": 1028, "max_wse_m": 4192.57}}, {"type": "Feature", "geometry": {"type": "Point", "coordinates": [381274.52, 3374267.97]}, "properties": {"cell_id": 1029, "max_wse_m": 4210.26}}, {"type": "Feature", "geometry": {"type": "Point", "coordinates": [381314.52, 3374267.97]}, "properties": {"cell_id": 1030, "max_wse_m": 4232.3}}, {"type": "Feature", "geometry": {"type": "Point", "coordinates": [381354.52, 3374267.97]}, "properties": {"cell_id": 1031, "max_wse_m": 4238.19}}, {"type": "Feature", "geometry": {"type": "Point", "coordinates": [381394.52, 3374267.97]}, "properties": {"cell_id": 1032, "max_wse_m": 4258.54}}, {"type": "Feature", "geometry": {"type": "Point", "coordinates": [381434.52, 3374267.97]}, "properties": {"cell_id": 1033, "max_wse_m": 4295.96}}, {"type": "Feature", "geometry": {"type": "Point", "coordinates": [381474.52, 3374267.97]}, "properties": {"cell_id": 1034, "max_wse_m": 4297.56}}, {"type": "Feature", "geometry": {"type": "Point", "coordinates": [381514.52, 3374267.97]}, "properties": {"cell_id": 1035, "max_wse_m": 4279.21}}, {"type": "Feature", "geometry": {"type": "Point", "coordinates": [381554.52, 3374267.97]}, "properties": {"cell_id": 1036, "max_wse_m": 4282.25}}, {"type": "Feature", "geometry": {"type": "Point", "coordinates": [370074.52, 3374227.97]}, "properties": {"cell_id": 1037, "max_wse_m": 1854.74}}, {"type": "Feature", "geometry": {"type": "Point", "coordinates": [370114.52, 3374227.97]}, "properties": {"cell_id": 1038, "max_wse_m": 1863.46}}, {"type": "Feature", "geometry": {"type": "Point", "coordinates": [370154.52, 3374227.97]}, "properties": {"cell_id": 1039, "max_wse_m": 1880.65}}, {"type": "Feature", "geometry": {"type": "Point", "coordinates": [370194.52, 3374227.97]}, "properties": {"cell_id": 1040, "max_wse_m": 1885.88}}, {"type": "Feature", "geometry": {"type": "Point", "coordinates": [370234.52, 3374227.97]}, "properties": {"cell_id": 1041, "max_wse_m": 1899.0}}, {"type": "Feature", "geometry": {"type": "Point", "coordinates": [370274.52, 3374227.97]}, "properties": {"cell_id": 1042, "max_wse_m": 1909.82}}, {"type": "Feature", "geometry": {"type": "Point", "coordinates": [370314.52, 3374227.97]}, "properties": {"cell_id": 1043, "max_wse_m": 1910.02}}, {"type": "Feature", "geometry": {"type": "Point", "coordinates": [370354.52, 3374227.97]}, "properties": {"cell_id": 1044, "max_wse_m": 1912.93}}, {"type": "Feature", "geometry": {"type": "Point", "coordinates": [370394.52, 3374227.97]}, "properties": {"cell_id": 1045, "max_wse_m": 1912.36}}, {"type": "Feature", "geometry": {"type": "Point", "coordinates": [370434.52, 3374227.97]}, "properties": {"cell_id": 1046, "max_wse_m": 1923.72}}, {"type": "Feature", "geometry": {"type": "Point", "coordinates": [370474.52, 3374227.97]}, "properties": {"cell_id": 1047, "max_wse_m": 1938.48}}, {"type": "Feature", "geometry": {"type": "Point", "coordinates": [370514.52, 3374227.97]}, "properties": {"cell_id": 1048, "max_wse_m": 1963.16}}, {"type": "Feature", "geometry": {"type": "Point", "coordinates": [370554.52, 3374227.97]}, "properties": {"cell_id": 1049, "max_wse_m": 1974.34}}, {"type": "Feature", "geometry": {"type": "Point", "coordinates": [370594.52, 3374227.97]}, "properties": {"cell_id": 1050, "max_wse_m": 1996.82}}, {"type": "Feature", "geometry": {"type": "Point", "coordinates": [370634.52, 3374227.97]}, "properties": {"cell_id": 1051, "max_wse_m": 2026.76}}, {"type": "Feature", "geometry": {"type": "Point", "coordinates": [370674.52, 3374227.97]}, "properties": {"cell_id": 1052, "max_wse_m": 2067.05}}, {"type": "Feature", "geometry": {"type": "Point", "coordinates": [370714.52, 3374227.97]}, "properties": {"cell_id": 1053, "max_wse_m": 2104.47}}, {"type": "Feature", "geometry": {"type": "Point", "coordinates": [370754.52, 3374227.97]}, "properties": {"cell_id": 1054, "max_wse_m": 2115.08}}, {"type": "Feature", "geometry": {"type": "Point", "coordinates": [370794.52, 3374227.97]}, "properties": {"cell_id": 1055, "max_wse_m": 2087.9}}, {"type": "Feature", "geometry": {"type": "Point", "coordinates": [370834.52, 3374227.97]}, "properties": {"cell_id": 1056, "max_wse_m": 2085.02}}, {"type": "Feature", "geometry": {"type": "Point", "coordinates": [370874.52, 3374227.97]}, "properties": {"cell_id": 1057, "max_wse_m": 2081.49}}, {"type": "Feature", "geometry": {"type": "Point", "coordinates": [370914.52, 3374227.97]}, "properties": {"cell_id": 1058, "max_wse_m": 2082.23}}, {"type": "Feature", "geometry": {"type": "Point", "coordinates": [370954.52, 3374227.97]}, "properties": {"cell_id": 1059, "max_wse_m": 2108.21}}, {"type": "Feature", "geometry": {"type": "Point", "coordinates": [370994.52, 3374227.97]}, "properties": {"cell_id": 1060, "max_wse_m": 2156.29}}, {"type": "Feature", "geometry": {"type": "Point", "coordinates": [371034.52, 3374227.97]}, "properties": {"cell_id": 1061, "max_wse_m": 2220.39}}, {"type": "Feature", "geometry": {"type": "Point", "coordinates": [371074.52, 3374227.97]}, "properties": {"cell_id": 1062, "max_wse_m": 2253.81}}, {"type": "Feature", "geometry": {"type": "Point", "coordinates": [371114.52, 3374227.97]}, "properties": {"cell_id": 1063, "max_wse_m": 2271.58}}, {"type": "Feature", "geometry": {"type": "Point", "coordinates": [371154.52, 3374227.97]}, "properties": {"cell_id": 1064, "max_wse_m": 2290.64}}, {"type": "Feature", "geometry": {"type": "Point", "coordinates": [371194.52, 3374227.97]}, "properties": {"cell_id": 1065, "max_wse_m": 2324.12}}, {"type": "Feature", "geometry": {"type": "Point", "coordinates": [371234.52, 3374227.97]}, "properties": {"cell_id": 1066, "max_wse_m": 2350.02}}, {"type": "Feature", "geometry": {"type": "Point", "coordinates": [371274.52, 3374227.97]}, "properties": {"cell_id": 1067, "max_wse_m": 2357.06}}, {"type": "Feature", "geometry": {"type": "Point", "coordinates": [371314.52, 3374227.97]}, "properties": {"cell_id": 1068, "max_wse_m": 2356.76}}, {"type": "Feature", "geometry": {"type": "Point", "coordinates": [371354.52, 3374227.97]}, "properties": {"cell_id": 1069, "max_wse_m": 2357.94}}, {"type": "Feature", "geometry": {"type": "Point", "coordinates": [371394.52, 3374227.97]}, "properties": {"cell_id": 1070, "max_wse_m": 2329.69}}, {"type": "Feature", "geometry": {"type": "Point", "coordinates": [371434.52, 3374227.97]}, "properties": {"cell_id": 1071, "max_wse_m": 2292.88}}, {"type": "Feature", "geometry": {"type": "Point", "coordinates": [371474.52, 3374227.97]}, "properties": {"cell_id": 1072, "max_wse_m": 2260.47}}, {"type": "Feature", "geometry": {"type": "Point", "coordinates": [371514.52, 3374227.97]}, "properties": {"cell_id": 1073, "max_wse_m": 2242.01}}, {"type": "Feature", "geometry": {"type": "Point", "coordinates": [371554.52, 3374227.97]}, "properties": {"cell_id": 1074, "max_wse_m": 2253.11}}, {"type": "Feature", "geometry": {"type": "Point", "coordinates": [371594.52, 3374227.97]}, "properties": {"cell_id": 1075, "max_wse_m": 2278.05}}, {"type": "Feature", "geometry": {"type": "Point", "coordinates": [371634.52, 3374227.97]}, "properties": {"cell_id": 1076, "max_wse_m": 2285.6}}, {"type": "Feature", "geometry": {"type": "Point", "coordinates": [371674.52, 3374227.97]}, "properties": {"cell_id": 1077, "max_wse_m": 2316.28}}, {"type": "Feature", "geometry": {"type": "Point", "coordinates": [371714.52, 3374227.97]}, "properties": {"cell_id": 1078, "max_wse_m": 2291.46}}, {"type": "Feature", "geometry": {"type": "Point", "coordinates": [371754.52, 3374227.97]}, "properties": {"cell_id": 1079, "max_wse_m": 2272.48}}, {"type": "Feature", "geometry": {"type": "Point", "coordinates": [371794.52, 3374227.97]}, "properties": {"cell_id": 1080, "max_wse_m": 2256.0}}, {"type": "Feature", "geometry": {"type": "Point", "coordinates": [371834.52, 3374227.97]}, "properties": {"cell_id": 1081, "max_wse_m": 2249.79}}, {"type": "Feature", "geometry": {"type": "Point", "coordinates": [371874.52, 3374227.97]}, "properties": {"cell_id": 1082, "max_wse_m": 2240.32}}, {"type": "Feature", "geometry": {"type": "Point", "coordinates": [371914.52, 3374227.97]}, "properties": {"cell_id": 1083, "max_wse_m": 2226.4}}, {"type": "Feature", "geometry": {"type": "Point", "coordinates": [371954.52, 3374227.97]}, "properties": {"cell_id": 1084, "max_wse_m": 2213.64}}, {"type": "Feature", "geometry": {"type": "Point", "coordinates": [371994.52, 3374227.97]}, "properties": {"cell_id": 1085, "max_wse_m": 2209.53}}, {"type": "Feature", "geometry": {"type": "Point", "coordinates": [372034.52, 3374227.97]}, "properties": {"cell_id": 1086, "max_wse_m": 2194.43}}, {"type": "Feature", "geometry": {"type": "Point", "coordinates": [372074.52, 3374227.97]}, "properties": {"cell_id": 1087, "max_wse_m": 2175.32}}, {"type": "Feature", "geometry": {"type": "Point", "coordinates": [372114.52, 3374227.97]}, "properties": {"cell_id": 1088, "max_wse_m": 2162.28}}, {"type": "Feature", "geometry": {"type": "Point", "coordinates": [372154.52, 3374227.97]}, "properties": {"cell_id": 1089, "max_wse_m": 2153.47}}, {"type": "Feature", "geometry": {"type": "Point", "coordinates": [372194.52, 3374227.97]}, "properties": {"cell_id": 1090, "max_wse_m": 2126.16}}, {"type": "Feature", "geometry": {"type": "Point", "coordinates": [372234.52, 3374227.97]}, "properties": {"cell_id": 1091, "max_wse_m": 2119.81}}, {"type": "Feature", "geometry": {"type": "Point", "coordinates": [372274.52, 3374227.97]}, "properties": {"cell_id": 1092, "max_wse_m": 2126.1}}, {"type": "Feature", "geometry": {"type": "Point", "coordinates": [372314.52, 3374227.97]}, "properties": {"cell_id": 1093, "max_wse_m": 2146.3}}, {"type": "Feature", "geometry": {"type": "Point", "coordinates": [372354.52, 3374227.97]}, "properties": {"cell_id": 1094, "max_wse_m": 2162.96}}, {"type": "Feature", "geometry": {"type": "Point", "coordinates": [372394.52, 3374227.97]}, "properties": {"cell_id": 1095, "max_wse_m": 2165.18}}, {"type": "Feature", "geometry": {"type": "Point", "coordinates": [372434.52, 3374227.97]}, "properties": {"cell_id": 1096, "max_wse_m": 2179.52}}, {"type": "Feature", "geometry": {"type": "Point", "coordinates": [372474.52, 3374227.97]}, "properties": {"cell_id": 1097, "max_wse_m": 2200.76}}, {"type": "Feature", "geometry": {"type": "Point", "coordinates": [372514.52, 3374227.97]}, "properties": {"cell_id": 1098, "max_wse_m": 2208.9}}, {"type": "Feature", "geometry": {"type": "Point", "coordinates": [372554.52, 3374227.97]}, "properties": {"cell_id": 1099, "max_wse_m": 2226.42}}, {"type": "Feature", "geometry": {"type": "Point", "coordinates": [372594.52, 3374227.97]}, "properties": {"cell_id": 1100, "max_wse_m": 2197.4}}, {"type": "Feature", "geometry": {"type": "Point", "coordinates": [372634.52, 3374227.97]}, "properties": {"cell_id": 1101, "max_wse_m": 2161.76}}, {"type": "Feature", "geometry": {"type": "Point", "coordinates": [372674.52, 3374227.97]}, "properties": {"cell_id": 1102, "max_wse_m": 2157.64}}, {"type": "Feature", "geometry": {"type": "Point", "coordinates": [372714.52, 3374227.97]}, "properties": {"cell_id": 1103, "max_wse_m": 2169.5}}, {"type": "Feature", "geometry": {"type": "Point", "coordinates": [372754.52, 3374227.97]}, "properties": {"cell_id": 1104, "max_wse_m": 2180.14}}, {"type": "Feature", "geometry": {"type": "Point", "coordinates": [372794.52, 3374227.97]}, "properties": {"cell_id": 1105, "max_wse_m": 2198.51}}, {"type": "Feature", "geometry": {"type": "Point", "coordinates": [372834.52, 3374227.97]}, "properties": {"cell_id": 1106, "max_wse_m": 2213.63}}, {"type": "Feature", "geometry": {"type": "Point", "coordinates": [372874.52, 3374227.97]}, "properties": {"cell_id": 1107, "max_wse_m": 2214.47}}, {"type": "Feature", "geometry": {"type": "Point", "coordinates": [372914.52, 3374227.97]}, "properties": {"cell_id": 1108, "max_wse_m": 2207.35}}, {"type": "Feature", "geometry": {"type": "Point", "coordinates": [372954.52, 3374227.97]}, "properties": {"cell_id": 1109, "max_wse_m": 2188.66}}, {"type": "Feature", "geometry": {"type": "Point", "coordinates": [372994.52, 3374227.97]}, "properties": {"cell_id": 1110, "max_wse_m": 2181.23}}, {"type": "Feature", "geometry": {"type": "Point", "coordinates": [373034.52, 3374227.97]}, "properties": {"cell_id": 1111, "max_wse_m": 2200.2}}, {"type": "Feature", "geometry": {"type": "Point", "coordinates": [373074.52, 3374227.97]}, "properties": {"cell_id": 1112, "max_wse_m": 2252.75}}, {"type": "Feature", "geometry": {"type": "Point", "coordinates": [373114.52, 3374227.97]}, "properties": {"cell_id": 1113, "max_wse_m": 2294.71}}, {"type": "Feature", "geometry": {"type": "Point", "coordinates": [373154.52, 3374227.97]}, "properties": {"cell_id": 1114, "max_wse_m": 2331.78}}, {"type": "Feature", "geometry": {"type": "Point", "coordinates": [373194.52, 3374227.97]}, "properties": {"cell_id": 1115, "max_wse_m": 2349.03}}, {"type": "Feature", "geometry": {"type": "Point", "coordinates": [373234.52, 3374227.97]}, "properties": {"cell_id": 1116, "max_wse_m": 2372.28}}, {"type": "Feature", "geometry": {"type": "Point", "coordinates": [373274.52, 3374227.97]}, "properties": {"cell_id": 1117, "max_wse_m": 2395.8}}, {"type": "Feature", "geometry": {"type": "Point", "coordinates": [373314.52, 3374227.97]}, "properties": {"cell_id": 1118, "max_wse_m": 2447.52}}, {"type": "Feature", "geometry": {"type": "Point", "coordinates": [373354.52, 3374227.97]}, "properties": {"cell_id": 1119, "max_wse_m": 2479.97}}, {"type": "Feature", "geometry": {"type": "Point", "coordinates": [373394.52, 3374227.97]}, "properties": {"cell_id": 1120, "max_wse_m": 2501.21}}, {"type": "Feature", "geometry": {"type": "Point", "coordinates": [373434.52, 3374227.97]}, "properties": {"cell_id": 1121, "max_wse_m": 2515.18}}, {"type": "Feature", "geometry": {"type": "Point", "coordinates": [373474.52, 3374227.97]}, "properties": {"cell_id": 1122, "max_wse_m": 2499.54}}, {"type": "Feature", "geometry": {"type": "Point", "coordinates": [373514.52, 3374227.97]}, "properties": {"cell_id": 1123, "max_wse_m": 2475.86}}, {"type": "Feature", "geometry": {"type": "Point", "coordinates": [373554.52, 3374227.97]}, "properties": {"cell_id": 1124, "max_wse_m": 2460.9}}, {"type": "Feature", "geometry": {"type": "Point", "coordinates": [373594.52, 3374227.97]}, "properties": {"cell_id": 1125, "max_wse_m": 2457.29}}, {"type": "Feature", "geometry": {"type": "Point", "coordinates": [373634.52, 3374227.97]}, "properties": {"cell_id": 1126, "max_wse_m": 2448.39}}, {"type": "Feature", "geometry": {"type": "Point", "coordinates": [373674.52, 3374227.97]}, "properties": {"cell_id": 1127, "max_wse_m": 2429.59}}, {"type": "Feature", "geometry": {"type": "Point", "coordinates": [379154.52, 3374227.97]}, "properties": {"cell_id": 1128, "max_wse_m": 3002.47}}, {"type": "Feature", "geometry": {"type": "Point", "coordinates": [379194.52, 3374227.97]}, "properties": {"cell_id": 1129, "max_wse_m": 3026.86}}, {"type": "Feature", "geometry": {"type": "Point", "coordinates": [379234.52, 3374227.97]}, "properties": {"cell_id": 1130, "max_wse_m": 3063.33}}, {"type": "Feature", "geometry": {"type": "Point", "coordinates": [379274.52, 3374227.97]}, "properties": {"cell_id": 1131, "max_wse_m": 3090.74}}, {"type": "Feature", "geometry": {"type": "Point", "coordinates": [379314.52, 3374227.97]}, "properties": {"cell_id": 1132, "max_wse_m": 3143.15}}, {"type": "Feature", "geometry": {"type": "Point", "coordinates": [379354.52, 3374227.97]}, "properties": {"cell_id": 1133, "max_wse_m": 3179.89}}, {"type": "Feature", "geometry": {"type": "Point", "coordinates": [379394.52, 3374227.97]}, "properties": {"cell_id": 1134, "max_wse_m": 3202.16}}, {"type": "Feature", "geometry": {"type": "Point", "coordinates": [379434.52, 3374227.97]}, "properties": {"cell_id": 1135, "max_wse_m": 3249.7}}, {"type": "Feature", "geometry": {"type": "Point", "coordinates": [379474.52, 3374227.97]}, "properties": {"cell_id": 1136, "max_wse_m": 3263.7}}, {"type": "Feature", "geometry": {"type": "Point", "coordinates": [379514.52, 3374227.97]}, "properties": {"cell_id": 1137, "max_wse_m": 3274.82}}, {"type": "Feature", "geometry": {"type": "Point", "coordinates": [379554.52, 3374227.97]}, "properties": {"cell_id": 1138, "max_wse_m": 3306.09}}, {"type": "Feature", "geometry": {"type": "Point", "coordinates": [379594.52, 3374227.97]}, "properties": {"cell_id": 1139, "max_wse_m": 3328.81}}, {"type": "Feature", "geometry": {"type": "Point", "coordinates": [379634.52, 3374227.97]}, "properties": {"cell_id": 1140, "max_wse_m": 3364.22}}, {"type": "Feature", "geometry": {"type": "Point", "coordinates": [379674.52, 3374227.97]}, "properties": {"cell_id": 1141, "max_wse_m": 3403.93}}, {"type": "Feature", "geometry": {"type": "Point", "coordinates": [379714.52, 3374227.97]}, "properties": {"cell_id": 1142, "max_wse_m": 3436.52}}, {"type": "Feature", "geometry": {"type": "Point", "coordinates": [379754.52, 3374227.97]}, "properties": {"cell_id": 1143, "max_wse_m": 3474.42}}, {"type": "Feature", "geometry": {"type": "Point", "coordinates": [379794.52, 3374227.97]}, "properties": {"cell_id": 1144, "max_wse_m": 3509.12}}, {"type": "Feature", "geometry": {"type": "Point", "coordinates": [379834.52, 3374227.97]}, "properties": {"cell_id": 1145, "max_wse_m": 3508.24}}, {"type": "Feature", "geometry": {"type": "Point", "coordinates": [379874.52, 3374227.97]}, "properties": {"cell_id": 1146, "max_wse_m": 3530.46}}, {"type": "Feature", "geometry": {"type": "Point", "coordinates": [379914.52, 3374227.97]}, "properties": {"cell_id": 1147, "max_wse_m": 3532.09}}, {"type": "Feature", "geometry": {"type": "Point", "coordinates": [379954.52, 3374227.97]}, "properties": {"cell_id": 1148, "max_wse_m": 3552.31}}, {"type": "Feature", "geometry": {"type": "Point", "coordinates": [379994.52, 3374227.97]}, "properties": {"cell_id": 1149, "max_wse_m": 3580.89}}, {"type": "Feature", "geometry": {"type": "Point", "coordinates": [380034.52, 3374227.97]}, "properties": {"cell_id": 1150, "max_wse_m": 3608.85}}, {"type": "Feature", "geometry": {"type": "Point", "coordinates": [380074.52, 3374227.97]}, "properties": {"cell_id": 1151, "max_wse_m": 3622.39}}, {"type": "Feature", "geometry": {"type": "Point", "coordinates": [380114.52, 3374227.97]}, "properties": {"cell_id": 1152, "max_wse_m": 3638.28}}, {"type": "Feature", "geometry": {"type": "Point", "coordinates": [380154.52, 3374227.97]}, "properties": {"cell_id": 1153, "max_wse_m": 3663.85}}, {"type": "Feature", "geometry": {"type": "Point", "coordinates": [380194.52, 3374227.97]}, "properties": {"cell_id": 1154, "max_wse_m": 3678.48}}, {"type": "Feature", "geometry": {"type": "Point", "coordinates": [380234.52, 3374227.97]}, "properties": {"cell_id": 1155, "max_wse_m": 3702.1}}, {"type": "Feature", "geometry": {"type": "Point", "coordinates": [380274.52, 3374227.97]}, "properties": {"cell_id": 1156, "max_wse_m": 3730.15}}, {"type": "Feature", "geometry": {"type": "Point", "coordinates": [380314.52, 3374227.97]}, "properties": {"cell_id": 1157, "max_wse_m": 3766.88}}, {"type": "Feature", "geometry": {"type": "Point", "coordinates": [380354.52, 3374227.97]}, "properties": {"cell_id": 1158, "max_wse_m": 3796.15}}, {"type": "Feature", "geometry": {"type": "Point", "coordinates": [380394.52, 3374227.97]}, "properties": {"cell_id": 1159, "max_wse_m": 3832.3}}, {"type": "Feature", "geometry": {"type": "Point", "coordinates": [380434.52, 3374227.97]}, "properties": {"cell_id": 1160, "max_wse_m": 3865.45}}, {"type": "Feature", "geometry": {"type": "Point", "coordinates": [380474.52, 3374227.97]}, "properties": {"cell_id": 1161, "max_wse_m": 3882.21}}, {"type": "Feature", "geometry": {"type": "Point", "coordinates": [380514.52, 3374227.97]}, "properties": {"cell_id": 1162, "max_wse_m": 3892.53}}, {"type": "Feature", "geometry": {"type": "Point", "coordinates": [380554.52, 3374227.97]}, "properties": {"cell_id": 1163, "max_wse_m": 3901.71}}, {"type": "Feature", "geometry": {"type": "Point", "coordinates": [380594.52, 3374227.97]}, "properties": {"cell_id": 1164, "max_wse_m": 3915.21}}, {"type": "Feature", "geometry": {"type": "Point", "coordinates": [380634.52, 3374227.97]}, "properties": {"cell_id": 1165, "max_wse_m": 3929.92}}, {"type": "Feature", "geometry": {"type": "Point", "coordinates": [380674.52, 3374227.97]}, "properties": {"cell_id": 1166, "max_wse_m": 3937.57}}, {"type": "Feature", "geometry": {"type": "Point", "coordinates": [380714.52, 3374227.97]}, "properties": {"cell_id": 1167, "max_wse_m": 3945.2}}, {"type": "Feature", "geometry": {"type": "Point", "coordinates": [380754.52, 3374227.97]}, "properties": {"cell_id": 1168, "max_wse_m": 3966.23}}, {"type": "Feature", "geometry": {"type": "Point", "coordinates": [380794.52, 3374227.97]}, "properties": {"cell_id": 1169, "max_wse_m": 3992.48}}, {"type": "Feature", "geometry": {"type": "Point", "coordinates": [380834.52, 3374227.97]}, "properties": {"cell_id": 1170, "max_wse_m": 4008.2}}, {"type": "Feature", "geometry": {"type": "Point", "coordinates": [380874.52, 3374227.97]}, "properties": {"cell_id": 1171, "max_wse_m": 4016.74}}, {"type": "Feature", "geometry": {"type": "Point", "coordinates": [380914.52, 3374227.97]}, "properties": {"cell_id": 1172, "max_wse_m": 4034.3}}, {"type": "Feature", "geometry": {"type": "Point", "coordinates": [380954.52, 3374227.97]}, "properties": {"cell_id": 1173, "max_wse_m": 4053.17}}, {"type": "Feature", "geometry": {"type": "Point", "coordinates": [380994.52, 3374227.97]}, "properties": {"cell_id": 1174, "max_wse_m": 4085.66}}, {"type": "Feature", "geometry": {"type": "Point", "coordinates": [381034.52, 3374227.97]}, "properties": {"cell_id": 1175, "max_wse_m": 4113.27}}, {"type": "Feature", "geometry": {"type": "Point", "coordinates": [381074.52, 3374227.97]}, "properties": {"cell_id": 1176, "max_wse_m": 4150.03}}, {"type": "Feature", "geometry": {"type": "Point", "coordinates": [381114.52, 3374227.97]}, "properties": {"cell_id": 1177, "max_wse_m": 4178.59}}, {"type": "Feature", "geometry": {"type": "Point", "coordinates": [381154.52, 3374227.97]}, "properties": {"cell_id": 1178, "max_wse_m": 4209.28}}, {"type": "Feature", "geometry": {"type": "Point", "coordinates": [381194.52, 3374227.97]}, "properties": {"cell_id": 1179, "max_wse_m": 4207.88}}, {"type": "Feature", "geometry": {"type": "Point", "coordinates": [381234.52, 3374227.97]}, "properties": {"cell_id": 1180, "max_wse_m": 4211.85}}, {"type": "Feature", "geometry": {"type": "Point", "coordinates": [381274.52, 3374227.97]}, "properties": {"cell_id": 1181, "max_wse_m": 4232.16}}, {"type": "Feature", "geometry": {"type": "Point", "coordinates": [381314.52, 3374227.97]}, "properties": {"cell_id": 1182, "max_wse_m": 4262.63}}, {"type": "Feature", "geometry": {"type": "Point", "coordinates": [381354.52, 3374227.97]}, "properties": {"cell_id": 1183, "max_wse_m": 4271.37}}, {"type": "Feature", "geometry": {"type": "Point", "coordinates": [381394.52, 3374227.97]}, "properties": {"cell_id": 1184, "max_wse_m": 4283.4}}, {"type": "Feature", "geometry": {"type": "Point", "coordinates": [381434.52, 3374227.97]}, "properties": {"cell_id": 1185, "max_wse_m": 4320.94}}, {"type": "Feature", "geometry": {"type": "Point", "coordinates": [381474.52, 3374227.97]}, "properties": {"cell_id": 1186, "max_wse_m": 4321.91}}, {"type": "Feature", "geometry": {"type": "Point", "coordinates": [381514.52, 3374227.97]}, "properties": {"cell_id": 1187, "max_wse_m": 4313.58}}, {"type": "Feature", "geometry": {"type": "Point", "coordinates": [381554.52, 3374227.97]}, "properties": {"cell_id": 1188, "max_wse_m": 4302.23}}, {"type": "Feature", "geometry": {"type": "Point", "coordinates": [381594.52, 3374227.97]}, "properties": {"cell_id": 1189, "max_wse_m": 4286.61}}, {"type": "Feature", "geometry": {"type": "Point", "coordinates": [370074.52, 3374187.97]}, "properties": {"cell_id": 1190, "max_wse_m": 1826.67}}, {"type": "Feature", "geometry": {"type": "Point", "coordinates": [370114.52, 3374187.97]}, "properties": {"cell_id": 1191, "max_wse_m": 1831.75}}, {"type": "Feature", "geometry": {"type": "Point", "coordinates": [370154.52, 3374187.97]}, "properties": {"cell_id": 1192, "max_wse_m": 1854.53}}, {"type": "Feature", "geometry": {"type": "Point", "coordinates": [370194.52, 3374187.97]}, "properties": {"cell_id": 1193, "max_wse_m": 1864.88}}, {"type": "Feature", "geometry": {"type": "Point", "coordinates": [370234.52, 3374187.97]}, "properties": {"cell_id": 1194, "max_wse_m": 1870.88}}, {"type": "Feature", "geometry": {"type": "Point", "coordinates": [370274.52, 3374187.97]}, "properties": {"cell_id": 1195, "max_wse_m": 1870.94}}, {"type": "Feature", "geometry": {"type": "Point", "coordinates": [370314.52, 3374187.97]}, "properties": {"cell_id": 1196, "max_wse_m": 1885.44}}, {"type": "Feature", "geometry": {"type": "Point", "coordinates": [370354.52, 3374187.97]}, "properties": {"cell_id": 1197, "max_wse_m": 1888.26}}, {"type": "Feature", "geometry": {"type": "Point", "coordinates": [370394.52, 3374187.97]}, "properties": {"cell_id": 1198, "max_wse_m": 1890.8}}, {"type": "Feature", "geometry": {"type": "Point", "coordinates": [370434.52, 3374187.97]}, "properties": {"cell_id": 1199, "max_wse_m": 1897.94}}, {"type": "Feature", "geometry": {"type": "Point", "coordinates": [370474.52, 3374187.97]}, "properties": {"cell_id": 1200, "max_wse_m": 1902.16}}, {"type": "Feature", "geometry": {"type": "Point", "coordinates": [370514.52, 3374187.97]}, "properties": {"cell_id": 1201, "max_wse_m": 1916.13}}, {"type": "Feature", "geometry": {"type": "Point", "coordinates": [370554.52, 3374187.97]}, "properties": {"cell_id": 1202, "max_wse_m": 1930.56}}, {"type": "Feature", "geometry": {"type": "Point", "coordinates": [370594.52, 3374187.97]}, "properties": {"cell_id": 1203, "max_wse_m": 1967.19}}, {"type": "Feature", "geometry": {"type": "Point", "coordinates": [370634.52, 3374187.97]}, "properties": {"cell_id": 1204, "max_wse_m": 1991.93}}, {"type": "Feature", "geometry": {"type": "Point", "coordinates": [370674.52, 3374187.97]}, "properties": {"cell_id": 1205, "max_wse_m": 2015.11}}, {"type": "Feature", "geometry": {"type": "Point", "coordinates": [370714.52, 3374187.97]}, "properties": {"cell_id": 1206, "max_wse_m": 2009.02}}, {"type": "Feature", "geometry": {"type": "Point", "coordinates": [370754.52, 3374187.97]}, "properties": {"cell_id": 1207, "max_wse_m": 2021.89}}, {"type": "Feature", "geometry": {"type": "Point", "coordinates": [370794.52, 3374187.97]}, "properties": {"cell_id": 1208, "max_wse_m": 2008.97}}, {"type": "Feature", "geometry": {"type": "Point", "coordinates": [370834.52, 3374187.97]}, "properties": {"cell_id": 1209, "max_wse_m": 2011.39}}, {"type": "Feature", "geometry": {"type": "Point", "coordinates": [370874.52, 3374187.97]}, "properties": {"cell_id": 1210, "max_wse_m": 2032.06}}, {"type": "Feature", "geometry": {"type": "Point", "coordinates": [370914.52, 3374187.97]}, "properties": {"cell_id": 1211, "max_wse_m": 2062.71}}, {"type": "Feature", "geometry": {"type": "Point", "coordinates": [370954.52, 3374187.97]}, "properties": {"cell_id": 1212, "max_wse_m": 2107.92}}, {"type": "Feature", "geometry": {"type": "Point", "coordinates": [370994.52, 3374187.97]}, "properties": {"cell_id": 1213, "max_wse_m": 2155.75}}, {"type": "Feature", "geometry": {"type": "Point", "coordinates": [371034.52, 3374187.97]}, "properties": {"cell_id": 1214, "max_wse_m": 2212.31}}, {"type": "Feature", "geometry": {"type": "Point", "coordinates": [371074.52, 3374187.97]}, "properties": {"cell_id": 1215, "max_wse_m": 2217.76}}, {"type": "Feature", "geometry": {"type": "Point", "coordinates": [371114.52, 3374187.97]}, "properties": {"cell_id": 1216, "max_wse_m": 2219.21}}, {"type": "Feature", "geometry": {"type": "Point", "coordinates": [371154.52, 3374187.97]}, "properties": {"cell_id": 1217, "max_wse_m": 2223.49}}, {"type": "Feature", "geometry": {"type": "Point", "coordinates": [371194.52, 3374187.97]}, "properties": {"cell_id": 1218, "max_wse_m": 2247.01}}, {"type": "Feature", "geometry": {"type": "Point", "coordinates": [371234.52, 3374187.97]}, "properties": {"cell_id": 1219, "max_wse_m": 2269.58}}, {"type": "Feature", "geometry": {"type": "Point", "coordinates": [371274.52, 3374187.97]}, "properties": {"cell_id": 1220, "max_wse_m": 2293.54}}, {"type": "Feature", "geometry": {"type": "Point", "coordinates": [371314.52, 3374187.97]}, "properties": {"cell_id": 1221, "max_wse_m": 2300.75}}, {"type": "Feature", "geometry": {"type": "Point", "coordinates": [371354.52, 3374187.97]}, "properties": {"cell_id": 1222, "max_wse_m": 2279.19}}, {"type": "Feature", "geometry": {"type": "Point", "coordinates": [371394.52, 3374187.97]}, "properties": {"cell_id": 1223, "max_wse_m": 2272.26}}, {"type": "Feature", "geometry": {"type": "Point", "coordinates": [371434.52, 3374187.97]}, "properties": {"cell_id": 1224, "max_wse_m": 2229.87}}, {"type": "Feature", "geometry": {"type": "Point", "coordinates": [371474.52, 3374187.97]}, "properties": {"cell_id": 1225, "max_wse_m": 2195.68}}, {"type": "Feature", "geometry": {"type": "Point", "coordinates": [371514.52, 3374187.97]}, "properties": {"cell_id": 1226, "max_wse_m": 2197.28}}, {"type": "Feature", "geometry": {"type": "Point", "coordinates": [371554.52, 3374187.97]}, "properties": {"cell_id": 1227, "max_wse_m": 2218.24}}, {"type": "Feature", "geometry": {"type": "Point", "coordinates": [371594.52, 3374187.97]}, "properties": {"cell_id": 1228, "max_wse_m": 2228.48}}, {"type": "Feature", "geometry": {"type": "Point", "coordinates": [371634.52, 3374187.97]}, "properties": {"cell_id": 1229, "max_wse_m": 2259.99}}, {"type": "Feature", "geometry": {"type": "Point", "coordinates": [371674.52, 3374187.97]}, "properties": {"cell_id": 1230, "max_wse_m": 2264.2}}, {"type": "Feature", "geometry": {"type": "Point", "coordinates": [371714.52, 3374187.97]}, "properties": {"cell_id": 1231, "max_wse_m": 2275.33}}, {"type": "Feature", "geometry": {"type": "Point", "coordinates": [371754.52, 3374187.97]}, "properties": {"cell_id": 1232, "max_wse_m": 2253.71}}, {"type": "Feature", "geometry": {"type": "Point", "coordinates": [371794.52, 3374187.97]}, "properties": {"cell_id": 1233, "max_wse_m": 2226.69}}, {"type": "Feature", "geometry": {"type": "Point", "coordinates": [371834.52, 3374187.97]}, "properties": {"cell_id": 1234, "max_wse_m": 2218.37}}, {"type": "Feature", "geometry": {"type": "Point", "coordinates": [371874.52, 3374187.97]}, "properties": {"cell_id": 1235, "max_wse_m": 2218.17}}, {"type": "Feature", "geometry": {"type": "Point", "coordinates": [371914.52, 3374187.97]}, "properties": {"cell_id": 1236, "max_wse_m": 2205.53}}, {"type": "Feature", "geometry": {"type": "Point", "coordinates": [371954.52, 3374187.97]}, "properties": {"cell_id": 1237, "max_wse_m": 2190.77}}, {"type": "Feature", "geometry": {"type": "Point", "coordinates": [371994.52, 3374187.97]}, "properties": {"cell_id": 1238, "max_wse_m": 2171.68}}, {"type": "Feature", "geometry": {"type": "Point", "coordinates": [372034.52, 3374187.97]}, "properties": {"cell_id": 1239, "max_wse_m": 2166.86}}, {"type": "Feature", "geometry": {"type": "Point", "coordinates": [372074.52, 3374187.97]}, "properties": {"cell_id": 1240, "max_wse_m": 2147.28}}, {"type": "Feature", "geometry": {"type": "Point", "coordinates": [372114.52, 3374187.97]}, "properties": {"cell_id": 1241, "max_wse_m": 2119.49}}, {"type": "Feature", "geometry": {"type": "Point", "coordinates": [372154.52, 3374187.97]}, "properties": {"cell_id": 1242, "max_wse_m": 2090.39}}, {"type": "Feature", "geometry": {"type": "Point", "coordinates": [372194.52, 3374187.97]}, "properties": {"cell_id": 1243, "max_wse_m": 2078.66}}, {"type": "Feature", "geometry": {"type": "Point", "coordinates": [372234.52, 3374187.97]}, "properties": {"cell_id": 1244, "max_wse_m": 2080.74}}, {"type": "Feature", "geometry": {"type": "Point", "coordinates": [372274.52, 3374187.97]}, "properties": {"cell_id": 1245, "max_wse_m": 2104.23}}, {"type": "Feature", "geometry": {"type": "Point", "coordinates": [372314.52, 3374187.97]}, "properties": {"cell_id": 1246, "max_wse_m": 2124.92}}, {"type": "Feature", "geometry": {"type": "Point", "coordinates": [372354.52, 3374187.97]}, "properties": {"cell_id": 1247, "max_wse_m": 2127.33}}, {"type": "Feature", "geometry": {"type": "Point", "coordinates": [372394.52, 3374187.97]}, "properties": {"cell_id": 1248, "max_wse_m": 2136.57}}, {"type": "Feature", "geometry": {"type": "Point", "coordinates": [372434.52, 3374187.97]}, "properties": {"cell_id": 1249, "max_wse_m": 2151.01}}, {"type": "Feature", "geometry": {"type": "Point", "coordinates": [372474.52, 3374187.97]}, "properties": {"cell_id": 1250, "max_wse_m": 2161.05}}, {"type": "Feature", "geometry": {"type": "Point", "coordinates": [372514.52, 3374187.97]}, "properties": {"cell_id": 1251, "max_wse_m": 2174.44}}, {"type": "Feature", "geometry": {"type": "Point", "coordinates": [372554.52, 3374187.97]}, "properties": {"cell_id": 1252, "max_wse_m": 2189.56}}, {"type": "Feature", "geometry": {"type": "Point", "coordinates": [372594.52, 3374187.97]}, "properties": {"cell_id": 1253, "max_wse_m": 2184.93}}, {"type": "Feature", "geometry": {"type": "Point", "coordinates": [372634.52, 3374187.97]}, "properties": {"cell_id": 1254, "max_wse_m": 2141.44}}, {"type": "Feature", "geometry": {"type": "Point", "coordinates": [372674.52, 3374187.97]}, "properties": {"cell_id": 1255, "max_wse_m": 2135.09}}, {"type": "Feature", "geometry": {"type": "Point", "coordinates": [372714.52, 3374187.97]}, "properties": {"cell_id": 1256, "max_wse_m": 2141.02}}, {"type": "Feature", "geometry": {"type": "Point", "coordinates": [372754.52, 3374187.97]}, "properties": {"cell_id": 1257, "max_wse_m": 2152.37}}, {"type": "Feature", "geometry": {"type": "Point", "coordinates": [372794.52, 3374187.97]}, "properties": {"cell_id": 1258, "max_wse_m": 2170.78}}, {"type": "Feature", "geometry": {"type": "Point", "coordinates": [372834.52, 3374187.97]}, "properties": {"cell_id": 1259, "max_wse_m": 2195.68}}, {"type": "Feature", "geometry": {"type": "Point", "coordinates": [372874.52, 3374187.97]}, "properties": {"cell_id": 1260, "max_wse_m": 2196.69}}, {"type": "Feature", "geometry": {"type": "Point", "coordinates": [372914.52, 3374187.97]}, "properties": {"cell_id": 1261, "max_wse_m": 2175.32}}, {"type": "Feature", "geometry": {"type": "Point", "coordinates": [372954.52, 3374187.97]}, "properties": {"cell_id": 1262, "max_wse_m": 2154.01}}, {"type": "Feature", "geometry": {"type": "Point", "coordinates": [372994.52, 3374187.97]}, "properties": {"cell_id": 1263, "max_wse_m": 2153.91}}, {"type": "Feature", "geometry": {"type": "Point", "coordinates": [373034.52, 3374187.97]}, "properties": {"cell_id": 1264, "max_wse_m": 2184.76}}, {"type": "Feature", "geometry": {"type": "Point", "coordinates": [373074.52, 3374187.97]}, "properties": {"cell_id": 1265, "max_wse_m": 2244.87}}, {"type": "Feature", "geometry": {"type": "Point", "coordinates": [373114.52, 3374187.97]}, "properties": {"cell_id": 1266, "max_wse_m": 2277.72}}, {"type": "Feature", "geometry": {"type": "Point", "coordinates": [373154.52, 3374187.97]}, "properties": {"cell_id": 1267, "max_wse_m": 2298.18}}, {"type": "Feature", "geometry": {"type": "Point", "coordinates": [373194.52, 3374187.97]}, "properties": {"cell_id": 1268, "max_wse_m": 2321.45}}, {"type": "Feature", "geometry": {"type": "Point", "coordinates": [373234.52, 3374187.97]}, "properties": {"cell_id": 1269, "max_wse_m": 2343.65}}, {"type": "Feature", "geometry": {"type": "Point", "coordinates": [373274.52, 3374187.97]}, "properties": {"cell_id": 1270, "max_wse_m": 2363.8}}, {"type": "Feature", "geometry": {"type": "Point", "coordinates": [373314.52, 3374187.97]}, "properties": {"cell_id": 1271, "max_wse_m": 2388.13}}, {"type": "Feature", "geometry": {"type": "Point", "coordinates": [373354.52, 3374187.97]}, "properties": {"cell_id": 1272, "max_wse_m": 2420.97}}, {"type": "Feature", "geometry": {"type": "Point", "coordinates": [373394.52, 3374187.97]}, "properties": {"cell_id": 1273, "max_wse_m": 2462.96}}, {"type": "Feature", "geometry": {"type": "Point", "coordinates": [373434.52, 3374187.97]}, "properties": {"cell_id": 1274, "max_wse_m": 2482.68}}, {"type": "Feature", "geometry": {"type": "Point", "coordinates": [373474.52, 3374187.97]}, "properties": {"cell_id": 1275, "max_wse_m": 2476.55}}, {"type": "Feature", "geometry": {"type": "Point", "coordinates": [373514.52, 3374187.97]}, "properties": {"cell_id": 1276, "max_wse_m": 2452.57}}, {"type": "Feature", "geometry": {"type": "Point", "coordinates": [373554.52, 3374187.97]}, "properties": {"cell_id": 1277, "max_wse_m": 2433.0}}, {"type": "Feature", "geometry": {"type": "Point", "coordinates": [373594.52, 3374187.97]}, "properties": {"cell_id": 1278, "max_wse_m": 2423.33}}, {"type": "Feature", "geometry": {"type": "Point", "coordinates": [373634.52, 3374187.97]}, "properties": {"cell_id": 1279, "max_wse_m": 2422.33}}, {"type": "Feature", "geometry": {"type": "Point", "coordinates": [373674.52, 3374187.97]}, "properties": {"cell_id": 1280, "max_wse_m": 2402.43}}, {"type": "Feature", "geometry": {"type": "Point", "coordinates": [373714.52, 3374187.97]}, "properties": {"cell_id": 1281, "max_wse_m": 2380.65}}, {"type": "Feature", "geometry": {"type": "Point", "coordinates": [373754.52, 3374187.97]}, "properties": {"cell_id": 1282, "max_wse_m": 2368.31}}, {"type": "Feature", "geometry": {"type": "Point", "coordinates": [373794.52, 3374187.97]}, "properties": {"cell_id": 1283, "max_wse_m": 2367.0}}, {"type": "Feature", "geometry": {"type": "Point", "coordinates": [373834.52, 3374187.97]}, "properties": {"cell_id": 1284, "max_wse_m": 2359.31}}, {"type": "Feature", "geometry": {"type": "Point", "coordinates": [373874.52, 3374187.97]}, "properties": {"cell_id": 1285, "max_wse_m": 2338.45}}, {"type": "Feature", "geometry": {"type": "Point", "coordinates": [373914.52, 3374187.97]}, "properties": {"cell_id": 1286, "max_wse_m": 2335.51}}, {"type": "Feature", "geometry": {"type": "Point", "coordinates": [373954.52, 3374187.97]}, "properties": {"cell_id": 1287, "max_wse_m": 2343.61}}, {"type": "Feature", "geometry": {"type": "Point", "coordinates": [373994.52, 3374187.97]}, "properties": {"cell_id": 1288, "max_wse_m": 2345.36}}, {"type": "Feature", "geometry": {"type": "Point", "coordinates": [374034.52, 3374187.97]}, "properties": {"cell_id": 1289, "max_wse_m": 2343.3}}, {"type": "Feature", "geometry": {"type": "Point", "coordinates": [374074.52, 3374187.97]}, "properties": {"cell_id": 1290, "max_wse_m": 2346.4}}, {"type": "Feature", "geometry": {"type": "Point", "coordinates": [374114.52, 3374187.97]}, "properties": {"cell_id": 1291, "max_wse_m": 2317.96}}, {"type": "Feature", "geometry": {"type": "Point", "coordinates": [374154.52, 3374187.97]}, "properties": {"cell_id": 1292, "max_wse_m": 2296.18}}, {"type": "Feature", "geometry": {"type": "Point", "coordinates": [374194.52, 3374187.97]}, "properties": {"cell_id": 1293, "max_wse_m": 2275.88}}, {"type": "Feature", "geometry": {"type": "Point", "coordinates": [379154.52, 3374187.97]}, "properties": {"cell_id": 1294, "max_wse_m": 3020.88}}, {"type": "Feature", "geometry": {"type": "Point", "coordinates": [379194.52, 3374187.97]}, "properties": {"cell_id": 1295, "max_wse_m": 3031.03}}, {"type": "Feature", "geometry": {"type": "Point", "coordinates": [379234.52, 3374187.97]}, "properties": {"cell_id": 1296, "max_wse_m": 3063.61}}, {"type": "Feature", "geometry": {"type": "Point", "coordinates": [379274.52, 3374187.97]}, "properties": {"cell_id": 1297, "max_wse_m": 3087.96}}, {"type": "Feature", "geometry": {"type": "Point", "coordinates": [379314.52, 3374187.97]}, "properties": {"cell_id": 1298, "max_wse_m": 3118.07}}, {"type": "Feature", "geometry": {"type": "Point", "coordinates": [379354.52, 3374187.97]}, "properties": {"cell_id": 1299, "max_wse_m": 3154.84}}, {"type": "Feature", "geometry": {"type": "Point", "coordinates": [379394.52, 3374187.97]}, "properties": {"cell_id": 1300, "max_wse_m": 3189.75}}, {"type": "Feature", "geometry": {"type": "Point", "coordinates": [379434.52, 3374187.97]}, "properties": {"cell_id": 1301, "max_wse_m": 3221.1}}, {"type": "Feature", "geometry": {"type": "Point", "coordinates": [379474.52, 3374187.97]}, "properties": {"cell_id": 1302, "max_wse_m": 3246.67}}, {"type": "Feature", "geometry": {"type": "Point", "coordinates": [379514.52, 3374187.97]}, "properties": {"cell_id": 1303, "max_wse_m": 3273.9}}, {"type": "Feature", "geometry": {"type": "Point", "coordinates": [379554.52, 3374187.97]}, "properties": {"cell_id": 1304, "max_wse_m": 3301.94}}, {"type": "Feature", "geometry": {"type": "Point", "coordinates": [379594.52, 3374187.97]}, "properties": {"cell_id": 1305, "max_wse_m": 3328.66}}, {"type": "Feature", "geometry": {"type": "Point", "coordinates": [379634.52, 3374187.97]}, "properties": {"cell_id": 1306, "max_wse_m": 3364.72}}, {"type": "Feature", "geometry": {"type": "Point", "coordinates": [379674.52, 3374187.97]}, "properties": {"cell_id": 1307, "max_wse_m": 3400.38}}, {"type": "Feature", "geometry": {"type": "Point", "coordinates": [379714.52, 3374187.97]}, "properties": {"cell_id": 1308, "max_wse_m": 3424.47}}, {"type": "Feature", "geometry": {"type": "Point", "coordinates": [379754.52, 3374187.97]}, "properties": {"cell_id": 1309, "max_wse_m": 3459.52}}, {"type": "Feature", "geometry": {"type": "Point", "coordinates": [379794.52, 3374187.97]}, "properties": {"cell_id": 1310, "max_wse_m": 3474.47}}, {"type": "Feature", "geometry": {"type": "Point", "coordinates": [379834.52, 3374187.97]}, "properties": {"cell_id": 1311, "max_wse_m": 3481.72}}, {"type": "Feature", "geometry": {"type": "Point", "coordinates": [379874.52, 3374187.97]}, "properties": {"cell_id": 1312, "max_wse_m": 3482.72}}, {"type": "Feature", "geometry": {"type": "Point", "coordinates": [379914.52, 3374187.97]}, "properties": {"cell_id": 1313, "max_wse_m": 3524.39}}, {"type": "Feature", "geometry": {"type": "Point", "coordinates": [379954.52, 3374187.97]}, "properties": {"cell_id": 1314, "max_wse_m": 3546.01}}, {"type": "Feature", "geometry": {"type": "Point", "coordinates": [379994.52, 3374187.97]}, "properties": {"cell_id": 1315, "max_wse_m": 3550.56}}, {"type": "Feature", "geometry": {"type": "Point", "coordinates": [380034.52, 3374187.97]}, "properties": {"cell_id": 1316, "max_wse_m": 3573.48}}, {"type": "Feature", "geometry": {"type": "Point", "coordinates": [380074.52, 3374187.97]}, "properties": {"cell_id": 1317, "max_wse_m": 3596.54}}, {"type": "Feature", "geometry": {"type": "Point", "coordinates": [380114.52, 3374187.97]}, "properties": {"cell_id": 1318, "max_wse_m": 3627.25}}, {"type": "Feature", "geometry": {"type": "Point", "coordinates": [380154.52, 3374187.97]}, "properties": {"cell_id": 1319, "max_wse_m": 3638.01}}, {"type": "Feature", "geometry": {"type": "Point", "coordinates": [380194.52, 3374187.97]}, "properties": {"cell_id": 1320, "max_wse_m": 3660.28}}, {"type": "Feature", "geometry": {"type": "Point", "coordinates": [380234.52, 3374187.97]}, "properties": {"cell_id": 1321, "max_wse_m": 3688.51}}, {"type": "Feature", "geometry": {"type": "Point", "coordinates": [380274.52, 3374187.97]}, "properties": {"cell_id": 1322, "max_wse_m": 3720.18}}, {"type": "Feature", "geometry": {"type": "Point", "coordinates": [380314.52, 3374187.97]}, "properties": {"cell_id": 1323, "max_wse_m": 3751.55}}, {"type": "Feature", "geometry": {"type": "Point", "coordinates": [380354.52, 3374187.97]}, "properties": {"cell_id": 1324, "max_wse_m": 3790.8}}, {"type": "Feature", "geometry": {"type": "Point", "coordinates": [380394.52, 3374187.97]}, "properties": {"cell_id": 1325, "max_wse_m": 3826.29}}, {"type": "Feature", "geometry": {"type": "Point", "coordinates": [380434.52, 3374187.97]}, "properties": {"cell_id": 1326, "max_wse_m": 3857.22}}, {"type": "Feature", "geometry": {"type": "Point", "coordinates": [380474.52, 3374187.97]}, "properties": {"cell_id": 1327, "max_wse_m": 3896.37}}, {"type": "Feature", "geometry": {"type": "Point", "coordinates": [380514.52, 3374187.97]}, "properties": {"cell_id": 1328, "max_wse_m": 3915.76}}, {"type": "Feature", "geometry": {"type": "Point", "coordinates": [380554.52, 3374187.97]}, "properties": {"cell_id": 1329, "max_wse_m": 3925.27}}, {"type": "Feature", "geometry": {"type": "Point", "coordinates": [380594.52, 3374187.97]}, "properties": {"cell_id": 1330, "max_wse_m": 3939.17}}, {"type": "Feature", "geometry": {"type": "Point", "coordinates": [380634.52, 3374187.97]}, "properties": {"cell_id": 1331, "max_wse_m": 3955.0}}, {"type": "Feature", "geometry": {"type": "Point", "coordinates": [380674.52, 3374187.97]}, "properties": {"cell_id": 1332, "max_wse_m": 3962.62}}, {"type": "Feature", "geometry": {"type": "Point", "coordinates": [380714.52, 3374187.97]}, "properties": {"cell_id": 1333, "max_wse_m": 3966.94}}, {"type": "Feature", "geometry": {"type": "Point", "coordinates": [380754.52, 3374187.97]}, "properties": {"cell_id": 1334, "max_wse_m": 3978.38}}, {"type": "Feature", "geometry": {"type": "Point", "coordinates": [380794.52, 3374187.97]}, "properties": {"cell_id": 1335, "max_wse_m": 3997.37}}, {"type": "Feature", "geometry": {"type": "Point", "coordinates": [380834.52, 3374187.97]}, "properties": {"cell_id": 1336, "max_wse_m": 4021.12}}, {"type": "Feature", "geometry": {"type": "Point", "coordinates": [380874.52, 3374187.97]}, "properties": {"cell_id": 1337, "max_wse_m": 4040.77}}, {"type": "Feature", "geometry": {"type": "Point", "coordinates": [380914.52, 3374187.97]}, "properties": {"cell_id": 1338, "max_wse_m": 4061.59}}, {"type": "Feature", "geometry": {"type": "Point", "coordinates": [380954.52, 3374187.97]}, "properties": {"cell_id": 1339, "max_wse_m": 4077.76}}, {"type": "Feature", "geometry": {"type": "Point", "coordinates": [380994.52, 3374187.97]}, "properties": {"cell_id": 1340, "max_wse_m": 4102.18}}, {"type": "Feature", "geometry": {"type": "Point", "coordinates": [381034.52, 3374187.97]}, "properties": {"cell_id": 1341, "max_wse_m": 4128.64}}, {"type": "Feature", "geometry": {"type": "Point", "coordinates": [381074.52, 3374187.97]}, "properties": {"cell_id": 1342, "max_wse_m": 4150.63}}, {"type": "Feature", "geometry": {"type": "Point", "coordinates": [381114.52, 3374187.97]}, "properties": {"cell_id": 1343, "max_wse_m": 4172.27}}, {"type": "Feature", "geometry": {"type": "Point", "coordinates": [381154.52, 3374187.97]}, "properties": {"cell_id": 1344, "max_wse_m": 4206.61}}, {"type": "Feature", "geometry": {"type": "Point", "coordinates": [381194.52, 3374187.97]}, "properties": {"cell_id": 1345, "max_wse_m": 4224.03}}, {"type": "Feature", "geometry": {"type": "Point", "coordinates": [381234.52, 3374187.97]}, "properties": {"cell_id": 1346, "max_wse_m": 4235.98}}, {"type": "Feature", "geometry": {"type": "Point", "coordinates": [381274.52, 3374187.97]}, "properties": {"cell_id": 1347, "max_wse_m": 4250.87}}, {"type": "Feature", "geometry": {"type": "Point", "coordinates": [381314.52, 3374187.97]}, "properties": {"cell_id": 1348, "max_wse_m": 4275.84}}, {"type": "Feature", "geometry": {"type": "Point", "coordinates": [381354.52, 3374187.97]}, "properties": {"cell_id": 1349, "max_wse_m": 4304.37}}, {"type": "Feature", "geometry": {"type": "Point", "coordinates": [381394.52, 3374187.97]}, "properties": {"cell_id": 1350, "max_wse_m": 4309.29}}, {"type": "Feature", "geometry": {"type": "Point", "coordinates": [381434.52, 3374187.97]}, "properties": {"cell_id": 1351, "max_wse_m": 4323.97}}, {"type": "Feature", "geometry": {"type": "Point", "coordinates": [381474.52, 3374187.97]}, "properties": {"cell_id": 1352, "max_wse_m": 4341.98}}, {"type": "Feature", "geometry": {"type": "Point", "coordinates": [381514.52, 3374187.97]}, "properties": {"cell_id": 1353, "max_wse_m": 4337.89}}, {"type": "Feature", "geometry": {"type": "Point", "coordinates": [381554.52, 3374187.97]}, "properties": {"cell_id": 1354, "max_wse_m": 4324.08}}, {"type": "Feature", "geometry": {"type": "Point", "coordinates": [381594.52, 3374187.97]}, "properties": {"cell_id": 1355, "max_wse_m": 4305.31}}, {"type": "Feature", "geometry": {"type": "Point", "coordinates": [381634.52, 3374187.97]}, "properties": {"cell_id": 1356, "max_wse_m": 4286.9}}, {"type": "Feature", "geometry": {"type": "Point", "coordinates": [381674.52, 3374187.97]}, "properties": {"cell_id": 1357, "max_wse_m": 4288.4}}, {"type": "Feature", "geometry": {"type": "Point", "coordinates": [370074.52, 3374147.97]}, "properties": {"cell_id": 1358, "max_wse_m": 1800.28}}, {"type": "Feature", "geometry": {"type": "Point", "coordinates": [370114.52, 3374147.97]}, "properties": {"cell_id": 1359, "max_wse_m": 1803.26}}, {"type": "Feature", "geometry": {"type": "Point", "coordinates": [370154.52, 3374147.97]}, "properties": {"cell_id": 1360, "max_wse_m": 1816.11}}, {"type": "Feature", "geometry": {"type": "Point", "coordinates": [370194.52, 3374147.97]}, "properties": {"cell_id": 1361, "max_wse_m": 1837.81}}, {"type": "Feature", "geometry": {"type": "Point", "coordinates": [370234.52, 3374147.97]}, "properties": {"cell_id": 1362, "max_wse_m": 1828.68}}, {"type": "Feature", "geometry": {"type": "Point", "coordinates": [370274.52, 3374147.97]}, "properties": {"cell_id": 1363, "max_wse_m": 1810.69}}, {"type": "Feature", "geometry": {"type": "Point", "coordinates": [370314.52, 3374147.97]}, "properties": {"cell_id": 1364, "max_wse_m": 1811.76}}, {"type": "Feature", "geometry": {"type": "Point", "coordinates": [370354.52, 3374147.97]}, "properties": {"cell_id": 1365, "max_wse_m": 1849.05}}, {"type": "Feature", "geometry": {"type": "Point", "coordinates": [370394.52, 3374147.97]}, "properties": {"cell_id": 1366, "max_wse_m": 1862.74}}, {"type": "Feature", "geometry": {"type": "Point", "coordinates": [370434.52, 3374147.97]}, "properties": {"cell_id": 1367, "max_wse_m": 1872.69}}, {"type": "Feature", "geometry": {"type": "Point", "coordinates": [370474.52, 3374147.97]}, "properties": {"cell_id": 1368, "max_wse_m": 1876.34}}, {"type": "Feature", "geometry": {"type": "Point", "coordinates": [370514.52, 3374147.97]}, "properties": {"cell_id": 1369, "max_wse_m": 1889.91}}, {"type": "Feature", "geometry": {"type": "Point", "coordinates": [370554.52, 3374147.97]}, "properties": {"cell_id": 1370, "max_wse_m": 1897.23}}, {"type": "Feature", "geometry": {"type": "Point", "coordinates": [370594.52, 3374147.97]}, "properties": {"cell_id": 1371, "max_wse_m": 1909.54}}, {"type": "Feature", "geometry": {"type": "Point", "coordinates": [370634.52, 3374147.97]}, "properties": {"cell_id": 1372, "max_wse_m": 1932.86}}, {"type": "Feature", "geometry": {"type": "Point", "coordinates": [370674.52, 3374147.97]}, "properties": {"cell_id": 1373, "max_wse_m": 1936.97}}, {"type": "Feature", "geometry": {"type": "Point", "coordinates": [370714.52, 3374147.97]}, "properties": {"cell_id": 1374, "max_wse_m": 1939.5}}, {"type": "Feature", "geometry": {"type": "Point", "coordinates": [370754.52, 3374147.97]}, "properties": {"cell_id": 1375, "max_wse_m": 1951.73}}, {"type": "Feature", "geometry": {"type": "Point", "coordinates": [370794.52, 3374147.97]}, "properties": {"cell_id": 1376, "max_wse_m": 1962.83}}, {"type": "Feature", "geometry": {"type": "Point", "coordinates": [370834.52, 3374147.97]}, "properties": {"cell_id": 1377, "max_wse_m": 1971.33}}, {"type": "Feature", "geometry": {"type": "Point", "coordinates": [370874.52, 3374147.97]}, "properties": {"cell_id": 1378, "max_wse_m": 1999.56}}, {"type": "Feature", "geometry": {"type": "Point", "coordinates": [370914.52, 3374147.97]}, "properties": {"cell_id": 1379, "max_wse_m": 2053.48}}, {"type": "Feature", "geometry": {"type": "Point", "coordinates": [370954.52, 3374147.97]}, "properties": {"cell_id": 1380, "max_wse_m": 2102.79}}, {"type": "Feature", "geometry": {"type": "Point", "coordinates": [370994.52, 3374147.97]}, "properties": {"cell_id": 1381, "max_wse_m": 2142.83}}, {"type": "Feature", "geometry": {"type": "Point", "coordinates": [371034.52, 3374147.97]}, "properties": {"cell_id": 1382, "max_wse_m": 2176.08}}, {"type": "Feature", "geometry": {"type": "Point", "coordinates": [371074.52, 3374147.97]}, "properties": {"cell_id": 1383, "max_wse_m": 2165.59}}, {"type": "Feature", "geometry": {"type": "Point", "coordinates": [371114.52, 3374147.97]}, "properties": {"cell_id": 1384, "max_wse_m": 2159.95}}, {"type": "Feature", "geometry": {"type": "Point", "coordinates": [371154.52, 3374147.97]}, "properties": {"cell_id": 1385, "max_wse_m": 2177.09}}, {"type": "Feature", "geometry": {"type": "Point", "coordinates": [371194.52, 3374147.97]}, "properties": {"cell_id": 1386, "max_wse_m": 2199.98}}, {"type": "Feature", "geometry": {"type": "Point", "coordinates": [371234.52, 3374147.97]}, "properties": {"cell_id": 1387, "max_wse_m": 2220.46}}, {"type": "Feature", "geometry": {"type": "Point", "coordinates": [371274.52, 3374147.97]}, "properties": {"cell_id": 1388, "max_wse_m": 2221.45}}, {"type": "Feature", "geometry": {"type": "Point", "coordinates": [371314.52, 3374147.97]}, "properties": {"cell_id": 1389, "max_wse_m": 2210.93}}, {"type": "Feature", "geometry": {"type": "Point", "coordinates": [371354.52, 3374147.97]}, "properties": {"cell_id": 1390, "max_wse_m": 2212.01}}, {"type": "Feature", "geometry": {"type": "Point", "coordinates": [371394.52, 3374147.97]}, "properties": {"cell_id": 1391, "max_wse_m": 2174.21}}, {"type": "Feature", "geometry": {"type": "Point", "coordinates": [371434.52, 3374147.97]}, "properties": {"cell_id": 1392, "max_wse_m": 2155.64}}, {"type": "Feature", "geometry": {"type": "Point", "coordinates": [371474.52, 3374147.97]}, "properties": {"cell_id": 1393, "max_wse_m": 2154.48}}, {"type": "Feature", "geometry": {"type": "Point", "coordinates": [371514.52, 3374147.97]}, "properties": {"cell_id": 1394, "max_wse_m": 2160.89}}, {"type": "Feature", "geometry": {"type": "Point", "coordinates": [371554.52, 3374147.97]}, "properties": {"cell_id": 1395, "max_wse_m": 2181.43}}, {"type": "Feature", "geometry": {"type": "Point", "coordinates": [371594.52, 3374147.97]}, "properties": {"cell_id": 1396, "max_wse_m": 2181.91}}, {"type": "Feature", "geometry": {"type": "Point", "coordinates": [371634.52, 3374147.97]}, "properties": {"cell_id": 1397, "max_wse_m": 2222.33}}, {"type": "Feature", "geometry": {"type": "Point", "coordinates": [371674.52, 3374147.97]}, "properties": {"cell_id": 1398, "max_wse_m": 2221.63}}, {"type": "Feature", "geometry": {"type": "Point", "coordinates": [371714.52, 3374147.97]}, "properties": {"cell_id": 1399, "max_wse_m": 2249.27}}, {"type": "Feature", "geometry": {"type": "Point", "coordinates": [371754.52, 3374147.97]}, "properties": {"cell_id": 1400, "max_wse_m": 2238.94}}, {"type": "Feature", "geometry": {"type": "Point", "coordinates": [371794.52, 3374147.97]}, "properties": {"cell_id": 1401, "max_wse_m": 2210.89}}, {"type": "Feature", "geometry": {"type": "Point", "coordinates": [371834.52, 3374147.97]}, "properties": {"cell_id": 1402, "max_wse_m": 2188.09}}, {"type": "Feature", "geometry": {"type": "Point", "coordinates": [371874.52, 3374147.97]}, "properties": {"cell_id": 1403, "max_wse_m": 2191.58}}, {"type": "Feature", "geometry": {"type": "Point", "coordinates": [371914.52, 3374147.97]}, "properties": {"cell_id": 1404, "max_wse_m": 2183.58}}, {"type": "Feature", "geometry": {"type": "Point", "coordinates": [371954.52, 3374147.97]}, "properties": {"cell_id": 1405, "max_wse_m": 2166.83}}, {"type": "Feature", "geometry": {"type": "Point", "coordinates": [371994.52, 3374147.97]}, "properties": {"cell_id": 1406, "max_wse_m": 2142.14}}, {"type": "Feature", "geometry": {"type": "Point", "coordinates": [372034.52, 3374147.97]}, "properties": {"cell_id": 1407, "max_wse_m": 2115.01}}, {"type": "Feature", "geometry": {"type": "Point", "coordinates": [372074.52, 3374147.97]}, "properties": {"cell_id": 1408, "max_wse_m": 2090.28}}, {"type": "Feature", "geometry": {"type": "Point", "coordinates": [372114.52, 3374147.97]}, "properties": {"cell_id": 1409, "max_wse_m": 2072.89}}, {"type": "Feature", "geometry": {"type": "Point", "coordinates": [372154.52, 3374147.97]}, "properties": {"cell_id": 1410, "max_wse_m": 2044.91}}, {"type": "Feature", "geometry": {"type": "Point", "coordinates": [372194.52, 3374147.97]}, "properties": {"cell_id": 1411, "max_wse_m": 2044.95}}, {"type": "Feature", "geometry": {"type": "Point", "coordinates": [372234.52, 3374147.97]}, "properties": {"cell_id": 1412, "max_wse_m": 2058.86}}, {"type": "Feature", "geometry": {"type": "Point", "coordinates": [372274.52, 3374147.97]}, "properties": {"cell_id": 1413, "max_wse_m": 2086.94}}, {"type": "Feature", "geometry": {"type": "Point", "coordinates": [372314.52, 3374147.97]}, "properties": {"cell_id": 1414, "max_wse_m": 2093.52}}, {"type": "Feature", "geometry": {"type": "Point", "coordinates": [372354.52, 3374147.97]}, "properties": {"cell_id": 1415, "max_wse_m": 2101.04}}, {"type": "Feature", "geometry": {"type": "Point", "coordinates": [372394.52, 3374147.97]}, "properties": {"cell_id": 1416, "max_wse_m": 2109.25}}, {"type": "Feature", "geometry": {"type": "Point", "coordinates": [372434.52, 3374147.97]}, "properties": {"cell_id": 1417, "max_wse_m": 2126.08}}, {"type": "Feature", "geometry": {"type": "Point", "coordinates": [372474.52, 3374147.97]}, "properties": {"cell_id": 1418, "max_wse_m": 2139.6}}, {"type": "Feature", "geometry": {"type": "Point", "coordinates": [372514.52, 3374147.97]}, "properties": {"cell_id": 1419, "max_wse_m": 2154.09}}, {"type": "Feature", "geometry": {"type": "Point", "coordinates": [372554.52, 3374147.97]}, "properties": {"cell_id": 1420, "max_wse_m": 2166.91}}, {"type": "Feature", "geometry": {"type": "Point", "coordinates": [372594.52, 3374147.97]}, "properties": {"cell_id": 1421, "max_wse_m": 2166.13}}, {"type": "Feature", "geometry": {"type": "Point", "coordinates": [372634.52, 3374147.97]}, "properties": {"cell_id": 1422, "max_wse_m": 2124.48}}, {"type": "Feature", "geometry": {"type": "Point", "coordinates": [372674.52, 3374147.97]}, "properties": {"cell_id": 1423, "max_wse_m": 2106.09}}, {"type": "Feature", "geometry": {"type": "Point", "coordinates": [372714.52, 3374147.97]}, "properties": {"cell_id": 1424, "max_wse_m": 2107.74}}, {"type": "Feature", "geometry": {"type": "Point", "coordinates": [372754.52, 3374147.97]}, "properties": {"cell_id": 1425, "max_wse_m": 2125.75}}, {"type": "Feature", "geometry": {"type": "Point", "coordinates": [372794.52, 3374147.97]}, "properties": {"cell_id": 1426, "max_wse_m": 2133.31}}, {"type": "Feature", "geometry": {"type": "Point", "coordinates": [372834.52, 3374147.97]}, "properties": {"cell_id": 1427, "max_wse_m": 2157.11}}, {"type": "Feature", "geometry": {"type": "Point", "coordinates": [372874.52, 3374147.97]}, "properties": {"cell_id": 1428, "max_wse_m": 2178.82}}, {"type": "Feature", "geometry": {"type": "Point", "coordinates": [372914.52, 3374147.97]}, "properties": {"cell_id": 1429, "max_wse_m": 2166.72}}, {"type": "Feature", "geometry": {"type": "Point", "coordinates": [372954.52, 3374147.97]}, "properties": {"cell_id": 1430, "max_wse_m": 2132.13}}, {"type": "Feature", "geometry": {"type": "Point", "coordinates": [372994.52, 3374147.97]}, "properties": {"cell_id": 1431, "max_wse_m": 2132.06}}, {"type": "Feature", "geometry": {"type": "Point", "coordinates": [373034.52, 3374147.97]}, "properties": {"cell_id": 1432, "max_wse_m": 2161.79}}, {"type": "Feature", "geometry": {"type": "Point", "coordinates": [373074.52, 3374147.97]}, "properties": {"cell_id": 1433, "max_wse_m": 2217.77}}, {"type": "Feature", "geometry": {"type": "Point", "coordinates": [373114.52, 3374147.97]}, "properties": {"cell_id": 1434, "max_wse_m": 2249.21}}, {"type": "Feature", "geometry": {"type": "Point", "coordinates": [373154.52, 3374147.97]}, "properties": {"cell_id": 1435, "max_wse_m": 2273.14}}, {"type": "Feature", "geometry": {"type": "Point", "coordinates": [373194.52, 3374147.97]}, "properties": {"cell_id": 1436, "max_wse_m": 2296.62}}, {"type": "Feature", "geometry": {"type": "Point", "coordinates": [373234.52, 3374147.97]}, "properties": {"cell_id": 1437, "max_wse_m": 2321.08}}, {"type": "Feature", "geometry": {"type": "Point", "coordinates": [373274.52, 3374147.97]}, "properties": {"cell_id": 1438, "max_wse_m": 2345.69}}, {"type": "Feature", "geometry": {"type": "Point", "coordinates": [373314.52, 3374147.97]}, "properties": {"cell_id": 1439, "max_wse_m": 2365.88}}, {"type": "Feature", "geometry": {"type": "Point", "coordinates": [373354.52, 3374147.97]}, "properties": {"cell_id": 1440, "max_wse_m": 2390.63}}, {"type": "Feature", "geometry": {"type": "Point", "coordinates": [373394.52, 3374147.97]}, "properties": {"cell_id": 1441, "max_wse_m": 2413.81}}, {"type": "Feature", "geometry": {"type": "Point", "coordinates": [373434.52, 3374147.97]}, "properties": {"cell_id": 1442, "max_wse_m": 2425.94}}, {"type": "Feature", "geometry": {"type": "Point", "coordinates": [373474.52, 3374147.97]}, "properties": {"cell_id": 1443, "max_wse_m": 2452.1}}, {"type": "Feature", "geometry": {"type": "Point", "coordinates": [373514.52, 3374147.97]}, "properties": {"cell_id": 1444, "max_wse_m": 2422.97}}, {"type": "Feature", "geometry": {"type": "Point", "coordinates": [373554.52, 3374147.97]}, "properties": {"cell_id": 1445, "max_wse_m": 2404.5}}, {"type": "Feature", "geometry": {"type": "Point", "coordinates": [373594.52, 3374147.97]}, "properties": {"cell_id": 1446, "max_wse_m": 2390.19}}, {"type": "Feature", "geometry": {"type": "Point", "coordinates": [373634.52, 3374147.97]}, "properties": {"cell_id": 1447, "max_wse_m": 2390.21}}, {"type": "Feature", "geometry": {"type": "Point", "coordinates": [373674.52, 3374147.97]}, "properties": {"cell_id": 1448, "max_wse_m": 2376.43}}, {"type": "Feature", "geometry": {"type": "Point", "coordinates": [373714.52, 3374147.97]}, "properties": {"cell_id": 1449, "max_wse_m": 2355.0}}, {"type": "Feature", "geometry": {"type": "Point", "coordinates": [373754.52, 3374147.97]}, "properties": {"cell_id": 1450, "max_wse_m": 2340.76}}, {"type": "Feature", "geometry": {"type": "Point", "coordinates": [373794.52, 3374147.97]}, "properties": {"cell_id": 1451, "max_wse_m": 2335.57}}, {"type": "Feature", "geometry": {"type": "Point", "coordinates": [373834.52, 3374147.97]}, "properties": {"cell_id": 1452, "max_wse_m": 2330.19}}, {"type": "Feature", "geometry": {"type": "Point", "coordinates": [373874.52, 3374147.97]}, "properties": {"cell_id": 1453, "max_wse_m": 2310.72}}, {"type": "Feature", "geometry": {"type": "Point", "coordinates": [373914.52, 3374147.97]}, "properties": {"cell_id": 1454, "max_wse_m": 2305.86}}, {"type": "Feature", "geometry": {"type": "Point", "coordinates": [373954.52, 3374147.97]}, "properties": {"cell_id": 1455, "max_wse_m": 2314.16}}, {"type": "Feature", "geometry": {"type": "Point", "coordinates": [373994.52, 3374147.97]}, "properties": {"cell_id": 1456, "max_wse_m": 2318.03}}, {"type": "Feature", "geometry": {"type": "Point", "coordinates": [374034.52, 3374147.97]}, "properties": {"cell_id": 1457, "max_wse_m": 2311.62}}, {"type": "Feature", "geometry": {"type": "Point", "coordinates": [374074.52, 3374147.97]}, "properties": {"cell_id": 1458, "max_wse_m": 2313.58}}, {"type": "Feature", "geometry": {"type": "Point", "coordinates": [374114.52, 3374147.97]}, "properties": {"cell_id": 1459, "max_wse_m": 2300.42}}, {"type": "Feature", "geometry": {"type": "Point", "coordinates": [374154.52, 3374147.97]}, "properties": {"cell_id": 1460, "max_wse_m": 2272.16}}, {"type": "Feature", "geometry": {"type": "Point", "coordinates": [374194.52, 3374147.97]}, "properties": {"cell_id": 1461, "max_wse_m": 2239.3}}, {"type": "Feature", "geometry": {"type": "Point", "coordinates": [374234.52, 3374147.97]}, "properties": {"cell_id": 1462, "max_wse_m": 2220.51}}, {"type": "Feature", "geometry": {"type": "Point", "coordinates": [374274.52, 3374147.97]}, "properties": {"cell_id": 1463, "max_wse_m": 2213.67}}, {"type": "Feature", "geometry": {"type": "Point", "coordinates": [374314.52, 3374147.97]}, "properties": {"cell_id": 1464, "max_wse_m": 2188.98}}, {"type": "Feature", "geometry": {"type": "Point", "coordinates": [374354.52, 3374147.97]}, "properties": {"cell_id": 1465, "max_wse_m": 2165.18}}, {"type": "Feature", "geometry": {"type": "Point", "coordinates": [374394.52, 3374147.97]}, "properties": {"cell_id": 1466, "max_wse_m": 2139.29}}, {"type": "Feature", "geometry": {"type": "Point", "coordinates": [374434.52, 3374147.97]}, "properties": {"cell_id": 1467, "max_wse_m": 2138.59}}, {"type": "Feature", "geometry": {"type": "Point", "coordinates": [379114.52, 3374147.97]}, "properties": {"cell_id": 1468, "max_wse_m": 3033.38}}, {"type": "Feature", "geometry": {"type": "Point", "coordinates": [379154.52, 3374147.97]}, "properties": {"cell_id": 1469, "max_wse_m": 3054.24}}, {"type": "Feature", "geometry": {"type": "Point", "coordinates": [379194.52, 3374147.97]}, "properties": {"cell_id": 1470, "max_wse_m": 3062.59}}, {"type": "Feature", "geometry": {"type": "Point", "coordinates": [379234.52, 3374147.97]}, "properties": {"cell_id": 1471, "max_wse_m": 3071.95}}, {"type": "Feature", "geometry": {"type": "Point", "coordinates": [379274.52, 3374147.97]}, "properties": {"cell_id": 1472, "max_wse_m": 3088.39}}, {"type": "Feature", "geometry": {"type": "Point", "coordinates": [379314.52, 3374147.97]}, "properties": {"cell_id": 1473, "max_wse_m": 3116.22}}, {"type": "Feature", "geometry": {"type": "Point", "coordinates": [379354.52, 3374147.97]}, "properties": {"cell_id": 1474, "max_wse_m": 3153.47}}, {"type": "Feature", "geometry": {"type": "Point", "coordinates": [379394.52, 3374147.97]}, "properties": {"cell_id": 1475, "max_wse_m": 3180.23}}, {"type": "Feature", "geometry": {"type": "Point", "coordinates": [379434.52, 3374147.97]}, "properties": {"cell_id": 1476, "max_wse_m": 3212.51}}, {"type": "Feature", "geometry": {"type": "Point", "coordinates": [379474.52, 3374147.97]}, "properties": {"cell_id": 1477, "max_wse_m": 3241.9}}, {"type": "Feature", "geometry": {"type": "Point", "coordinates": [379514.52, 3374147.97]}, "properties": {"cell_id": 1478, "max_wse_m": 3275.02}}, {"type": "Feature", "geometry": {"type": "Point", "coordinates": [379554.52, 3374147.97]}, "properties": {"cell_id": 1479, "max_wse_m": 3322.38}}, {"type": "Feature", "geometry": {"type": "Point", "coordinates": [379594.52, 3374147.97]}, "properties": {"cell_id": 1480, "max_wse_m": 3343.5}}, {"type": "Feature", "geometry": {"type": "Point", "coordinates": [379634.52, 3374147.97]}, "properties": {"cell_id": 1481, "max_wse_m": 3368.09}}, {"type": "Feature", "geometry": {"type": "Point", "coordinates": [379674.52, 3374147.97]}, "properties": {"cell_id": 1482, "max_wse_m": 3380.12}}, {"type": "Feature", "geometry": {"type": "Point", "coordinates": [379714.52, 3374147.97]}, "properties": {"cell_id": 1483, "max_wse_m": 3394.75}}, {"type": "Feature", "geometry": {"type": "Point", "coordinates": [379754.52, 3374147.97]}, "properties": {"cell_id": 1484, "max_wse_m": 3427.03}}, {"type": "Feature", "geometry": {"type": "Point", "coordinates": [379794.52, 3374147.97]}, "properties": {"cell_id": 1485, "max_wse_m": 3433.69}}, {"type": "Feature", "geometry": {"type": "Point", "coordinates": [379834.52, 3374147.97]}, "properties": {"cell_id": 1486, "max_wse_m": 3442.49}}, {"type": "Feature", "geometry": {"type": "Point", "coordinates": [379874.52, 3374147.97]}, "properties": {"cell_id": 1487, "max_wse_m": 3456.07}}, {"type": "Feature", "geometry": {"type": "Point", "coordinates": [379914.52, 3374147.97]}, "properties": {"cell_id": 1488, "max_wse_m": 3478.11}}, {"type": "Feature", "geometry": {"type": "Point", "coordinates": [379954.52, 3374147.97]}, "properties": {"cell_id": 1489, "max_wse_m": 3504.21}}, {"type": "Feature", "geometry": {"type": "Point", "coordinates": [379994.52, 3374147.97]}, "properties": {"cell_id": 1490, "max_wse_m": 3530.68}}, {"type": "Feature", "geometry": {"type": "Point", "coordinates": [380034.52, 3374147.97]}, "properties": {"cell_id": 1491, "max_wse_m": 3555.38}}, {"type": "Feature", "geometry": {"type": "Point", "coordinates": [380074.52, 3374147.97]}, "properties": {"cell_id": 1492, "max_wse_m": 3575.83}}, {"type": "Feature", "geometry": {"type": "Point", "coordinates": [380114.52, 3374147.97]}, "properties": {"cell_id": 1493, "max_wse_m": 3603.5}}, {"type": "Feature", "geometry": {"type": "Point", "coordinates": [380154.52, 3374147.97]}, "properties": {"cell_id": 1494, "max_wse_m": 3629.14}}, {"type": "Feature", "geometry": {"type": "Point", "coordinates": [380194.52, 3374147.97]}, "properties": {"cell_id": 1495, "max_wse_m": 3661.57}}, {"type": "Feature", "geometry": {"type": "Point", "coordinates": [380234.52, 3374147.97]}, "properties": {"cell_id": 1496, "max_wse_m": 3691.55}}, {"type": "Feature", "geometry": {"type": "Point", "coordinates": [380274.52, 3374147.97]}, "properties": {"cell_id": 1497, "max_wse_m": 3720.12}}, {"type": "Feature", "geometry": {"type": "Point", "coordinates": [380314.52, 3374147.97]}, "properties": {"cell_id": 1498, "max_wse_m": 3751.59}}, {"type": "Feature", "geometry": {"type": "Point", "coordinates": [380354.52, 3374147.97]}, "properties": {"cell_id": 1499, "max_wse_m": 3794.23}}, {"type": "Feature", "geometry": {"type": "Point", "coordinates": [380394.52, 3374147.97]}, "properties": {"cell_id": 1500, "max_wse_m": 3831.12}}, {"type": "Feature", "geometry": {"type": "Point", "coordinates": [380434.52, 3374147.97]}, "properties": {"cell_id": 1501, "max_wse_m": 3857.82}}, {"type": "Feature", "geometry": {"type": "Point", "coordinates": [380474.52, 3374147.97]}, "properties": {"cell_id": 1502, "max_wse_m": 3905.23}}, {"type": "Feature", "geometry": {"type": "Point", "coordinates": [380514.52, 3374147.97]}, "properties": {"cell_id": 1503, "max_wse_m": 3937.21}}, {"type": "Feature", "geometry": {"type": "Point", "coordinates": [380554.52, 3374147.97]}, "properties": {"cell_id": 1504, "max_wse_m": 3948.48}}, {"type": "Feature", "geometry": {"type": "Point", "coordinates": [380594.52, 3374147.97]}, "properties": {"cell_id": 1505, "max_wse_m": 3961.24}}, {"type": "Feature", "geometry": {"type": "Point", "coordinates": [380634.52, 3374147.97]}, "properties": {"cell_id": 1506, "max_wse_m": 3977.11}}, {"type": "Feature", "geometry": {"type": "Point", "coordinates": [380674.52, 3374147.97]}, "properties": {"cell_id": 1507, "max_wse_m": 3962.09}}, {"type": "Feature", "geometry": {"type": "Point", "coordinates": [380714.52, 3374147.97]}, "properties": {"cell_id": 1508, "max_wse_m": 3958.57}}, {"type": "Feature", "geometry": {"type": "Point", "coordinates": [380754.52, 3374147.97]}, "properties": {"cell_id": 1509, "max_wse_m": 3973.06}}, {"type": "Feature", "geometry": {"type": "Point", "coordinates": [380794.52, 3374147.97]}, "properties": {"cell_id": 1510, "max_wse_m": 4000.83}}, {"type": "Feature", "geometry": {"type": "Point", "coordinates": [380834.52, 3374147.97]}, "properties": {"cell_id": 1511, "max_wse_m": 3995.04}}, {"type": "Feature", "geometry": {"type": "Point", "coordinates": [380874.52, 3374147.97]}, "properties": {"cell_id": 1512, "max_wse_m": 4024.61}}, {"type": "Feature", "geometry": {"type": "Point", "coordinates": [380914.52, 3374147.97]}, "properties": {"cell_id": 1513, "max_wse_m": 4036.73}}, {"type": "Feature", "geometry": {"type": "Point", "coordinates": [380954.52, 3374147.97]}, "properties": {"cell_id": 1514, "max_wse_m": 4062.01}}, {"type": "Feature", "geometry": {"type": "Point", "coordinates": [380994.52, 3374147.97]}, "properties": {"cell_id": 1515, "max_wse_m": 4097.81}}, {"type": "Feature", "geometry": {"type": "Point", "coordinates": [381034.52, 3374147.97]}, "properties": {"cell_id": 1516, "max_wse_m": 4097.84}}, {"type": "Feature", "geometry": {"type": "Point", "coordinates": [381074.52, 3374147.97]}, "properties": {"cell_id": 1517, "max_wse_m": 4124.62}}, {"type": "Feature", "geometry": {"type": "Point", "coordinates": [381114.52, 3374147.97]}, "properties": {"cell_id": 1518, "max_wse_m": 4157.86}}, {"type": "Feature", "geometry": {"type": "Point", "coordinates": [381154.52, 3374147.97]}, "properties": {"cell_id": 1519, "max_wse_m": 4176.6}}, {"type": "Feature", "geometry": {"type": "Point", "coordinates": [381194.52, 3374147.97]}, "properties": {"cell_id": 1520, "max_wse_m": 4210.11}}, {"type": "Feature", "geometry": {"type": "Point", "coordinates": [381234.52, 3374147.97]}, "properties": {"cell_id": 1521, "max_wse_m": 4238.95}}, {"type": "Feature", "geometry": {"type": "Point", "coordinates": [381274.52, 3374147.97]}, "properties": {"cell_id": 1522, "max_wse_m": 4266.97}}, {"type": "Feature", "geometry": {"type": "Point", "coordinates": [381314.52, 3374147.97]}, "properties": {"cell_id": 1523, "max_wse_m": 4287.27}}, {"type": "Feature", "geometry": {"type": "Point", "coordinates": [381354.52, 3374147.97]}, "properties": {"cell_id": 1524, "max_wse_m": 4311.56}}, {"type": "Feature", "geometry": {"type": "Point", "coordinates": [381394.52, 3374147.97]}, "properties": {"cell_id": 1525, "max_wse_m": 4323.69}}, {"type": "Feature", "geometry": {"type": "Point", "coordinates": [381434.52, 3374147.97]}, "properties": {"cell_id": 1526, "max_wse_m": 4342.17}}, {"type": "Feature", "geometry": {"type": "Point", "coordinates": [381474.52, 3374147.97]}, "properties": {"cell_id": 1527, "max_wse_m": 4362.26}}, {"type": "Feature", "geometry": {"type": "Point", "coordinates": [381514.52, 3374147.97]}, "properties": {"cell_id": 1528, "max_wse_m": 4356.04}}, {"type": "Feature", "geometry": {"type": "Point", "coordinates": [381554.52, 3374147.97]}, "properties": {"cell_id": 1529, "max_wse_m": 4339.83}}, {"type": "Feature", "geometry": {"type": "Point", "coordinates": [381594.52, 3374147.97]}, "properties": {"cell_id": 1530, "max_wse_m": 4323.35}}, {"type": "Feature", "geometry": {"type": "Point", "coordinates": [381634.52, 3374147.97]}, "properties": {"cell_id": 1531, "max_wse_m": 4317.82}}, {"type": "Feature", "geometry": {"type": "Point", "coordinates": [381674.52, 3374147.97]}, "properties": {"cell_id": 1532, "max_wse_m": 4304.4}}, {"type": "Feature", "geometry": {"type": "Point", "coordinates": [381714.52, 3374147.97]}, "properties": {"cell_id": 1533, "max_wse_m": 4292.35}}, {"type": "Feature", "geometry": {"type": "Point", "coordinates": [370074.52, 3374107.97]}, "properties": {"cell_id": 1534, "max_wse_m": 1785.45}}, {"type": "Feature", "geometry": {"type": "Point", "coordinates": [370114.52, 3374107.97]}, "properties": {"cell_id": 1535, "max_wse_m": 1787.34}}, {"type": "Feature", "geometry": {"type": "Point", "coordinates": [370154.52, 3374107.97]}, "properties": {"cell_id": 1536, "max_wse_m": 1787.42}}, {"type": "Feature", "geometry": {"type": "Point", "coordinates": [370194.52, 3374107.97]}, "properties": {"cell_id": 1537, "max_wse_m": 1788.44}}, {"type": "Feature", "geometry": {"type": "Point", "coordinates": [370234.52, 3374107.97]}, "properties": {"cell_id": 1538, "max_wse_m": 1788.99}}, {"type": "Feature", "geometry": {"type": "Point", "coordinates": [370274.52, 3374107.97]}, "properties": {"cell_id": 1539, "max_wse_m": 1789.71}}, {"type": "Feature", "geometry": {"type": "Point", "coordinates": [370314.52, 3374107.97]}, "properties": {"cell_id": 1540, "max_wse_m": 1790.48}}, {"type": "Feature", "geometry": {"type": "Point", "coordinates": [370354.52, 3374107.97]}, "properties": {"cell_id": 1541, "max_wse_m": 1793.86}}, {"type": "Feature", "geometry": {"type": "Point", "coordinates": [370394.52, 3374107.97]}, "properties": {"cell_id": 1542, "max_wse_m": 1807.37}}, {"type": "Feature", "geometry": {"type": "Point", "coordinates": [370434.52, 3374107.97]}, "properties": {"cell_id": 1543, "max_wse_m": 1835.49}}, {"type": "Feature", "geometry": {"type": "Point", "coordinates": [370474.52, 3374107.97]}, "properties": {"cell_id": 1544, "max_wse_m": 1853.47}}, {"type": "Feature", "geometry": {"type": "Point", "coordinates": [370514.52, 3374107.97]}, "properties": {"cell_id": 1545, "max_wse_m": 1854.32}}, {"type": "Feature", "geometry": {"type": "Point", "coordinates": [370554.52, 3374107.97]}, "properties": {"cell_id": 1546, "max_wse_m": 1863.08}}, {"type": "Feature", "geometry": {"type": "Point", "coordinates": [370594.52, 3374107.97]}, "properties": {"cell_id": 1547, "max_wse_m": 1874.0}}, {"type": "Feature", "geometry": {"type": "Point", "coordinates": [370634.52, 3374107.97]}, "properties": {"cell_id": 1548, "max_wse_m": 1873.82}}, {"type": "Feature", "geometry": {"type": "Point", "coordinates": [370674.52, 3374107.97]}, "properties": {"cell_id": 1549, "max_wse_m": 1883.63}}, {"type": "Feature", "geometry": {"type": "Point", "coordinates": [370714.52, 3374107.97]}, "properties": {"cell_id": 1550, "max_wse_m": 1911.52}}, {"type": "Feature", "geometry": {"type": "Point", "coordinates": [370754.52, 3374107.97]}, "properties": {"cell_id": 1551, "max_wse_m": 1929.39}}, {"type": "Feature", "geometry": {"type": "Point", "coordinates": [370794.52, 3374107.97]}, "properties": {"cell_id": 1552, "max_wse_m": 1935.98}}, {"type": "Feature", "geometry": {"type": "Point", "coordinates": [370834.52, 3374107.97]}, "properties": {"cell_id": 1553, "max_wse_m": 1941.0}}, {"type": "Feature", "geometry": {"type": "Point", "coordinates": [370874.52, 3374107.97]}, "properties": {"cell_id": 1554, "max_wse_m": 1966.16}}, {"type": "Feature", "geometry": {"type": "Point", "coordinates": [370914.52, 3374107.97]}, "properties": {"cell_id": 1555, "max_wse_m": 2023.8}}, {"type": "Feature", "geometry": {"type": "Point", "coordinates": [370954.52, 3374107.97]}, "properties": {"cell_id": 1556, "max_wse_m": 2041.5}}, {"type": "Feature", "geometry": {"type": "Point", "coordinates": [370994.52, 3374107.97]}, "properties": {"cell_id": 1557, "max_wse_m": 2074.88}}, {"type": "Feature", "geometry": {"type": "Point", "coordinates": [371034.52, 3374107.97]}, "properties": {"cell_id": 1558, "max_wse_m": 2137.54}}, {"type": "Feature", "geometry": {"type": "Point", "coordinates": [371074.52, 3374107.97]}, "properties": {"cell_id": 1559, "max_wse_m": 2123.4}}, {"type": "Feature", "geometry": {"type": "Point", "coordinates": [371114.52, 3374107.97]}, "properties": {"cell_id": 1560, "max_wse_m": 2111.52}}, {"type": "Feature", "geometry": {"type": "Point", "coordinates": [371154.52, 3374107.97]}, "properties": {"cell_id": 1561, "max_wse_m": 2122.59}}, {"type": "Feature", "geometry": {"type": "Point", "coordinates": [371194.52, 3374107.97]}, "properties": {"cell_id": 1562, "max_wse_m": 2143.63}}, {"type": "Feature", "geometry": {"type": "Point", "coordinates": [371234.52, 3374107.97]}, "properties": {"cell_id": 1563, "max_wse_m": 2144.39}}, {"type": "Feature", "geometry": {"type": "Point", "coordinates": [371274.52, 3374107.97]}, "properties": {"cell_id": 1564, "max_wse_m": 2168.55}}, {"type": "Feature", "geometry": {"type": "Point", "coordinates": [371314.52, 3374107.97]}, "properties": {"cell_id": 1565, "max_wse_m": 2156.77}}, {"type": "Feature", "geometry": {"type": "Point", "coordinates": [371354.52, 3374107.97]}, "properties": {"cell_id": 1566, "max_wse_m": 2132.6}}, {"type": "Feature", "geometry": {"type": "Point", "coordinates": [371394.52, 3374107.97]}, "properties": {"cell_id": 1567, "max_wse_m": 2130.86}}, {"type": "Feature", "geometry": {"type": "Point", "coordinates": [371434.52, 3374107.97]}, "properties": {"cell_id": 1568, "max_wse_m": 2126.85}}, {"type": "Feature", "geometry": {"type": "Point", "coordinates": [371474.52, 3374107.97]}, "properties": {"cell_id": 1569, "max_wse_m": 2121.23}}, {"type": "Feature", "geometry": {"type": "Point", "coordinates": [371514.52, 3374107.97]}, "properties": {"cell_id": 1570, "max_wse_m": 2128.69}}, {"type": "Feature", "geometry": {"type": "Point", "coordinates": [371554.52, 3374107.97]}, "properties": {"cell_id": 1571, "max_wse_m": 2127.8}}, {"type": "Feature", "geometry": {"type": "Point", "coordinates": [371594.52, 3374107.97]}, "properties": {"cell_id": 1572, "max_wse_m": 2166.44}}, {"type": "Feature", "geometry": {"type": "Point", "coordinates": [371634.52, 3374107.97]}, "properties": {"cell_id": 1573, "max_wse_m": 2178.67}}, {"type": "Feature", "geometry": {"type": "Point", "coordinates": [371674.52, 3374107.97]}, "properties": {"cell_id": 1574, "max_wse_m": 2177.94}}, {"type": "Feature", "geometry": {"type": "Point", "coordinates": [371714.52, 3374107.97]}, "properties": {"cell_id": 1575, "max_wse_m": 2180.24}}, {"type": "Feature", "geometry": {"type": "Point", "coordinates": [371754.52, 3374107.97]}, "properties": {"cell_id": 1576, "max_wse_m": 2215.94}}, {"type": "Feature", "geometry": {"type": "Point", "coordinates": [371794.52, 3374107.97]}, "properties": {"cell_id": 1577, "max_wse_m": 2194.26}}, {"type": "Feature", "geometry": {"type": "Point", "coordinates": [371834.52, 3374107.97]}, "properties": {"cell_id": 1578, "max_wse_m": 2158.62}}, {"type": "Feature", "geometry": {"type": "Point", "coordinates": [371874.52, 3374107.97]}, "properties": {"cell_id": 1579, "max_wse_m": 2149.55}}, {"type": "Feature", "geometry": {"type": "Point", "coordinates": [371914.52, 3374107.97]}, "properties": {"cell_id": 1580, "max_wse_m": 2146.44}}, {"type": "Feature", "geometry": {"type": "Point", "coordinates": [371954.52, 3374107.97]}, "properties": {"cell_id": 1581, "max_wse_m": 2123.13}}, {"type": "Feature", "geometry": {"type": "Point", "coordinates": [371994.52, 3374107.97]}, "properties": {"cell_id": 1582, "max_wse_m": 2097.94}}, {"type": "Feature", "geometry": {"type": "Point", "coordinates": [372034.52, 3374107.97]}, "properties": {"cell_id": 1583, "max_wse_m": 2076.2}}, {"type": "Feature", "geometry": {"type": "Point", "coordinates": [372074.52, 3374107.97]}, "properties": {"cell_id": 1584, "max_wse_m": 2042.26}}, {"type": "Feature", "geometry": {"type": "Point", "coordinates": [372114.52, 3374107.97]}, "properties": {"cell_id": 1585, "max_wse_m": 2020.7}}, {"type": "Feature", "geometry": {"type": "Point", "coordinates": [372154.52, 3374107.97]}, "properties": {"cell_id": 1586, "max_wse_m": 2016.27}}, {"type": "Feature", "geometry": {"type": "Point", "coordinates": [372194.52, 3374107.97]}, "properties": {"cell_id": 1587, "max_wse_m": 2017.38}}, {"type": "Feature", "geometry": {"type": "Point", "coordinates": [372234.52, 3374107.97]}, "properties": {"cell_id": 1588, "max_wse_m": 2036.85}}, {"type": "Feature", "geometry": {"type": "Point", "coordinates": [372274.52, 3374107.97]}, "properties": {"cell_id": 1589, "max_wse_m": 2054.3}}, {"type": "Feature", "geometry": {"type": "Point", "coordinates": [372314.52, 3374107.97]}, "properties": {"cell_id": 1590, "max_wse_m": 2060.74}}, {"type": "Feature", "geometry": {"type": "Point", "coordinates": [372354.52, 3374107.97]}, "properties": {"cell_id": 1591, "max_wse_m": 2071.87}}, {"type": "Feature", "geometry": {"type": "Point", "coordinates": [372394.52, 3374107.97]}, "properties": {"cell_id": 1592, "max_wse_m": 2084.02}}, {"type": "Feature", "geometry": {"type": "Point", "coordinates": [372434.52, 3374107.97]}, "properties": {"cell_id": 1593, "max_wse_m": 2104.93}}, {"type": "Feature", "geometry": {"type": "Point", "coordinates": [372474.52, 3374107.97]}, "properties": {"cell_id": 1594, "max_wse_m": 2112.32}}, {"type": "Feature", "geometry": {"type": "Point", "coordinates": [372514.52, 3374107.97]}, "properties": {"cell_id": 1595, "max_wse_m": 2128.39}}, {"type": "Feature", "geometry": {"type": "Point", "coordinates": [372554.52, 3374107.97]}, "properties": {"cell_id": 1596, "max_wse_m": 2143.7}}, {"type": "Feature", "geometry": {"type": "Point", "coordinates": [372594.52, 3374107.97]}, "properties": {"cell_id": 1597, "max_wse_m": 2146.22}}, {"type": "Feature", "geometry": {"type": "Point", "coordinates": [372634.52, 3374107.97]}, "properties": {"cell_id": 1598, "max_wse_m": 2107.1}}, {"type": "Feature", "geometry": {"type": "Point", "coordinates": [372674.52, 3374107.97]}, "properties": {"cell_id": 1599, "max_wse_m": 2083.81}}, {"type": "Feature", "geometry": {"type": "Point", "coordinates": [372714.52, 3374107.97]}, "properties": {"cell_id": 1600, "max_wse_m": 2083.66}}, {"type": "Feature", "geometry": {"type": "Point", "coordinates": [372754.52, 3374107.97]}, "properties": {"cell_id": 1601, "max_wse_m": 2088.8}}, {"type": "Feature", "geometry": {"type": "Point", "coordinates": [372794.52, 3374107.97]}, "properties": {"cell_id": 1602, "max_wse_m": 2103.79}}, {"type": "Feature", "geometry": {"type": "Point", "coordinates": [372834.52, 3374107.97]}, "properties": {"cell_id": 1603, "max_wse_m": 2138.25}}, {"type": "Feature", "geometry": {"type": "Point", "coordinates": [372874.52, 3374107.97]}, "properties": {"cell_id": 1604, "max_wse_m": 2138.7}}, {"type": "Feature", "geometry": {"type": "Point", "coordinates": [372914.52, 3374107.97]}, "properties": {"cell_id": 1605, "max_wse_m": 2139.75}}, {"type": "Feature", "geometry": {"type": "Point", "coordinates": [372954.52, 3374107.97]}, "properties": {"cell_id": 1606, "max_wse_m": 2129.83}}, {"type": "Feature", "geometry": {"type": "Point", "coordinates": [372994.52, 3374107.97]}, "properties": {"cell_id": 1607, "max_wse_m": 2120.32}}, {"type": "Feature", "geometry": {"type": "Point", "coordinates": [373034.52, 3374107.97]}, "properties": {"cell_id": 1608, "max_wse_m": 2131.02}}, {"type": "Feature", "geometry": {"type": "Point", "coordinates": [373074.52, 3374107.97]}, "properties": {"cell_id": 1609, "max_wse_m": 2178.92}}, {"type": "Feature", "geometry": {"type": "Point", "coordinates": [373114.52, 3374107.97]}, "properties": {"cell_id": 1610, "max_wse_m": 2215.0}}, {"type": "Feature", "geometry": {"type": "Point", "coordinates": [373154.52, 3374107.97]}, "properties": {"cell_id": 1611, "max_wse_m": 2240.75}}, {"type": "Feature", "geometry": {"type": "Point", "coordinates": [373194.52, 3374107.97]}, "properties": {"cell_id": 1612, "max_wse_m": 2265.32}}, {"type": "Feature", "geometry": {"type": "Point", "coordinates": [373234.52, 3374107.97]}, "properties": {"cell_id": 1613, "max_wse_m": 2288.98}}, {"type": "Feature", "geometry": {"type": "Point", "coordinates": [373274.52, 3374107.97]}, "properties": {"cell_id": 1614, "max_wse_m": 2316.88}}, {"type": "Feature", "geometry": {"type": "Point", "coordinates": [373314.52, 3374107.97]}, "properties": {"cell_id": 1615, "max_wse_m": 2337.94}}, {"type": "Feature", "geometry": {"type": "Point", "coordinates": [373354.52, 3374107.97]}, "properties": {"cell_id": 1616, "max_wse_m": 2359.73}}, {"type": "Feature", "geometry": {"type": "Point", "coordinates": [373394.52, 3374107.97]}, "properties": {"cell_id": 1617, "max_wse_m": 2381.52}}, {"type": "Feature", "geometry": {"type": "Point", "coordinates": [373434.52, 3374107.97]}, "properties": {"cell_id": 1618, "max_wse_m": 2392.58}}, {"type": "Feature", "geometry": {"type": "Point", "coordinates": [373474.52, 3374107.97]}, "properties": {"cell_id": 1619, "max_wse_m": 2414.91}}, {"type": "Feature", "geometry": {"type": "Point", "coordinates": [373514.52, 3374107.97]}, "properties": {"cell_id": 1620, "max_wse_m": 2390.73}}, {"type": "Feature", "geometry": {"type": "Point", "coordinates": [373554.52, 3374107.97]}, "properties": {"cell_id": 1621, "max_wse_m": 2385.25}}, {"type": "Feature", "geometry": {"type": "Point", "coordinates": [373594.52, 3374107.97]}, "properties": {"cell_id": 1622, "max_wse_m": 2359.73}}, {"type": "Feature", "geometry": {"type": "Point", "coordinates": [373634.52, 3374107.97]}, "properties": {"cell_id": 1623, "max_wse_m": 2359.14}}, {"type": "Feature", "geometry": {"type": "Point", "coordinates": [373674.52, 3374107.97]}, "properties": {"cell_id": 1624, "max_wse_m": 2358.14}}, {"type": "Feature", "geometry": {"type": "Point", "coordinates": [373714.52, 3374107.97]}, "properties": {"cell_id": 1625, "max_wse_m": 2333.62}}, {"type": "Feature", "geometry": {"type": "Point", "coordinates": [373754.52, 3374107.97]}, "properties": {"cell_id": 1626, "max_wse_m": 2312.7}}, {"type": "Feature", "geometry": {"type": "Point", "coordinates": [373794.52, 3374107.97]}, "properties": {"cell_id": 1627, "max_wse_m": 2307.53}}, {"type": "Feature", "geometry": {"type": "Point", "coordinates": [373834.52, 3374107.97]}, "properties": {"cell_id": 1628, "max_wse_m": 2301.73}}, {"type": "Feature", "geometry": {"type": "Point", "coordinates": [373874.52, 3374107.97]}, "properties": {"cell_id": 1629, "max_wse_m": 2282.11}}, {"type": "Feature", "geometry": {"type": "Point", "coordinates": [373914.52, 3374107.97]}, "properties": {"cell_id": 1630, "max_wse_m": 2274.42}}, {"type": "Feature", "geometry": {"type": "Point", "coordinates": [373954.52, 3374107.97]}, "properties": {"cell_id": 1631, "max_wse_m": 2274.66}}, {"type": "Feature", "geometry": {"type": "Point", "coordinates": [373994.52, 3374107.97]}, "properties": {"cell_id": 1632, "max_wse_m": 2286.63}}, {"type": "Feature", "geometry": {"type": "Point", "coordinates": [374034.52, 3374107.97]}, "properties": {"cell_id": 1633, "max_wse_m": 2280.5}}, {"type": "Feature", "geometry": {"type": "Point", "coordinates": [374074.52, 3374107.97]}, "properties": {"cell_id": 1634, "max_wse_m": 2277.33}}, {"type": "Feature", "geometry": {"type": "Point", "coordinates": [374114.52, 3374107.97]}, "properties": {"cell_id": 1635, "max_wse_m": 2264.14}}, {"type": "Feature", "geometry": {"type": "Point", "coordinates": [374154.52, 3374107.97]}, "properties": {"cell_id": 1636, "max_wse_m": 2240.62}}, {"type": "Feature", "geometry": {"type": "Point", "coordinates": [374194.52, 3374107.97]}, "properties": {"cell_id": 1637, "max_wse_m": 2220.15}}, {"type": "Feature", "geometry": {"type": "Point", "coordinates": [374234.52, 3374107.97]}, "properties": {"cell_id": 1638, "max_wse_m": 2190.4}}, {"type": "Feature", "geometry": {"type": "Point", "coordinates": [374274.52, 3374107.97]}, "properties": {"cell_id": 1639, "max_wse_m": 2171.17}}, {"type": "Feature", "geometry": {"type": "Point", "coordinates": [374314.52, 3374107.97]}, "properties": {"cell_id": 1640, "max_wse_m": 2151.76}}, {"type": "Feature", "geometry": {"type": "Point", "coordinates": [374354.52, 3374107.97]}, "properties": {"cell_id": 1641, "max_wse_m": 2129.86}}, {"type": "Feature", "geometry": {"type": "Point", "coordinates": [374394.52, 3374107.97]}, "properties": {"cell_id": 1642, "max_wse_m": 2124.48}}, {"type": "Feature", "geometry": {"type": "Point", "coordinates": [374434.52, 3374107.97]}, "properties": {"cell_id": 1643, "max_wse_m": 2104.08}}, {"type": "Feature", "geometry": {"type": "Point", "coordinates": [374474.52, 3374107.97]}, "properties": {"cell_id": 1644, "max_wse_m": 2077.15}}, {"type": "Feature", "geometry": {"type": "Point", "coordinates": [374514.52, 3374107.97]}, "properties": {"cell_id": 1645, "max_wse_m": 2048.8}}, {"type": "Feature", "geometry": {"type": "Point", "coordinates": [379074.52, 3374107.97]}, "properties": {"cell_id": 1646, "max_wse_m": 3042.17}}, {"type": "Feature", "geometry": {"type": "Point", "coordinates": [379114.52, 3374107.97]}, "properties": {"cell_id": 1647, "max_wse_m": 3080.3}}, {"type": "Feature", "geometry": {"type": "Point", "coordinates": [379154.52, 3374107.97]}, "properties": {"cell_id": 1648, "max_wse_m": 3090.88}}, {"type": "Feature", "geometry": {"type": "Point", "coordinates": [379194.52, 3374107.97]}, "properties": {"cell_id": 1649, "max_wse_m": 3100.53}}, {"type": "Feature", "geometry": {"type": "Point", "coordinates": [379234.52, 3374107.97]}, "properties": {"cell_id": 1650, "max_wse_m": 3097.59}}, {"type": "Feature", "geometry": {"type": "Point", "coordinates": [379274.52, 3374107.97]}, "properties": {"cell_id": 1651, "max_wse_m": 3099.3}}, {"type": "Feature", "geometry": {"type": "Point", "coordinates": [379314.52, 3374107.97]}, "properties": {"cell_id": 1652, "max_wse_m": 3121.71}}, {"type": "Feature", "geometry": {"type": "Point", "coordinates": [379354.52, 3374107.97]}, "properties": {"cell_id": 1653, "max_wse_m": 3148.46}}, {"type": "Feature", "geometry": {"type": "Point", "coordinates": [379394.52, 3374107.97]}, "properties": {"cell_id": 1654, "max_wse_m": 3174.4}}, {"type": "Feature", "geometry": {"type": "Point", "coordinates": [379434.52, 3374107.97]}, "properties": {"cell_id": 1655, "max_wse_m": 3203.61}}, {"type": "Feature", "geometry": {"type": "Point", "coordinates": [379474.52, 3374107.97]}, "properties": {"cell_id": 1656, "max_wse_m": 3241.7}}, {"type": "Feature", "geometry": {"type": "Point", "coordinates": [379514.52, 3374107.97]}, "properties": {"cell_id": 1657, "max_wse_m": 3285.24}}, {"type": "Feature", "geometry": {"type": "Point", "coordinates": [379554.52, 3374107.97]}, "properties": {"cell_id": 1658, "max_wse_m": 3317.83}}, {"type": "Feature", "geometry": {"type": "Point", "coordinates": [379594.52, 3374107.97]}, "properties": {"cell_id": 1659, "max_wse_m": 3327.16}}, {"type": "Feature", "geometry": {"type": "Point", "coordinates": [379634.52, 3374107.97]}, "properties": {"cell_id": 1660, "max_wse_m": 3340.26}}, {"type": "Feature", "geometry": {"type": "Point", "coordinates": [379674.52, 3374107.97]}, "properties": {"cell_id": 1661, "max_wse_m": 3346.59}}, {"type": "Feature", "geometry": {"type": "Point", "coordinates": [379714.52, 3374107.97]}, "properties": {"cell_id": 1662, "max_wse_m": 3366.88}}, {"type": "Feature", "geometry": {"type": "Point", "coordinates": [379754.52, 3374107.97]}, "properties": {"cell_id": 1663, "max_wse_m": 3388.63}}, {"type": "Feature", "geometry": {"type": "Point", "coordinates": [379794.52, 3374107.97]}, "properties": {"cell_id": 1664, "max_wse_m": 3418.79}}, {"type": "Feature", "geometry": {"type": "Point", "coordinates": [379834.52, 3374107.97]}, "properties": {"cell_id": 1665, "max_wse_m": 3437.26}}, {"type": "Feature", "geometry": {"type": "Point", "coordinates": [379874.52, 3374107.97]}, "properties": {"cell_id": 1666, "max_wse_m": 3454.4}}, {"type": "Feature", "geometry": {"type": "Point", "coordinates": [379914.52, 3374107.97]}, "properties": {"cell_id": 1667, "max_wse_m": 3478.36}}, {"type": "Feature", "geometry": {"type": "Point", "coordinates": [379954.52, 3374107.97]}, "properties": {"cell_id": 1668, "max_wse_m": 3503.96}}, {"type": "Feature", "geometry": {"type": "Point", "coordinates": [379994.52, 3374107.97]}, "properties": {"cell_id": 1669, "max_wse_m": 3526.05}}, {"type": "Feature", "geometry": {"type": "Point", "coordinates": [380034.52, 3374107.97]}, "properties": {"cell_id": 1670, "max_wse_m": 3549.21}}, {"type": "Feature", "geometry": {"type": "Point", "coordinates": [380074.52, 3374107.97]}, "properties": {"cell_id": 1671, "max_wse_m": 3573.02}}, {"type": "Feature", "geometry": {"type": "Point", "coordinates": [380114.52, 3374107.97]}, "properties": {"cell_id": 1672, "max_wse_m": 3606.65}}, {"type": "Feature", "geometry": {"type": "Point", "coordinates": [380154.52, 3374107.97]}, "properties": {"cell_id": 1673, "max_wse_m": 3649.17}}, {"type": "Feature", "geometry": {"type": "Point", "coordinates": [380194.52, 3374107.97]}, "properties": {"cell_id": 1674, "max_wse_m": 3685.41}}, {"type": "Feature", "geometry": {"type": "Point", "coordinates": [380234.52, 3374107.97]}, "properties": {"cell_id": 1675, "max_wse_m": 3712.05}}, {"type": "Feature", "geometry": {"type": "Point", "coordinates": [380274.52, 3374107.97]}, "properties": {"cell_id": 1676, "max_wse_m": 3739.8}}, {"type": "Feature", "geometry": {"type": "Point", "coordinates": [380314.52, 3374107.97]}, "properties": {"cell_id": 1677, "max_wse_m": 3761.22}}, {"type": "Feature", "geometry": {"type": "Point", "coordinates": [380354.52, 3374107.97]}, "properties": {"cell_id": 1678, "max_wse_m": 3796.22}}, {"type": "Feature", "geometry": {"type": "Point", "coordinates": [380394.52, 3374107.97]}, "properties": {"cell_id": 1679, "max_wse_m": 3846.72}}, {"type": "Feature", "geometry": {"type": "Point", "coordinates": [380434.52, 3374107.97]}, "properties": {"cell_id": 1680, "max_wse_m": 3874.38}}, {"type": "Feature", "geometry": {"type": "Point", "coordinates": [380474.52, 3374107.97]}, "properties": {"cell_id": 1681, "max_wse_m": 3909.72}}, {"type": "Feature", "geometry": {"type": "Point", "coordinates": [380514.52, 3374107.97]}, "properties": {"cell_id": 1682, "max_wse_m": 3942.15}}, {"type": "Feature", "geometry": {"type": "Point", "coordinates": [380554.52, 3374107.97]}, "properties": {"cell_id": 1683, "max_wse_m": 3970.52}}, {"type": "Feature", "geometry": {"type": "Point", "coordinates": [380594.52, 3374107.97]}, "properties": {"cell_id": 1684, "max_wse_m": 3975.61}}, {"type": "Feature", "geometry": {"type": "Point", "coordinates": [380634.52, 3374107.97]}, "properties": {"cell_id": 1685, "max_wse_m": 3951.21}}, {"type": "Feature", "geometry": {"type": "Point", "coordinates": [380674.52, 3374107.97]}, "properties": {"cell_id": 1686, "max_wse_m": 3925.4}}, {"type": "Feature", "geometry": {"type": "Point", "coordinates": [380714.52, 3374107.97]}, "properties": {"cell_id": 1687, "max_wse_m": 3925.06}}, {"type": "Feature", "geometry": {"type": "Point", "coordinates": [380754.52, 3374107.97]}, "properties": {"cell_id": 1688, "max_wse_m": 3949.4}}, {"type": "Feature", "geometry": {"type": "Point", "coordinates": [380794.52, 3374107.97]}, "properties": {"cell_id": 1689, "max_wse_m": 3956.15}}, {"type": "Feature", "geometry": {"type": "Point", "coordinates": [380834.52, 3374107.97]}, "properties": {"cell_id": 1690, "max_wse_m": 3957.92}}, {"type": "Feature", "geometry": {"type": "Point", "coordinates": [380874.52, 3374107.97]}, "properties": {"cell_id": 1691, "max_wse_m": 3976.84}}, {"type": "Feature", "geometry": {"type": "Point", "coordinates": [380914.52, 3374107.97]}, "properties": {"cell_id": 1692, "max_wse_m": 4025.62}}, {"type": "Feature", "geometry": {"type": "Point", "coordinates": [380954.52, 3374107.97]}, "properties": {"cell_id": 1693, "max_wse_m": 4063.95}}, {"type": "Feature", "geometry": {"type": "Point", "coordinates": [380994.52, 3374107.97]}, "properties": {"cell_id": 1694, "max_wse_m": 4055.51}}, {"type": "Feature", "geometry": {"type": "Point", "coordinates": [381034.52, 3374107.97]}, "properties": {"cell_id": 1695, "max_wse_m": 4077.02}}, {"type": "Feature", "geometry": {"type": "Point", "coordinates": [381074.52, 3374107.97]}, "properties": {"cell_id": 1696, "max_wse_m": 4117.95}}, {"type": "Feature", "geometry": {"type": "Point", "coordinates": [381114.52, 3374107.97]}, "properties": {"cell_id": 1697, "max_wse_m": 4124.2}}, {"type": "Feature", "geometry": {"type": "Point", "coordinates": [381154.52, 3374107.97]}, "properties": {"cell_id": 1698, "max_wse_m": 4153.65}}, {"type": "Feature", "geometry": {"type": "Point", "coordinates": [381194.52, 3374107.97]}, "properties": {"cell_id": 1699, "max_wse_m": 4187.55}}, {"type": "Feature", "geometry": {"type": "Point", "coordinates": [381234.52, 3374107.97]}, "properties": {"cell_id": 1700, "max_wse_m": 4220.96}}, {"type": "Feature", "geometry": {"type": "Point", "coordinates": [381274.52, 3374107.97]}, "properties": {"cell_id": 1701, "max_wse_m": 4251.02}}, {"type": "Feature", "geometry": {"type": "Point", "coordinates": [381314.52, 3374107.97]}, "properties": {"cell_id": 1702, "max_wse_m": 4271.37}}, {"type": "Feature", "geometry": {"type": "Point", "coordinates": [381354.52, 3374107.97]}, "properties": {"cell_id": 1703, "max_wse_m": 4278.89}}, {"type": "Feature", "geometry": {"type": "Point", "coordinates": [381394.52, 3374107.97]}, "properties": {"cell_id": 1704, "max_wse_m": 4297.92}}, {"type": "Feature", "geometry": {"type": "Point", "coordinates": [381434.52, 3374107.97]}, "properties": {"cell_id": 1705, "max_wse_m": 4326.79}}, {"type": "Feature", "geometry": {"type": "Point", "coordinates": [381474.52, 3374107.97]}, "properties": {"cell_id": 1706, "max_wse_m": 4356.56}}, {"type": "Feature", "geometry": {"type": "Point", "coordinates": [381514.52, 3374107.97]}, "properties": {"cell_id": 1707, "max_wse_m": 4351.87}}, {"type": "Feature", "geometry": {"type": "Point", "coordinates": [381554.52, 3374107.97]}, "properties": {"cell_id": 1708, "max_wse_m": 4353.05}}, {"type": "Feature", "geometry": {"type": "Point", "coordinates": [381594.52, 3374107.97]}, "properties": {"cell_id": 1709, "max_wse_m": 4349.73}}, {"type": "Feature", "geometry": {"type": "Point", "coordinates": [381634.52, 3374107.97]}, "properties": {"cell_id": 1710, "max_wse_m": 4327.3}}, {"type": "Feature", "geometry": {"type": "Point", "coordinates": [381674.52, 3374107.97]}, "properties": {"cell_id": 1711, "max_wse_m": 4321.22}}, {"type": "Feature", "geometry": {"type": "Point", "coordinates": [381714.52, 3374107.97]}, "properties": {"cell_id": 1712, "max_wse_m": 4321.17}}, {"type": "Feature", "geometry": {"type": "Point", "coordinates": [381754.52, 3374107.97]}, "properties": {"cell_id": 1713, "max_wse_m": 4305.64}}, {"type": "Feature", "geometry": {"type": "Point", "coordinates": [381794.52, 3374107.97]}, "properties": {"cell_id": 1714, "max_wse_m": 4316.63}}, {"type": "Feature", "geometry": {"type": "Point", "coordinates": [370074.52, 3374067.97]}, "properties": {"cell_id": 1715, "max_wse_m": 1785.19}}, {"type": "Feature", "geometry": {"type": "Point", "coordinates": [370114.52, 3374067.97]}, "properties": {"cell_id": 1716, "max_wse_m": 1786.71}}, {"type": "Feature", "geometry": {"type": "Point", "coordinates": [370154.52, 3374067.97]}, "properties": {"cell_id": 1717, "max_wse_m": 1787.42}}, {"type": "Feature", "geometry": {"type": "Point", "coordinates": [370194.52, 3374067.97]}, "properties": {"cell_id": 1718, "max_wse_m": 1788.38}}, {"type": "Feature", "geometry": {"type": "Point", "coordinates": [370234.52, 3374067.97]}, "properties": {"cell_id": 1719, "max_wse_m": 1788.88}}, {"type": "Feature", "geometry": {"type": "Point", "coordinates": [370274.52, 3374067.97]}, "properties": {"cell_id": 1720, "max_wse_m": 1788.92}}, {"type": "Feature", "geometry": {"type": "Point", "coordinates": [370314.52, 3374067.97]}, "properties": {"cell_id": 1721, "max_wse_m": 1787.78}}, {"type": "Feature", "geometry": {"type": "Point", "coordinates": [370354.52, 3374067.97]}, "properties": {"cell_id": 1722, "max_wse_m": 1787.77}}, {"type": "Feature", "geometry": {"type": "Point", "coordinates": [370394.52, 3374067.97]}, "properties": {"cell_id": 1723, "max_wse_m": 1794.76}}, {"type": "Feature", "geometry": {"type": "Point", "coordinates": [370434.52, 3374067.97]}, "properties": {"cell_id": 1724, "max_wse_m": 1794.63}}, {"type": "Feature", "geometry": {"type": "Point", "coordinates": [370474.52, 3374067.97]}, "properties": {"cell_id": 1725, "max_wse_m": 1799.24}}, {"type": "Feature", "geometry": {"type": "Point", "coordinates": [370514.52, 3374067.97]}, "properties": {"cell_id": 1726, "max_wse_m": 1805.26}}, {"type": "Feature", "geometry": {"type": "Point", "coordinates": [370554.52, 3374067.97]}, "properties": {"cell_id": 1727, "max_wse_m": 1807.42}}, {"type": "Feature", "geometry": {"type": "Point", "coordinates": [370594.52, 3374067.97]}, "properties": {"cell_id": 1728, "max_wse_m": 1822.29}}, {"type": "Feature", "geometry": {"type": "Point", "coordinates": [370634.52, 3374067.97]}, "properties": {"cell_id": 1729, "max_wse_m": 1836.11}}, {"type": "Feature", "geometry": {"type": "Point", "coordinates": [370674.52, 3374067.97]}, "properties": {"cell_id": 1730, "max_wse_m": 1856.02}}, {"type": "Feature", "geometry": {"type": "Point", "coordinates": [370714.52, 3374067.97]}, "properties": {"cell_id": 1731, "max_wse_m": 1882.3}}, {"type": "Feature", "geometry": {"type": "Point", "coordinates": [370754.52, 3374067.97]}, "properties": {"cell_id": 1732, "max_wse_m": 1898.18}}, {"type": "Feature", "geometry": {"type": "Point", "coordinates": [370794.52, 3374067.97]}, "properties": {"cell_id": 1733, "max_wse_m": 1898.64}}, {"type": "Feature", "geometry": {"type": "Point", "coordinates": [370834.52, 3374067.97]}, "properties": {"cell_id": 1734, "max_wse_m": 1914.84}}, {"type": "Feature", "geometry": {"type": "Point", "coordinates": [370874.52, 3374067.97]}, "properties": {"cell_id": 1735, "max_wse_m": 1924.46}}, {"type": "Feature", "geometry": {"type": "Point", "coordinates": [370914.52, 3374067.97]}, "properties": {"cell_id": 1736, "max_wse_m": 1988.06}}, {"type": "Feature", "geometry": {"type": "Point", "coordinates": [370954.52, 3374067.97]}, "properties": {"cell_id": 1737, "max_wse_m": 2005.89}}, {"type": "Feature", "geometry": {"type": "Point", "coordinates": [370994.52, 3374067.97]}, "properties": {"cell_id": 1738, "max_wse_m": 2041.51}}, {"type": "Feature", "geometry": {"type": "Point", "coordinates": [371034.52, 3374067.97]}, "properties": {"cell_id": 1739, "max_wse_m": 2091.72}}, {"type": "Feature", "geometry": {"type": "Point", "coordinates": [371074.52, 3374067.97]}, "properties": {"cell_id": 1740, "max_wse_m": 2100.02}}, {"type": "Feature", "geometry": {"type": "Point", "coordinates": [371114.52, 3374067.97]}, "properties": {"cell_id": 1741, "max_wse_m": 2067.57}}, {"type": "Feature", "geometry": {"type": "Point", "coordinates": [371154.52, 3374067.97]}, "properties": {"cell_id": 1742, "max_wse_m": 2064.71}}, {"type": "Feature", "geometry": {"type": "Point", "coordinates": [371194.52, 3374067.97]}, "properties": {"cell_id": 1743, "max_wse_m": 2061.64}}, {"type": "Feature", "geometry": {"type": "Point", "coordinates": [371234.52, 3374067.97]}, "properties": {"cell_id": 1744, "max_wse_m": 2062.05}}, {"type": "Feature", "geometry": {"type": "Point", "coordinates": [371274.52, 3374067.97]}, "properties": {"cell_id": 1745, "max_wse_m": 2084.21}}, {"type": "Feature", "geometry": {"type": "Point", "coordinates": [371314.52, 3374067.97]}, "properties": {"cell_id": 1746, "max_wse_m": 2111.33}}, {"type": "Feature", "geometry": {"type": "Point", "coordinates": [371354.52, 3374067.97]}, "properties": {"cell_id": 1747, "max_wse_m": 2104.01}}, {"type": "Feature", "geometry": {"type": "Point", "coordinates": [371394.52, 3374067.97]}, "properties": {"cell_id": 1748, "max_wse_m": 2095.27}}, {"type": "Feature", "geometry": {"type": "Point", "coordinates": [371434.52, 3374067.97]}, "properties": {"cell_id": 1749, "max_wse_m": 2077.62}}, {"type": "Feature", "geometry": {"type": "Point", "coordinates": [371474.52, 3374067.97]}, "properties": {"cell_id": 1750, "max_wse_m": 2055.29}}, {"type": "Feature", "geometry": {"type": "Point", "coordinates": [371514.52, 3374067.97]}, "properties": {"cell_id": 1751, "max_wse_m": 2055.31}}, {"type": "Feature", "geometry": {"type": "Point", "coordinates": [371554.52, 3374067.97]}, "properties": {"cell_id": 1752, "max_wse_m": 2080.25}}, {"type": "Feature", "geometry": {"type": "Point", "coordinates": [371594.52, 3374067.97]}, "properties": {"cell_id": 1753, "max_wse_m": 2136.09}}, {"type": "Feature", "geometry": {"type": "Point", "coordinates": [371634.52, 3374067.97]}, "properties": {"cell_id": 1754, "max_wse_m": 2130.77}}, {"type": "Feature", "geometry": {"type": "Point", "coordinates": [371674.52, 3374067.97]}, "properties": {"cell_id": 1755, "max_wse_m": 2130.27}}, {"type": "Feature", "geometry": {"type": "Point", "coordinates": [371714.52, 3374067.97]}, "properties": {"cell_id": 1756, "max_wse_m": 2131.34}}, {"type": "Feature", "geometry": {"type": "Point", "coordinates": [371754.52, 3374067.97]}, "properties": {"cell_id": 1757, "max_wse_m": 2152.65}}, {"type": "Feature", "geometry": {"type": "Point", "coordinates": [371794.52, 3374067.97]}, "properties": {"cell_id": 1758, "max_wse_m": 2142.31}}, {"type": "Feature", "geometry": {"type": "Point", "coordinates": [371834.52, 3374067.97]}, "properties": {"cell_id": 1759, "max_wse_m": 2113.96}}, {"type": "Feature", "geometry": {"type": "Point", "coordinates": [371874.52, 3374067.97]}, "properties": {"cell_id": 1760, "max_wse_m": 2096.48}}, {"type": "Feature", "geometry": {"type": "Point", "coordinates": [371914.52, 3374067.97]}, "properties": {"cell_id": 1761, "max_wse_m": 2068.74}}, {"type": "Feature", "geometry": {"type": "Point", "coordinates": [371954.52, 3374067.97]}, "properties": {"cell_id": 1762, "max_wse_m": 2061.82}}, {"type": "Feature", "geometry": {"type": "Point", "coordinates": [371994.52, 3374067.97]}, "properties": {"cell_id": 1763, "max_wse_m": 2047.05}}, {"type": "Feature", "geometry": {"type": "Point", "coordinates": [372034.52, 3374067.97]}, "properties": {"cell_id": 1764, "max_wse_m": 2028.33}}, {"type": "Feature", "geometry": {"type": "Point", "coordinates": [372074.52, 3374067.97]}, "properties": {"cell_id": 1765, "max_wse_m": 2001.0}}, {"type": "Feature", "geometry": {"type": "Point", "coordinates": [372114.52, 3374067.97]}, "properties": {"cell_id": 1766, "max_wse_m": 1985.74}}, {"type": "Feature", "geometry": {"type": "Point", "coordinates": [372154.52, 3374067.97]}, "properties": {"cell_id": 1767, "max_wse_m": 1986.49}}, {"type": "Feature", "geometry": {"type": "Point", "coordinates": [372194.52, 3374067.97]}, "properties": {"cell_id": 1768, "max_wse_m": 1993.53}}, {"type": "Feature", "geometry": {"type": "Point", "coordinates": [372234.52, 3374067.97]}, "properties": {"cell_id": 1769, "max_wse_m": 2009.68}}, {"type": "Feature", "geometry": {"type": "Point", "coordinates": [372274.52, 3374067.97]}, "properties": {"cell_id": 1770, "max_wse_m": 2018.4}}, {"type": "Feature", "geometry": {"type": "Point", "coordinates": [372314.52, 3374067.97]}, "properties": {"cell_id": 1771, "max_wse_m": 2033.04}}, {"type": "Feature", "geometry": {"type": "Point", "coordinates": [372354.52, 3374067.97]}, "properties": {"cell_id": 1772, "max_wse_m": 2042.08}}, {"type": "Feature", "geometry": {"type": "Point", "coordinates": [372394.52, 3374067.97]}, "properties": {"cell_id": 1773, "max_wse_m": 2060.55}}, {"type": "Feature", "geometry": {"type": "Point", "coordinates": [372434.52, 3374067.97]}, "properties": {"cell_id": 1774, "max_wse_m": 2075.4}}, {"type": "Feature", "geometry": {"type": "Point", "coordinates": [372474.52, 3374067.97]}, "properties": {"cell_id": 1775, "max_wse_m": 2090.77}}, {"type": "Feature", "geometry": {"type": "Point", "coordinates": [372514.52, 3374067.97]}, "properties": {"cell_id": 1776, "max_wse_m": 2102.0}}, {"type": "Feature", "geometry": {"type": "Point", "coordinates": [372554.52, 3374067.97]}, "properties": {"cell_id": 1777, "max_wse_m": 2112.96}}, {"type": "Feature", "geometry": {"type": "Point", "coordinates": [372594.52, 3374067.97]}, "properties": {"cell_id": 1778, "max_wse_m": 2111.32}}, {"type": "Feature", "geometry": {"type": "Point", "coordinates": [372634.52, 3374067.97]}, "properties": {"cell_id": 1779, "max_wse_m": 2088.44}}, {"type": "Feature", "geometry": {"type": "Point", "coordinates": [372674.52, 3374067.97]}, "properties": {"cell_id": 1780, "max_wse_m": 2060.56}}, {"type": "Feature", "geometry": {"type": "Point", "coordinates": [372714.52, 3374067.97]}, "properties": {"cell_id": 1781, "max_wse_m": 2055.78}}, {"type": "Feature", "geometry": {"type": "Point", "coordinates": [372754.52, 3374067.97]}, "properties": {"cell_id": 1782, "max_wse_m": 2059.77}}, {"type": "Feature", "geometry": {"type": "Point", "coordinates": [372794.52, 3374067.97]}, "properties": {"cell_id": 1783, "max_wse_m": 2082.69}}, {"type": "Feature", "geometry": {"type": "Point", "coordinates": [372834.52, 3374067.97]}, "properties": {"cell_id": 1784, "max_wse_m": 2108.83}}, {"type": "Feature", "geometry": {"type": "Point", "coordinates": [372874.52, 3374067.97]}, "properties": {"cell_id": 1785, "max_wse_m": 2105.29}}, {"type": "Feature", "geometry": {"type": "Point", "coordinates": [372914.52, 3374067.97]}, "properties": {"cell_id": 1786, "max_wse_m": 2105.64}}, {"type": "Feature", "geometry": {"type": "Point", "coordinates": [372954.52, 3374067.97]}, "properties": {"cell_id": 1787, "max_wse_m": 2112.17}}, {"type": "Feature", "geometry": {"type": "Point", "coordinates": [372994.52, 3374067.97]}, "properties": {"cell_id": 1788, "max_wse_m": 2102.17}}, {"type": "Feature", "geometry": {"type": "Point", "coordinates": [373034.52, 3374067.97]}, "properties": {"cell_id": 1789, "max_wse_m": 2111.57}}, {"type": "Feature", "geometry": {"type": "Point", "coordinates": [373074.52, 3374067.97]}, "properties": {"cell_id": 1790, "max_wse_m": 2159.13}}, {"type": "Feature", "geometry": {"type": "Point", "coordinates": [373114.52, 3374067.97]}, "properties": {"cell_id": 1791, "max_wse_m": 2175.91}}, {"type": "Feature", "geometry": {"type": "Point", "coordinates": [373154.52, 3374067.97]}, "properties": {"cell_id": 1792, "max_wse_m": 2182.29}}, {"type": "Feature", "geometry": {"type": "Point", "coordinates": [373194.52, 3374067.97]}, "properties": {"cell_id": 1793, "max_wse_m": 2228.28}}, {"type": "Feature", "geometry": {"type": "Point", "coordinates": [373234.52, 3374067.97]}, "properties": {"cell_id": 1794, "max_wse_m": 2248.34}}, {"type": "Feature", "geometry": {"type": "Point", "coordinates": [373274.52, 3374067.97]}, "properties": {"cell_id": 1795, "max_wse_m": 2269.19}}, {"type": "Feature", "geometry": {"type": "Point", "coordinates": [373314.52, 3374067.97]}, "properties": {"cell_id": 1796, "max_wse_m": 2305.72}}, {"type": "Feature", "geometry": {"type": "Point", "coordinates": [373354.52, 3374067.97]}, "properties": {"cell_id": 1797, "max_wse_m": 2331.88}}, {"type": "Feature", "geometry": {"type": "Point", "coordinates": [373394.52, 3374067.97]}, "properties": {"cell_id": 1798, "max_wse_m": 2336.31}}, {"type": "Feature", "geometry": {"type": "Point", "coordinates": [373434.52, 3374067.97]}, "properties": {"cell_id": 1799, "max_wse_m": 2341.73}}, {"type": "Feature", "geometry": {"type": "Point", "coordinates": [373474.52, 3374067.97]}, "properties": {"cell_id": 1800, "max_wse_m": 2370.01}}, {"type": "Feature", "geometry": {"type": "Point", "coordinates": [373514.52, 3374067.97]}, "properties": {"cell_id": 1801, "max_wse_m": 2344.97}}, {"type": "Feature", "geometry": {"type": "Point", "coordinates": [373554.52, 3374067.97]}, "properties": {"cell_id": 1802, "max_wse_m": 2341.9}}, {"type": "Feature", "geometry": {"type": "Point", "coordinates": [373594.52, 3374067.97]}, "properties": {"cell_id": 1803, "max_wse_m": 2322.53}}, {"type": "Feature", "geometry": {"type": "Point", "coordinates": [373634.52, 3374067.97]}, "properties": {"cell_id": 1804, "max_wse_m": 2316.92}}, {"type": "Feature", "geometry": {"type": "Point", "coordinates": [373674.52, 3374067.97]}, "properties": {"cell_id": 1805, "max_wse_m": 2322.28}}, {"type": "Feature", "geometry": {"type": "Point", "coordinates": [373714.52, 3374067.97]}, "properties": {"cell_id": 1806, "max_wse_m": 2317.86}}, {"type": "Feature", "geometry": {"type": "Point", "coordinates": [373754.52, 3374067.97]}, "properties": {"cell_id": 1807, "max_wse_m": 2288.49}}, {"type": "Feature", "geometry": {"type": "Point", "coordinates": [373794.52, 3374067.97]}, "properties": {"cell_id": 1808, "max_wse_m": 2277.8}}, {"type": "Feature", "geometry": {"type": "Point", "coordinates": [373834.52, 3374067.97]}, "properties": {"cell_id": 1809, "max_wse_m": 2269.79}}, {"type": "Feature", "geometry": {"type": "Point", "coordinates": [373874.52, 3374067.97]}, "properties": {"cell_id": 1810, "max_wse_m": 2248.72}}, {"type": "Feature", "geometry": {"type": "Point", "coordinates": [373914.52, 3374067.97]}, "properties": {"cell_id": 1811, "max_wse_m": 2241.73}}, {"type": "Feature", "geometry": {"type": "Point", "coordinates": [373954.52, 3374067.97]}, "properties": {"cell_id": 1812, "max_wse_m": 2239.77}}, {"type": "Feature", "geometry": {"type": "Point", "coordinates": [373994.52, 3374067.97]}, "properties": {"cell_id": 1813, "max_wse_m": 2250.7}}, {"type": "Feature", "geometry": {"type": "Point", "coordinates": [374034.52, 3374067.97]}, "properties": {"cell_id": 1814, "max_wse_m": 2253.73}}, {"type": "Feature", "geometry": {"type": "Point", "coordinates": [374074.52, 3374067.97]}, "properties": {"cell_id": 1815, "max_wse_m": 2238.55}}, {"type": "Feature", "geometry": {"type": "Point", "coordinates": [374114.52, 3374067.97]}, "properties": {"cell_id": 1816, "max_wse_m": 2235.92}}, {"type": "Feature", "geometry": {"type": "Point", "coordinates": [374154.52, 3374067.97]}, "properties": {"cell_id": 1817, "max_wse_m": 2214.97}}, {"type": "Feature", "geometry": {"type": "Point", "coordinates": [374194.52, 3374067.97]}, "properties": {"cell_id": 1818, "max_wse_m": 2200.75}}, {"type": "Feature", "geometry": {"type": "Point", "coordinates": [374234.52, 3374067.97]}, "properties": {"cell_id": 1819, "max_wse_m": 2172.86}}, {"type": "Feature", "geometry": {"type": "Point", "coordinates": [374274.52, 3374067.97]}, "properties": {"cell_id": 1820, "max_wse_m": 2137.97}}, {"type": "Feature", "geometry": {"type": "Point", "coordinates": [374314.52, 3374067.97]}, "properties": {"cell_id": 1821, "max_wse_m": 2119.07}}, {"type": "Feature", "geometry": {"type": "Point", "coordinates": [374354.52, 3374067.97]}, "properties": {"cell_id": 1822, "max_wse_m": 2108.49}}, {"type": "Feature", "geometry": {"type": "Point", "coordinates": [374394.52, 3374067.97]}, "properties": {"cell_id": 1823, "max_wse_m": 2106.98}}, {"type": "Feature", "geometry": {"type": "Point", "coordinates": [374434.52, 3374067.97]}, "properties": {"cell_id": 1824, "max_wse_m": 2089.94}}, {"type": "Feature", "geometry": {"type": "Point", "coordinates": [374474.52, 3374067.97]}, "properties": {"cell_id": 1825, "max_wse_m": 2069.5}}, {"type": "Feature", "geometry": {"type": "Point", "coordinates": [374514.52, 3374067.97]}, "properties": {"cell_id": 1826, "max_wse_m": 2048.7}}, {"type": "Feature", "geometry": {"type": "Point", "coordinates": [374554.52, 3374067.97]}, "properties": {"cell_id": 1827, "max_wse_m": 2008.54}}, {"type": "Feature", "geometry": {"type": "Point", "coordinates": [379034.52, 3374067.97]}, "properties": {"cell_id": 1828, "max_wse_m": 3058.32}}, {"type": "Feature", "geometry": {"type": "Point", "coordinates": [379074.52, 3374067.97]}, "properties": {"cell_id": 1829, "max_wse_m": 3065.98}}, {"type": "Feature", "geometry": {"type": "Point", "coordinates": [379114.52, 3374067.97]}, "properties": {"cell_id": 1830, "max_wse_m": 3100.11}}, {"type": "Feature", "geometry": {"type": "Point", "coordinates": [379154.52, 3374067.97]}, "properties": {"cell_id": 1831, "max_wse_m": 3118.77}}, {"type": "Feature", "geometry": {"type": "Point", "coordinates": [379194.52, 3374067.97]}, "properties": {"cell_id": 1832, "max_wse_m": 3138.29}}, {"type": "Feature", "geometry": {"type": "Point", "coordinates": [379234.52, 3374067.97]}, "properties": {"cell_id": 1833, "max_wse_m": 3136.31}}, {"type": "Feature", "geometry": {"type": "Point", "coordinates": [379274.52, 3374067.97]}, "properties": {"cell_id": 1834, "max_wse_m": 3128.59}}, {"type": "Feature", "geometry": {"type": "Point", "coordinates": [379314.52, 3374067.97]}, "properties": {"cell_id": 1835, "max_wse_m": 3135.45}}, {"type": "Feature", "geometry": {"type": "Point", "coordinates": [379354.52, 3374067.97]}, "properties": {"cell_id": 1836, "max_wse_m": 3165.32}}, {"type": "Feature", "geometry": {"type": "Point", "coordinates": [379394.52, 3374067.97]}, "properties": {"cell_id": 1837, "max_wse_m": 3181.3}}, {"type": "Feature", "geometry": {"type": "Point", "coordinates": [379434.52, 3374067.97]}, "properties": {"cell_id": 1838, "max_wse_m": 3201.39}}, {"type": "Feature", "geometry": {"type": "Point", "coordinates": [379474.52, 3374067.97]}, "properties": {"cell_id": 1839, "max_wse_m": 3226.99}}, {"type": "Feature", "geometry": {"type": "Point", "coordinates": [379514.52, 3374067.97]}, "properties": {"cell_id": 1840, "max_wse_m": 3264.51}}, {"type": "Feature", "geometry": {"type": "Point", "coordinates": [379554.52, 3374067.97]}, "properties": {"cell_id": 1841, "max_wse_m": 3289.78}}, {"type": "Feature", "geometry": {"type": "Point", "coordinates": [379594.52, 3374067.97]}, "properties": {"cell_id": 1842, "max_wse_m": 3301.58}}, {"type": "Feature", "geometry": {"type": "Point", "coordinates": [379634.52, 3374067.97]}, "properties": {"cell_id": 1843, "max_wse_m": 3316.06}}, {"type": "Feature", "geometry": {"type": "Point", "coordinates": [379674.52, 3374067.97]}, "properties": {"cell_id": 1844, "max_wse_m": 3342.1}}, {"type": "Feature", "geometry": {"type": "Point", "coordinates": [379714.52, 3374067.97]}, "properties": {"cell_id": 1845, "max_wse_m": 3366.44}}, {"type": "Feature", "geometry": {"type": "Point", "coordinates": [379754.52, 3374067.97]}, "properties": {"cell_id": 1846, "max_wse_m": 3388.32}}, {"type": "Feature", "geometry": {"type": "Point", "coordinates": [379794.52, 3374067.97]}, "properties": {"cell_id": 1847, "max_wse_m": 3425.6}}, {"type": "Feature", "geometry": {"type": "Point", "coordinates": [379834.52, 3374067.97]}, "properties": {"cell_id": 1848, "max_wse_m": 3448.86}}, {"type": "Feature", "geometry": {"type": "Point", "coordinates": [379874.52, 3374067.97]}, "properties": {"cell_id": 1849, "max_wse_m": 3473.35}}, {"type": "Feature", "geometry": {"type": "Point", "coordinates": [379914.52, 3374067.97]}, "properties": {"cell_id": 1850, "max_wse_m": 3515.91}}, {"type": "Feature", "geometry": {"type": "Point", "coordinates": [379954.52, 3374067.97]}, "properties": {"cell_id": 1851, "max_wse_m": 3535.74}}, {"type": "Feature", "geometry": {"type": "Point", "coordinates": [379994.52, 3374067.97]}, "properties": {"cell_id": 1852, "max_wse_m": 3542.41}}, {"type": "Feature", "geometry": {"type": "Point", "coordinates": [380034.52, 3374067.97]}, "properties": {"cell_id": 1853, "max_wse_m": 3554.53}}, {"type": "Feature", "geometry": {"type": "Point", "coordinates": [380074.52, 3374067.97]}, "properties": {"cell_id": 1854, "max_wse_m": 3585.92}}, {"type": "Feature", "geometry": {"type": "Point", "coordinates": [380114.52, 3374067.97]}, "properties": {"cell_id": 1855, "max_wse_m": 3617.14}}, {"type": "Feature", "geometry": {"type": "Point", "coordinates": [380154.52, 3374067.97]}, "properties": {"cell_id": 1856, "max_wse_m": 3650.94}}, {"type": "Feature", "geometry": {"type": "Point", "coordinates": [380194.52, 3374067.97]}, "properties": {"cell_id": 1857, "max_wse_m": 3713.2}}, {"type": "Feature", "geometry": {"type": "Point", "coordinates": [380234.52, 3374067.97]}, "properties": {"cell_id": 1858, "max_wse_m": 3735.85}}, {"type": "Feature", "geometry": {"type": "Point", "coordinates": [380274.52, 3374067.97]}, "properties": {"cell_id": 1859, "max_wse_m": 3764.91}}, {"type": "Feature", "geometry": {"type": "Point", "coordinates": [380314.52, 3374067.97]}, "properties": {"cell_id": 1860, "max_wse_m": 3783.01}}, {"type": "Feature", "geometry": {"type": "Point", "coordinates": [380354.52, 3374067.97]}, "properties": {"cell_id": 1861, "max_wse_m": 3818.93}}, {"type": "Feature", "geometry": {"type": "Point", "coordinates": [380394.52, 3374067.97]}, "properties": {"cell_id": 1862, "max_wse_m": 3864.33}}, {"type": "Feature", "geometry": {"type": "Point", "coordinates": [380434.52, 3374067.97]}, "properties": {"cell_id": 1863, "max_wse_m": 3891.5}}, {"type": "Feature", "geometry": {"type": "Point", "coordinates": [380474.52, 3374067.97]}, "properties": {"cell_id": 1864, "max_wse_m": 3914.45}}, {"type": "Feature", "geometry": {"type": "Point", "coordinates": [380514.52, 3374067.97]}, "properties": {"cell_id": 1865, "max_wse_m": 3951.86}}, {"type": "Feature", "geometry": {"type": "Point", "coordinates": [380554.52, 3374067.97]}, "properties": {"cell_id": 1866, "max_wse_m": 3969.22}}, {"type": "Feature", "geometry": {"type": "Point", "coordinates": [380594.52, 3374067.97]}, "properties": {"cell_id": 1867, "max_wse_m": 3938.93}}, {"type": "Feature", "geometry": {"type": "Point", "coordinates": [380634.52, 3374067.97]}, "properties": {"cell_id": 1868, "max_wse_m": 3917.27}}, {"type": "Feature", "geometry": {"type": "Point", "coordinates": [380674.52, 3374067.97]}, "properties": {"cell_id": 1869, "max_wse_m": 3890.15}}, {"type": "Feature", "geometry": {"type": "Point", "coordinates": [380714.52, 3374067.97]}, "properties": {"cell_id": 1870, "max_wse_m": 3885.03}}, {"type": "Feature", "geometry": {"type": "Point", "coordinates": [380754.52, 3374067.97]}, "properties": {"cell_id": 1871, "max_wse_m": 3885.03}}, {"type": "Feature", "geometry": {"type": "Point", "coordinates": [380794.52, 3374067.97]}, "properties": {"cell_id": 1872, "max_wse_m": 3916.58}}, {"type": "Feature", "geometry": {"type": "Point", "coordinates": [380834.52, 3374067.97]}, "properties": {"cell_id": 1873, "max_wse_m": 3933.58}}, {"type": "Feature", "geometry": {"type": "Point", "coordinates": [380874.52, 3374067.97]}, "properties": {"cell_id": 1874, "max_wse_m": 3953.83}}, {"type": "Feature", "geometry": {"type": "Point", "coordinates": [380914.52, 3374067.97]}, "properties": {"cell_id": 1875, "max_wse_m": 3996.55}}, {"type": "Feature", "geometry": {"type": "Point", "coordinates": [380954.52, 3374067.97]}, "properties": {"cell_id": 1876, "max_wse_m": 4025.01}}, {"type": "Feature", "geometry": {"type": "Point", "coordinates": [380994.52, 3374067.97]}, "properties": {"cell_id": 1877, "max_wse_m": 4032.96}}, {"type": "Feature", "geometry": {"type": "Point", "coordinates": [381034.52, 3374067.97]}, "properties": {"cell_id": 1878, "max_wse_m": 4058.95}}, {"type": "Feature", "geometry": {"type": "Point", "coordinates": [381074.52, 3374067.97]}, "properties": {"cell_id": 1879, "max_wse_m": 4090.75}}, {"type": "Feature", "geometry": {"type": "Point", "coordinates": [381114.52, 3374067.97]}, "properties": {"cell_id": 1880, "max_wse_m": 4122.02}}, {"type": "Feature", "geometry": {"type": "Point", "coordinates": [381154.52, 3374067.97]}, "properties": {"cell_id": 1881, "max_wse_m": 4151.14}}, {"type": "Feature", "geometry": {"type": "Point", "coordinates": [381194.52, 3374067.97]}, "properties": {"cell_id": 1882, "max_wse_m": 4189.11}}, {"type": "Feature", "geometry": {"type": "Point", "coordinates": [381234.52, 3374067.97]}, "properties": {"cell_id": 1883, "max_wse_m": 4221.92}}, {"type": "Feature", "geometry": {"type": "Point", "coordinates": [381274.52, 3374067.97]}, "properties": {"cell_id": 1884, "max_wse_m": 4239.51}}, {"type": "Feature", "geometry": {"type": "Point", "coordinates": [381314.52, 3374067.97]}, "properties": {"cell_id": 1885, "max_wse_m": 4238.83}}, {"type": "Feature", "geometry": {"type": "Point", "coordinates": [381354.52, 3374067.97]}, "properties": {"cell_id": 1886, "max_wse_m": 4252.72}}, {"type": "Feature", "geometry": {"type": "Point", "coordinates": [381394.52, 3374067.97]}, "properties": {"cell_id": 1887, "max_wse_m": 4283.52}}, {"type": "Feature", "geometry": {"type": "Point", "coordinates": [381434.52, 3374067.97]}, "properties": {"cell_id": 1888, "max_wse_m": 4322.6}}, {"type": "Feature", "geometry": {"type": "Point", "coordinates": [381474.52, 3374067.97]}, "properties": {"cell_id": 1889, "max_wse_m": 4323.76}}, {"type": "Feature", "geometry": {"type": "Point", "coordinates": [381514.52, 3374067.97]}, "properties": {"cell_id": 1890, "max_wse_m": 4323.14}}, {"type": "Feature", "geometry": {"type": "Point", "coordinates": [381554.52, 3374067.97]}, "properties": {"cell_id": 1891, "max_wse_m": 4330.75}}, {"type": "Feature", "geometry": {"type": "Point", "coordinates": [381594.52, 3374067.97]}, "properties": {"cell_id": 1892, "max_wse_m": 4349.64}}, {"type": "Feature", "geometry": {"type": "Point", "coordinates": [381634.52, 3374067.97]}, "properties": {"cell_id": 1893, "max_wse_m": 4333.48}}, {"type": "Feature", "geometry": {"type": "Point", "coordinates": [381674.52, 3374067.97]}, "properties": {"cell_id": 1894, "max_wse_m": 4354.74}}, {"type": "Feature", "geometry": {"type": "Point", "coordinates": [381714.52, 3374067.97]}, "properties": {"cell_id": 1895, "max_wse_m": 4369.7}}, {"type": "Feature", "geometry": {"type": "Point", "coordinates": [381754.52, 3374067.97]}, "properties": {"cell_id": 1896, "max_wse_m": 4363.02}}, {"type": "Feature", "geometry": {"type": "Point", "coordinates": [381794.52, 3374067.97]}, "properties": {"cell_id": 1897, "max_wse_m": 4347.03}}, {"type": "Feature", "geometry": {"type": "Point", "coordinates": [370314.52, 3374027.97]}, "properties": {"cell_id": 1898, "max_wse_m": 1795.83}}, {"type": "Feature", "geometry": {"type": "Point", "coordinates": [370354.52, 3374027.97]}, "properties": {"cell_id": 1899, "max_wse_m": 1792.78}}, {"type": "Feature", "geometry": {"type": "Point", "coordinates": [370394.52, 3374027.97]}, "properties": {"cell_id": 1900, "max_wse_m": 1794.03}}, {"type": "Feature", "geometry": {"type": "Point", "coordinates": [370434.52, 3374027.97]}, "properties": {"cell_id": 1901, "max_wse_m": 1790.93}}, {"type": "Feature", "geometry": {"type": "Point", "coordinates": [370474.52, 3374027.97]}, "properties": {"cell_id": 1902, "max_wse_m": 1790.17}}, {"type": "Feature", "geometry": {"type": "Point", "coordinates": [370514.52, 3374027.97]}, "properties": {"cell_id": 1903, "max_wse_m": 1790.96}}, {"type": "Feature", "geometry": {"type": "Point", "coordinates": [370554.52, 3374027.97]}, "properties": {"cell_id": 1904, "max_wse_m": 1794.06}}, {"type": "Feature", "geometry": {"type": "Point", "coordinates": [370594.52, 3374027.97]}, "properties": {"cell_id": 1905, "max_wse_m": 1796.66}}, {"type": "Feature", "geometry": {"type": "Point", "coordinates": [370634.52, 3374027.97]}, "properties": {"cell_id": 1906, "max_wse_m": 1799.04}}, {"type": "Feature", "geometry": {"type": "Point", "coordinates": [370674.52, 3374027.97]}, "properties": {"cell_id": 1907, "max_wse_m": 1817.61}}, {"type": "Feature", "geometry": {"type": "Point", "coordinates": [370714.52, 3374027.97]}, "properties": {"cell_id": 1908, "max_wse_m": 1845.53}}, {"type": "Feature", "geometry": {"type": "Point", "coordinates": [370754.52, 3374027.97]}, "properties": {"cell_id": 1909, "max_wse_m": 1860.13}}, {"type": "Feature", "geometry": {"type": "Point", "coordinates": [370794.52, 3374027.97]}, "properties": {"cell_id": 1910, "max_wse_m": 1878.39}}, {"type": "Feature", "geometry": {"type": "Point", "coordinates": [370834.52, 3374027.97]}, "properties": {"cell_id": 1911, "max_wse_m": 1883.44}}, {"type": "Feature", "geometry": {"type": "Point", "coordinates": [370874.52, 3374027.97]}, "properties": {"cell_id": 1912, "max_wse_m": 1883.99}}, {"type": "Feature", "geometry": {"type": "Point", "coordinates": [370914.52, 3374027.97]}, "properties": {"cell_id": 1913, "max_wse_m": 1941.2}}, {"type": "Feature", "geometry": {"type": "Point", "coordinates": [370954.52, 3374027.97]}, "properties": {"cell_id": 1914, "max_wse_m": 1974.16}}, {"type": "Feature", "geometry": {"type": "Point", "coordinates": [370994.52, 3374027.97]}, "properties": {"cell_id": 1915, "max_wse_m": 2004.07}}, {"type": "Feature", "geometry": {"type": "Point", "coordinates": [371034.52, 3374027.97]}, "properties": {"cell_id": 1916, "max_wse_m": 2049.89}}, {"type": "Feature", "geometry": {"type": "Point", "coordinates": [371074.52, 3374027.97]}, "properties": {"cell_id": 1917, "max_wse_m": 2051.69}}, {"type": "Feature", "geometry": {"type": "Point", "coordinates": [371114.52, 3374027.97]}, "properties": {"cell_id": 1918, "max_wse_m": 2024.47}}, {"type": "Feature", "geometry": {"type": "Point", "coordinates": [371154.52, 3374027.97]}, "properties": {"cell_id": 1919, "max_wse_m": 2019.53}}, {"type": "Feature", "geometry": {"type": "Point", "coordinates": [371194.52, 3374027.97]}, "properties": {"cell_id": 1920, "max_wse_m": 2011.05}}, {"type": "Feature", "geometry": {"type": "Point", "coordinates": [371234.52, 3374027.97]}, "properties": {"cell_id": 1921, "max_wse_m": 2011.22}}, {"type": "Feature", "geometry": {"type": "Point", "coordinates": [371274.52, 3374027.97]}, "properties": {"cell_id": 1922, "max_wse_m": 2011.86}}, {"type": "Feature", "geometry": {"type": "Point", "coordinates": [371314.52, 3374027.97]}, "properties": {"cell_id": 1923, "max_wse_m": 2021.32}}, {"type": "Feature", "geometry": {"type": "Point", "coordinates": [371354.52, 3374027.97]}, "properties": {"cell_id": 1924, "max_wse_m": 2050.16}}, {"type": "Feature", "geometry": {"type": "Point", "coordinates": [371394.52, 3374027.97]}, "properties": {"cell_id": 1925, "max_wse_m": 2050.84}}, {"type": "Feature", "geometry": {"type": "Point", "coordinates": [371434.52, 3374027.97]}, "properties": {"cell_id": 1926, "max_wse_m": 2025.27}}, {"type": "Feature", "geometry": {"type": "Point", "coordinates": [371474.52, 3374027.97]}, "properties": {"cell_id": 1927, "max_wse_m": 2007.16}}, {"type": "Feature", "geometry": {"type": "Point", "coordinates": [371514.52, 3374027.97]}, "properties": {"cell_id": 1928, "max_wse_m": 2011.85}}, {"type": "Feature", "geometry": {"type": "Point", "coordinates": [371554.52, 3374027.97]}, "properties": {"cell_id": 1929, "max_wse_m": 2055.96}}, {"type": "Feature", "geometry": {"type": "Point", "coordinates": [371594.52, 3374027.97]}, "properties": {"cell_id": 1930, "max_wse_m": 2070.43}}, {"type": "Feature", "geometry": {"type": "Point", "coordinates": [371634.52, 3374027.97]}, "properties": {"cell_id": 1931, "max_wse_m": 2090.14}}, {"type": "Feature", "geometry": {"type": "Point", "coordinates": [371674.52, 3374027.97]}, "properties": {"cell_id": 1932, "max_wse_m": 2098.5}}, {"type": "Feature", "geometry": {"type": "Point", "coordinates": [371714.52, 3374027.97]}, "properties": {"cell_id": 1933, "max_wse_m": 2082.03}}, {"type": "Feature", "geometry": {"type": "Point", "coordinates": [371754.52, 3374027.97]}, "properties": {"cell_id": 1934, "max_wse_m": 2082.07}}, {"type": "Feature", "geometry": {"type": "Point", "coordinates": [371794.52, 3374027.97]}, "properties": {"cell_id": 1935, "max_wse_m": 2091.89}}, {"type": "Feature", "geometry": {"type": "Point", "coordinates": [371834.52, 3374027.97]}, "properties": {"cell_id": 1936, "max_wse_m": 2090.47}}, {"type": "Feature", "geometry": {"type": "Point", "coordinates": [371874.52, 3374027.97]}, "properties": {"cell_id": 1937, "max_wse_m": 2064.37}}, {"type": "Feature", "geometry": {"type": "Point", "coordinates": [371914.52, 3374027.97]}, "properties": {"cell_id": 1938, "max_wse_m": 2036.79}}, {"type": "Feature", "geometry": {"type": "Point", "coordinates": [371954.52, 3374027.97]}, "properties": {"cell_id": 1939, "max_wse_m": 2016.18}}, {"type": "Feature", "geometry": {"type": "Point", "coordinates": [371994.52, 3374027.97]}, "properties": {"cell_id": 1940, "max_wse_m": 2005.48}}, {"type": "Feature", "geometry": {"type": "Point", "coordinates": [372034.52, 3374027.97]}, "properties": {"cell_id": 1941, "max_wse_m": 1985.4}}, {"type": "Feature", "geometry": {"type": "Point", "coordinates": [372074.52, 3374027.97]}, "properties": {"cell_id": 1942, "max_wse_m": 1966.87}}, {"type": "Feature", "geometry": {"type": "Point", "coordinates": [372114.52, 3374027.97]}, "properties": {"cell_id": 1943, "max_wse_m": 1954.56}}, {"type": "Feature", "geometry": {"type": "Point", "coordinates": [372154.52, 3374027.97]}, "properties": {"cell_id": 1944, "max_wse_m": 1955.56}}, {"type": "Feature", "geometry": {"type": "Point", "coordinates": [372194.52, 3374027.97]}, "properties": {"cell_id": 1945, "max_wse_m": 1965.38}}, {"type": "Feature", "geometry": {"type": "Point", "coordinates": [372234.52, 3374027.97]}, "properties": {"cell_id": 1946, "max_wse_m": 1981.22}}, {"type": "Feature", "geometry": {"type": "Point", "coordinates": [372274.52, 3374027.97]}, "properties": {"cell_id": 1947, "max_wse_m": 1994.12}}, {"type": "Feature", "geometry": {"type": "Point", "coordinates": [372314.52, 3374027.97]}, "properties": {"cell_id": 1948, "max_wse_m": 2008.27}}, {"type": "Feature", "geometry": {"type": "Point", "coordinates": [372354.52, 3374027.97]}, "properties": {"cell_id": 1949, "max_wse_m": 2017.38}}, {"type": "Feature", "geometry": {"type": "Point", "coordinates": [372394.52, 3374027.97]}, "properties": {"cell_id": 1950, "max_wse_m": 2037.74}}, {"type": "Feature", "geometry": {"type": "Point", "coordinates": [372434.52, 3374027.97]}, "properties": {"cell_id": 1951, "max_wse_m": 2056.32}}, {"type": "Feature", "geometry": {"type": "Point", "coordinates": [372474.52, 3374027.97]}, "properties": {"cell_id": 1952, "max_wse_m": 2059.92}}, {"type": "Feature", "geometry": {"type": "Point", "coordinates": [372514.52, 3374027.97]}, "properties": {"cell_id": 1953, "max_wse_m": 2070.92}}, {"type": "Feature", "geometry": {"type": "Point", "coordinates": [372554.52, 3374027.97]}, "properties": {"cell_id": 1954, "max_wse_m": 2085.15}}, {"type": "Feature", "geometry": {"type": "Point", "coordinates": [372594.52, 3374027.97]}, "properties": {"cell_id": 1955, "max_wse_m": 2084.54}}, {"type": "Feature", "geometry": {"type": "Point", "coordinates": [372634.52, 3374027.97]}, "properties": {"cell_id": 1956, "max_wse_m": 2061.9}}, {"type": "Feature", "geometry": {"type": "Point", "coordinates": [372674.52, 3374027.97]}, "properties": {"cell_id": 1957, "max_wse_m": 2041.95}}, {"type": "Feature", "geometry": {"type": "Point", "coordinates": [372714.52, 3374027.97]}, "properties": {"cell_id": 1958, "max_wse_m": 2032.22}}, {"type": "Feature", "geometry": {"type": "Point", "coordinates": [372754.52, 3374027.97]}, "properties": {"cell_id": 1959, "max_wse_m": 2033.41}}, {"type": "Feature", "geometry": {"type": "Point", "coordinates": [372794.52, 3374027.97]}, "properties": {"cell_id": 1960, "max_wse_m": 2054.63}}, {"type": "Feature", "geometry": {"type": "Point", "coordinates": [372834.52, 3374027.97]}, "properties": {"cell_id": 1961, "max_wse_m": 2074.65}}, {"type": "Feature", "geometry": {"type": "Point", "coordinates": [372874.52, 3374027.97]}, "properties": {"cell_id": 1962, "max_wse_m": 2067.9}}, {"type": "Feature", "geometry": {"type": "Point", "coordinates": [372914.52, 3374027.97]}, "properties": {"cell_id": 1963, "max_wse_m": 2069.84}}, {"type": "Feature", "geometry": {"type": "Point", "coordinates": [372954.52, 3374027.97]}, "properties": {"cell_id": 1964, "max_wse_m": 2083.53}}, {"type": "Feature", "geometry": {"type": "Point", "coordinates": [372994.52, 3374027.97]}, "properties": {"cell_id": 1965, "max_wse_m": 2081.66}}, {"type": "Feature", "geometry": {"type": "Point", "coordinates": [373034.52, 3374027.97]}, "properties": {"cell_id": 1966, "max_wse_m": 2110.68}}, {"type": "Feature", "geometry": {"type": "Point", "coordinates": [373074.52, 3374027.97]}, "properties": {"cell_id": 1967, "max_wse_m": 2150.28}}, {"type": "Feature", "geometry": {"type": "Point", "coordinates": [373114.52, 3374027.97]}, "properties": {"cell_id": 1968, "max_wse_m": 2136.74}}, {"type": "Feature", "geometry": {"type": "Point", "coordinates": [373154.52, 3374027.97]}, "properties": {"cell_id": 1969, "max_wse_m": 2140.99}}, {"type": "Feature", "geometry": {"type": "Point", "coordinates": [373194.52, 3374027.97]}, "properties": {"cell_id": 1970, "max_wse_m": 2172.28}}, {"type": "Feature", "geometry": {"type": "Point", "coordinates": [373234.52, 3374027.97]}, "properties": {"cell_id": 1971, "max_wse_m": 2201.1}}, {"type": "Feature", "geometry": {"type": "Point", "coordinates": [373274.52, 3374027.97]}, "properties": {"cell_id": 1972, "max_wse_m": 2227.63}}, {"type": "Feature", "geometry": {"type": "Point", "coordinates": [373314.52, 3374027.97]}, "properties": {"cell_id": 1973, "max_wse_m": 2260.63}}, {"type": "Feature", "geometry": {"type": "Point", "coordinates": [373354.52, 3374027.97]}, "properties": {"cell_id": 1974, "max_wse_m": 2268.45}}, {"type": "Feature", "geometry": {"type": "Point", "coordinates": [373394.52, 3374027.97]}, "properties": {"cell_id": 1975, "max_wse_m": 2283.66}}, {"type": "Feature", "geometry": {"type": "Point", "coordinates": [373434.52, 3374027.97]}, "properties": {"cell_id": 1976, "max_wse_m": 2304.64}}, {"type": "Feature", "geometry": {"type": "Point", "coordinates": [373474.52, 3374027.97]}, "properties": {"cell_id": 1977, "max_wse_m": 2318.49}}, {"type": "Feature", "geometry": {"type": "Point", "coordinates": [373514.52, 3374027.97]}, "properties": {"cell_id": 1978, "max_wse_m": 2301.7}}, {"type": "Feature", "geometry": {"type": "Point", "coordinates": [373554.52, 3374027.97]}, "properties": {"cell_id": 1979, "max_wse_m": 2295.91}}, {"type": "Feature", "geometry": {"type": "Point", "coordinates": [373594.52, 3374027.97]}, "properties": {"cell_id": 1980, "max_wse_m": 2292.19}}, {"type": "Feature", "geometry": {"type": "Point", "coordinates": [373634.52, 3374027.97]}, "properties": {"cell_id": 1981, "max_wse_m": 2285.56}}, {"type": "Feature", "geometry": {"type": "Point", "coordinates": [373674.52, 3374027.97]}, "properties": {"cell_id": 1982, "max_wse_m": 2285.54}}, {"type": "Feature", "geometry": {"type": "Point", "coordinates": [373714.52, 3374027.97]}, "properties": {"cell_id": 1983, "max_wse_m": 2293.41}}, {"type": "Feature", "geometry": {"type": "Point", "coordinates": [373754.52, 3374027.97]}, "properties": {"cell_id": 1984, "max_wse_m": 2266.32}}, {"type": "Feature", "geometry": {"type": "Point", "coordinates": [373794.52, 3374027.97]}, "properties": {"cell_id": 1985, "max_wse_m": 2247.66}}, {"type": "Feature", "geometry": {"type": "Point", "coordinates": [373834.52, 3374027.97]}, "properties": {"cell_id": 1986, "max_wse_m": 2232.76}}, {"type": "Feature", "geometry": {"type": "Point", "coordinates": [373874.52, 3374027.97]}, "properties": {"cell_id": 1987, "max_wse_m": 2215.59}}, {"type": "Feature", "geometry": {"type": "Point", "coordinates": [373914.52, 3374027.97]}, "properties": {"cell_id": 1988, "max_wse_m": 2210.53}}, {"type": "Feature", "geometry": {"type": "Point", "coordinates": [373954.52, 3374027.97]}, "properties": {"cell_id": 1989, "max_wse_m": 2209.07}}, {"type": "Feature", "geometry": {"type": "Point", "coordinates": [373994.52, 3374027.97]}, "properties": {"cell_id": 1990, "max_wse_m": 2220.05}}, {"type": "Feature", "geometry": {"type": "Point", "coordinates": [374034.52, 3374027.97]}, "properties": {"cell_id": 1991, "max_wse_m": 2228.53}}, {"type": "Feature", "geometry": {"type": "Point", "coordinates": [374074.52, 3374027.97]}, "properties": {"cell_id": 1992, "max_wse_m": 2216.02}}, {"type": "Feature", "geometry": {"type": "Point", "coordinates": [374114.52, 3374027.97]}, "properties": {"cell_id": 1993, "max_wse_m": 2195.79}}, {"type": "Feature", "geometry": {"type": "Point", "coordinates": [374154.52, 3374027.97]}, "properties": {"cell_id": 1994, "max_wse_m": 2184.75}}, {"type": "Feature", "geometry": {"type": "Point", "coordinates": [374194.52, 3374027.97]}, "properties": {"cell_id": 1995, "max_wse_m": 2172.25}}, {"type": "Feature", "geometry": {"type": "Point", "coordinates": [374234.52, 3374027.97]}, "properties": {"cell_id": 1996, "max_wse_m": 2134.82}}, {"type": "Feature", "geometry": {"type": "Point", "coordinates": [374274.52, 3374027.97]}, "properties": {"cell_id": 1997, "max_wse_m": 2101.71}}, {"type": "Feature", "geometry": {"type": "Point", "coordinates": [374314.52, 3374027.97]}, "properties": {"cell_id": 1998, "max_wse_m": 2101.72}}, {"type": "Feature", "geometry": {"type": "Point", "coordinates": [374354.52, 3374027.97]}, "properties": {"cell_id": 1999, "max_wse_m": 2094.52}}, {"type": "Feature", "geometry": {"type": "Point", "coordinates": [374394.52, 3374027.97]}, "properties": {"cell_id": 2000, "max_wse_m": 2093.81}}, {"type": "Feature", "geometry": {"type": "Point", "coordinates": [374434.52, 3374027.97]}, "properties": {"cell_id": 2001, "max_wse_m": 2087.21}}, {"type": "Feature", "geometry": {"type": "Point", "coordinates": [374474.52, 3374027.97]}, "properties": {"cell_id": 2002, "max_wse_m": 2065.88}}, {"type": "Feature", "geometry": {"type": "Point", "coordinates": [374514.52, 3374027.97]}, "properties": {"cell_id": 2003, "max_wse_m": 2038.69}}, {"type": "Feature", "geometry": {"type": "Point", "coordinates": [374554.52, 3374027.97]}, "properties": {"cell_id": 2004, "max_wse_m": 2020.66}}, {"type": "Feature", "geometry": {"type": "Point", "coordinates": [374594.52, 3374027.97]}, "properties": {"cell_id": 2005, "max_wse_m": 1995.34}}, {"type": "Feature", "geometry": {"type": "Point", "coordinates": [374634.52, 3374027.97]}, "properties": {"cell_id": 2006, "max_wse_m": 1956.83}}, {"type": "Feature", "geometry": {"type": "Point", "coordinates": [378994.52, 3374027.97]}, "properties": {"cell_id": 2007, "max_wse_m": 3105.16}}, {"type": "Feature", "geometry": {"type": "Point", "coordinates": [379034.52, 3374027.97]}, "properties": {"cell_id": 2008, "max_wse_m": 3103.72}}, {"type": "Feature", "geometry": {"type": "Point", "coordinates": [379074.52, 3374027.97]}, "properties": {"cell_id": 2009, "max_wse_m": 3098.97}}, {"type": "Feature", "geometry": {"type": "Point", "coordinates": [379114.52, 3374027.97]}, "properties": {"cell_id": 2010, "max_wse_m": 3109.97}}, {"type": "Feature", "geometry": {"type": "Point", "coordinates": [379154.52, 3374027.97]}, "properties": {"cell_id": 2011, "max_wse_m": 3143.98}}, {"type": "Feature", "geometry": {"type": "Point", "coordinates": [379194.52, 3374027.97]}, "properties": {"cell_id": 2012, "max_wse_m": 3164.09}}, {"type": "Feature", "geometry": {"type": "Point", "coordinates": [379234.52, 3374027.97]}, "properties": {"cell_id": 2013, "max_wse_m": 3173.54}}, {"type": "Feature", "geometry": {"type": "Point", "coordinates": [379274.52, 3374027.97]}, "properties": {"cell_id": 2014, "max_wse_m": 3177.04}}, {"type": "Feature", "geometry": {"type": "Point", "coordinates": [379314.52, 3374027.97]}, "properties": {"cell_id": 2015, "max_wse_m": 3182.21}}, {"type": "Feature", "geometry": {"type": "Point", "coordinates": [379354.52, 3374027.97]}, "properties": {"cell_id": 2016, "max_wse_m": 3181.85}}, {"type": "Feature", "geometry": {"type": "Point", "coordinates": [379394.52, 3374027.97]}, "properties": {"cell_id": 2017, "max_wse_m": 3200.39}}, {"type": "Feature", "geometry": {"type": "Point", "coordinates": [379434.52, 3374027.97]}, "properties": {"cell_id": 2018, "max_wse_m": 3209.37}}, {"type": "Feature", "geometry": {"type": "Point", "coordinates": [379474.52, 3374027.97]}, "properties": {"cell_id": 2019, "max_wse_m": 3235.58}}, {"type": "Feature", "geometry": {"type": "Point", "coordinates": [379514.52, 3374027.97]}, "properties": {"cell_id": 2020, "max_wse_m": 3261.74}}, {"type": "Feature", "geometry": {"type": "Point", "coordinates": [379554.52, 3374027.97]}, "properties": {"cell_id": 2021, "max_wse_m": 3281.41}}, {"type": "Feature", "geometry": {"type": "Point", "coordinates": [379594.52, 3374027.97]}, "properties": {"cell_id": 2022, "max_wse_m": 3303.56}}, {"type": "Feature", "geometry": {"type": "Point", "coordinates": [379634.52, 3374027.97]}, "properties": {"cell_id": 2023, "max_wse_m": 3316.27}}, {"type": "Feature", "geometry": {"type": "Point", "coordinates": [379674.52, 3374027.97]}, "properties": {"cell_id": 2024, "max_wse_m": 3349.97}}, {"type": "Feature", "geometry": {"type": "Point", "coordinates": [379714.52, 3374027.97]}, "properties": {"cell_id": 2025, "max_wse_m": 3390.94}}, {"type": "Feature", "geometry": {"type": "Point", "coordinates": [379754.52, 3374027.97]}, "properties": {"cell_id": 2026, "max_wse_m": 3418.49}}, {"type": "Feature", "geometry": {"type": "Point", "coordinates": [379794.52, 3374027.97]}, "properties": {"cell_id": 2027, "max_wse_m": 3432.46}}, {"type": "Feature", "geometry": {"type": "Point", "coordinates": [379834.52, 3374027.97]}, "properties": {"cell_id": 2028, "max_wse_m": 3460.61}}, {"type": "Feature", "geometry": {"type": "Point", "coordinates": [379874.52, 3374027.97]}, "properties": {"cell_id": 2029, "max_wse_m": 3482.29}}, {"type": "Feature", "geometry": {"type": "Point", "coordinates": [379914.52, 3374027.97]}, "properties": {"cell_id": 2030, "max_wse_m": 3514.49}}, {"type": "Feature", "geometry": {"type": "Point", "coordinates": [379954.52, 3374027.97]}, "properties": {"cell_id": 2031, "max_wse_m": 3537.72}}, {"type": "Feature", "geometry": {"type": "Point", "coordinates": [379994.52, 3374027.97]}, "properties": {"cell_id": 2032, "max_wse_m": 3568.19}}, {"type": "Feature", "geometry": {"type": "Point", "coordinates": [380034.52, 3374027.97]}, "properties": {"cell_id": 2033, "max_wse_m": 3586.75}}, {"type": "Feature", "geometry": {"type": "Point", "coordinates": [380074.52, 3374027.97]}, "properties": {"cell_id": 2034, "max_wse_m": 3596.38}}, {"type": "Feature", "geometry": {"type": "Point", "coordinates": [380114.52, 3374027.97]}, "properties": {"cell_id": 2035, "max_wse_m": 3617.09}}, {"type": "Feature", "geometry": {"type": "Point", "coordinates": [380154.52, 3374027.97]}, "properties": {"cell_id": 2036, "max_wse_m": 3642.49}}, {"type": "Feature", "geometry": {"type": "Point", "coordinates": [380194.52, 3374027.97]}, "properties": {"cell_id": 2037, "max_wse_m": 3675.07}}, {"type": "Feature", "geometry": {"type": "Point", "coordinates": [380234.52, 3374027.97]}, "properties": {"cell_id": 2038, "max_wse_m": 3701.53}}, {"type": "Feature", "geometry": {"type": "Point", "coordinates": [380274.52, 3374027.97]}, "properties": {"cell_id": 2039, "max_wse_m": 3734.57}}, {"type": "Feature", "geometry": {"type": "Point", "coordinates": [380314.52, 3374027.97]}, "properties": {"cell_id": 2040, "max_wse_m": 3761.11}}, {"type": "Feature", "geometry": {"type": "Point", "coordinates": [380354.52, 3374027.97]}, "properties": {"cell_id": 2041, "max_wse_m": 3798.12}}, {"type": "Feature", "geometry": {"type": "Point", "coordinates": [380394.52, 3374027.97]}, "properties": {"cell_id": 2042, "max_wse_m": 3870.93}}, {"type": "Feature", "geometry": {"type": "Point", "coordinates": [380434.52, 3374027.97]}, "properties": {"cell_id": 2043, "max_wse_m": 3877.77}}, {"type": "Feature", "geometry": {"type": "Point", "coordinates": [380474.52, 3374027.97]}, "properties": {"cell_id": 2044, "max_wse_m": 3894.39}}, {"type": "Feature", "geometry": {"type": "Point", "coordinates": [380514.52, 3374027.97]}, "properties": {"cell_id": 2045, "max_wse_m": 3928.75}}, {"type": "Feature", "geometry": {"type": "Point", "coordinates": [380554.52, 3374027.97]}, "properties": {"cell_id": 2046, "max_wse_m": 3933.65}}, {"type": "Feature", "geometry": {"type": "Point", "coordinates": [380594.52, 3374027.97]}, "properties": {"cell_id": 2047, "max_wse_m": 3903.96}}, {"type": "Feature", "geometry": {"type": "Point", "coordinates": [380634.52, 3374027.97]}, "properties": {"cell_id": 2048, "max_wse_m": 3880.73}}, {"type": "Feature", "geometry": {"type": "Point", "coordinates": [380674.52, 3374027.97]}, "properties": {"cell_id": 2049, "max_wse_m": 3864.92}}, {"type": "Feature", "geometry": {"type": "Point", "coordinates": [380714.52, 3374027.97]}, "properties": {"cell_id": 2050, "max_wse_m": 3850.82}}, {"type": "Feature", "geometry": {"type": "Point", "coordinates": [380754.52, 3374027.97]}, "properties": {"cell_id": 2051, "max_wse_m": 3852.75}}, {"type": "Feature", "geometry": {"type": "Point", "coordinates": [380794.52, 3374027.97]}, "properties": {"cell_id": 2052, "max_wse_m": 3885.83}}, {"type": "Feature", "geometry": {"type": "Point", "coordinates": [380834.52, 3374027.97]}, "properties": {"cell_id": 2053, "max_wse_m": 3912.7}}, {"type": "Feature", "geometry": {"type": "Point", "coordinates": [380874.52, 3374027.97]}, "properties": {"cell_id": 2054, "max_wse_m": 3956.44}}, {"type": "Feature", "geometry": {"type": "Point", "coordinates": [380914.52, 3374027.97]}, "properties": {"cell_id": 2055, "max_wse_m": 3988.71}}, {"type": "Feature", "geometry": {"type": "Point", "coordinates": [380954.52, 3374027.97]}, "properties": {"cell_id": 2056, "max_wse_m": 4023.85}}, {"type": "Feature", "geometry": {"type": "Point", "coordinates": [380994.52, 3374027.97]}, "properties": {"cell_id": 2057, "max_wse_m": 4035.96}}, {"type": "Feature", "geometry": {"type": "Point", "coordinates": [381034.52, 3374027.97]}, "properties": {"cell_id": 2058, "max_wse_m": 4068.44}}, {"type": "Feature", "geometry": {"type": "Point", "coordinates": [381074.52, 3374027.97]}, "properties": {"cell_id": 2059, "max_wse_m": 4103.94}}, {"type": "Feature", "geometry": {"type": "Point", "coordinates": [381114.52, 3374027.97]}, "properties": {"cell_id": 2060, "max_wse_m": 4147.91}}, {"type": "Feature", "geometry": {"type": "Point", "coordinates": [381154.52, 3374027.97]}, "properties": {"cell_id": 2061, "max_wse_m": 4173.65}}, {"type": "Feature", "geometry": {"type": "Point", "coordinates": [381194.52, 3374027.97]}, "properties": {"cell_id": 2062, "max_wse_m": 4198.72}}, {"type": "Feature", "geometry": {"type": "Point", "coordinates": [381234.52, 3374027.97]}, "properties": {"cell_id": 2063, "max_wse_m": 4213.82}}, {"type": "Feature", "geometry": {"type": "Point", "coordinates": [381274.52, 3374027.97]}, "properties": {"cell_id": 2064, "max_wse_m": 4206.83}}, {"type": "Feature", "geometry": {"type": "Point", "coordinates": [381314.52, 3374027.97]}, "properties": {"cell_id": 2065, "max_wse_m": 4208.48}}, {"type": "Feature", "geometry": {"type": "Point", "coordinates": [381354.52, 3374027.97]}, "properties": {"cell_id": 2066, "max_wse_m": 4249.82}}, {"type": "Feature", "geometry": {"type": "Point", "coordinates": [381394.52, 3374027.97]}, "properties": {"cell_id": 2067, "max_wse_m": 4284.97}}, {"type": "Feature", "geometry": {"type": "Point", "coordinates": [381434.52, 3374027.97]}, "properties": {"cell_id": 2068, "max_wse_m": 4299.32}}, {"type": "Feature", "geometry": {"type": "Point", "coordinates": [381474.52, 3374027.97]}, "properties": {"cell_id": 2069, "max_wse_m": 4289.36}}, {"type": "Feature", "geometry": {"type": "Point", "coordinates": [381514.52, 3374027.97]}, "properties": {"cell_id": 2070, "max_wse_m": 4289.3}}, {"type": "Feature", "geometry": {"type": "Point", "coordinates": [381554.52, 3374027.97]}, "properties": {"cell_id": 2071, "max_wse_m": 4309.3}}, {"type": "Feature", "geometry": {"type": "Point", "coordinates": [381594.52, 3374027.97]}, "properties": {"cell_id": 2072, "max_wse_m": 4347.35}}, {"type": "Feature", "geometry": {"type": "Point", "coordinates": [381634.52, 3374027.97]}, "properties": {"cell_id": 2073, "max_wse_m": 4374.79}}, {"type": "Feature", "geometry": {"type": "Point", "coordinates": [381674.52, 3374027.97]}, "properties": {"cell_id": 2074, "max_wse_m": 4390.33}}, {"type": "Feature", "geometry": {"type": "Point", "coordinates": [381714.52, 3374027.97]}, "properties": {"cell_id": 2075, "max_wse_m": 4371.2}}, {"type": "Feature", "geometry": {"type": "Point", "coordinates": [381754.52, 3374027.97]}, "properties": {"cell_id": 2076, "max_wse_m": 4366.13}}, {"type": "Feature", "geometry": {"type": "Point", "coordinates": [381794.52, 3374027.97]}, "properties": {"cell_id": 2077, "max_wse_m": 4358.39}}, {"type": "Feature", "geometry": {"type": "Point", "coordinates": [370594.52, 3373987.97]}, "properties": {"cell_id": 2078, "max_wse_m": 1790.29}}, {"type": "Feature", "geometry": {"type": "Point", "coordinates": [370634.52, 3373987.97]}, "properties": {"cell_id": 2079, "max_wse_m": 1791.61}}, {"type": "Feature", "geometry": {"type": "Point", "coordinates": [370674.52, 3373987.97]}, "properties": {"cell_id": 2080, "max_wse_m": 1799.04}}, {"type": "Feature", "geometry": {"type": "Point", "coordinates": [370714.52, 3373987.97]}, "properties": {"cell_id": 2081, "max_wse_m": 1812.99}}, {"type": "Feature", "geometry": {"type": "Point", "coordinates": [370754.52, 3373987.97]}, "properties": {"cell_id": 2082, "max_wse_m": 1843.84}}, {"type": "Feature", "geometry": {"type": "Point", "coordinates": [370794.52, 3373987.97]}, "properties": {"cell_id": 2083, "max_wse_m": 1861.37}}, {"type": "Feature", "geometry": {"type": "Point", "coordinates": [370834.52, 3373987.97]}, "properties": {"cell_id": 2084, "max_wse_m": 1857.75}}, {"type": "Feature", "geometry": {"type": "Point", "coordinates": [370874.52, 3373987.97]}, "properties": {"cell_id": 2085, "max_wse_m": 1855.68}}, {"type": "Feature", "geometry": {"type": "Point", "coordinates": [370914.52, 3373987.97]}, "properties": {"cell_id": 2086, "max_wse_m": 1877.0}}, {"type": "Feature", "geometry": {"type": "Point", "coordinates": [370954.52, 3373987.97]}, "properties": {"cell_id": 2087, "max_wse_m": 1926.77}}, {"type": "Feature", "geometry": {"type": "Point", "coordinates": [370994.52, 3373987.97]}, "properties": {"cell_id": 2088, "max_wse_m": 1953.55}}, {"type": "Feature", "geometry": {"type": "Point", "coordinates": [371034.52, 3373987.97]}, "properties": {"cell_id": 2089, "max_wse_m": 1991.6}}, {"type": "Feature", "geometry": {"type": "Point", "coordinates": [371074.52, 3373987.97]}, "properties": {"cell_id": 2090, "max_wse_m": 1992.13}}, {"type": "Feature", "geometry": {"type": "Point", "coordinates": [371114.52, 3373987.97]}, "properties": {"cell_id": 2091, "max_wse_m": 1978.18}}, {"type": "Feature", "geometry": {"type": "Point", "coordinates": [371154.52, 3373987.97]}, "properties": {"cell_id": 2092, "max_wse_m": 1959.6}}, {"type": "Feature", "geometry": {"type": "Point", "coordinates": [371194.52, 3373987.97]}, "properties": {"cell_id": 2093, "max_wse_m": 1958.7}}, {"type": "Feature", "geometry": {"type": "Point", "coordinates": [371234.52, 3373987.97]}, "properties": {"cell_id": 2094, "max_wse_m": 1964.75}}, {"type": "Feature", "geometry": {"type": "Point", "coordinates": [371274.52, 3373987.97]}, "properties": {"cell_id": 2095, "max_wse_m": 1959.89}}, {"type": "Feature", "geometry": {"type": "Point", "coordinates": [371314.52, 3373987.97]}, "properties": {"cell_id": 2096, "max_wse_m": 1964.37}}, {"type": "Feature", "geometry": {"type": "Point", "coordinates": [371354.52, 3373987.97]}, "properties": {"cell_id": 2097, "max_wse_m": 1959.29}}, {"type": "Feature", "geometry": {"type": "Point", "coordinates": [371394.52, 3373987.97]}, "properties": {"cell_id": 2098, "max_wse_m": 1953.99}}, {"type": "Feature", "geometry": {"type": "Point", "coordinates": [371434.52, 3373987.97]}, "properties": {"cell_id": 2099, "max_wse_m": 1954.12}}, {"type": "Feature", "geometry": {"type": "Point", "coordinates": [371474.52, 3373987.97]}, "properties": {"cell_id": 2100, "max_wse_m": 1954.05}}, {"type": "Feature", "geometry": {"type": "Point", "coordinates": [371514.52, 3373987.97]}, "properties": {"cell_id": 2101, "max_wse_m": 1974.49}}, {"type": "Feature", "geometry": {"type": "Point", "coordinates": [371554.52, 3373987.97]}, "properties": {"cell_id": 2102, "max_wse_m": 2009.11}}, {"type": "Feature", "geometry": {"type": "Point", "coordinates": [371594.52, 3373987.97]}, "properties": {"cell_id": 2103, "max_wse_m": 2028.49}}, {"type": "Feature", "geometry": {"type": "Point", "coordinates": [371634.52, 3373987.97]}, "properties": {"cell_id": 2104, "max_wse_m": 2062.11}}, {"type": "Feature", "geometry": {"type": "Point", "coordinates": [371674.52, 3373987.97]}, "properties": {"cell_id": 2105, "max_wse_m": 2043.36}}, {"type": "Feature", "geometry": {"type": "Point", "coordinates": [371714.52, 3373987.97]}, "properties": {"cell_id": 2106, "max_wse_m": 2020.81}}, {"type": "Feature", "geometry": {"type": "Point", "coordinates": [371754.52, 3373987.97]}, "properties": {"cell_id": 2107, "max_wse_m": 2019.24}}, {"type": "Feature", "geometry": {"type": "Point", "coordinates": [371794.52, 3373987.97]}, "properties": {"cell_id": 2108, "max_wse_m": 2028.02}}, {"type": "Feature", "geometry": {"type": "Point", "coordinates": [371834.52, 3373987.97]}, "properties": {"cell_id": 2109, "max_wse_m": 2037.74}}, {"type": "Feature", "geometry": {"type": "Point", "coordinates": [371874.52, 3373987.97]}, "properties": {"cell_id": 2110, "max_wse_m": 2024.08}}, {"type": "Feature", "geometry": {"type": "Point", "coordinates": [371914.52, 3373987.97]}, "properties": {"cell_id": 2111, "max_wse_m": 2008.8}}, {"type": "Feature", "geometry": {"type": "Point", "coordinates": [371954.52, 3373987.97]}, "properties": {"cell_id": 2112, "max_wse_m": 1986.55}}, {"type": "Feature", "geometry": {"type": "Point", "coordinates": [371994.52, 3373987.97]}, "properties": {"cell_id": 2113, "max_wse_m": 1959.36}}, {"type": "Feature", "geometry": {"type": "Point", "coordinates": [372034.52, 3373987.97]}, "properties": {"cell_id": 2114, "max_wse_m": 1943.63}}, {"type": "Feature", "geometry": {"type": "Point", "coordinates": [372074.52, 3373987.97]}, "properties": {"cell_id": 2115, "max_wse_m": 1926.06}}, {"type": "Feature", "geometry": {"type": "Point", "coordinates": [372114.52, 3373987.97]}, "properties": {"cell_id": 2116, "max_wse_m": 1923.84}}, {"type": "Feature", "geometry": {"type": "Point", "coordinates": [372154.52, 3373987.97]}, "properties": {"cell_id": 2117, "max_wse_m": 1931.44}}, {"type": "Feature", "geometry": {"type": "Point", "coordinates": [372194.52, 3373987.97]}, "properties": {"cell_id": 2118, "max_wse_m": 1938.14}}, {"type": "Feature", "geometry": {"type": "Point", "coordinates": [372234.52, 3373987.97]}, "properties": {"cell_id": 2119, "max_wse_m": 1952.34}}, {"type": "Feature", "geometry": {"type": "Point", "coordinates": [372274.52, 3373987.97]}, "properties": {"cell_id": 2120, "max_wse_m": 1968.5}}, {"type": "Feature", "geometry": {"type": "Point", "coordinates": [372314.52, 3373987.97]}, "properties": {"cell_id": 2121, "max_wse_m": 1983.75}}, {"type": "Feature", "geometry": {"type": "Point", "coordinates": [372354.52, 3373987.97]}, "properties": {"cell_id": 2122, "max_wse_m": 1994.03}}, {"type": "Feature", "geometry": {"type": "Point", "coordinates": [372394.52, 3373987.97]}, "properties": {"cell_id": 2123, "max_wse_m": 2014.95}}, {"type": "Feature", "geometry": {"type": "Point", "coordinates": [372434.52, 3373987.97]}, "properties": {"cell_id": 2124, "max_wse_m": 2034.4}}, {"type": "Feature", "geometry": {"type": "Point", "coordinates": [372474.52, 3373987.97]}, "properties": {"cell_id": 2125, "max_wse_m": 2038.53}}, {"type": "Feature", "geometry": {"type": "Point", "coordinates": [372514.52, 3373987.97]}, "properties": {"cell_id": 2126, "max_wse_m": 2040.48}}, {"type": "Feature", "geometry": {"type": "Point", "coordinates": [372554.52, 3373987.97]}, "properties": {"cell_id": 2127, "max_wse_m": 2053.89}}, {"type": "Feature", "geometry": {"type": "Point", "coordinates": [372594.52, 3373987.97]}, "properties": {"cell_id": 2128, "max_wse_m": 2059.41}}, {"type": "Feature", "geometry": {"type": "Point", "coordinates": [372634.52, 3373987.97]}, "properties": {"cell_id": 2129, "max_wse_m": 2035.94}}, {"type": "Feature", "geometry": {"type": "Point", "coordinates": [372674.52, 3373987.97]}, "properties": {"cell_id": 2130, "max_wse_m": 2022.48}}, {"type": "Feature", "geometry": {"type": "Point", "coordinates": [372714.52, 3373987.97]}, "properties": {"cell_id": 2131, "max_wse_m": 2011.35}}, {"type": "Feature", "geometry": {"type": "Point", "coordinates": [372754.52, 3373987.97]}, "properties": {"cell_id": 2132, "max_wse_m": 2011.89}}, {"type": "Feature", "geometry": {"type": "Point", "coordinates": [372794.52, 3373987.97]}, "properties": {"cell_id": 2133, "max_wse_m": 2030.73}}, {"type": "Feature", "geometry": {"type": "Point", "coordinates": [372834.52, 3373987.97]}, "properties": {"cell_id": 2134, "max_wse_m": 2039.51}}, {"type": "Feature", "geometry": {"type": "Point", "coordinates": [372874.52, 3373987.97]}, "properties": {"cell_id": 2135, "max_wse_m": 2026.88}}, {"type": "Feature", "geometry": {"type": "Point", "coordinates": [372914.52, 3373987.97]}, "properties": {"cell_id": 2136, "max_wse_m": 2029.69}}, {"type": "Feature", "geometry": {"type": "Point", "coordinates": [372954.52, 3373987.97]}, "properties": {"cell_id": 2137, "max_wse_m": 2059.16}}, {"type": "Feature", "geometry": {"type": "Point", "coordinates": [372994.52, 3373987.97]}, "properties": {"cell_id": 2138, "max_wse_m": 2069.69}}, {"type": "Feature", "geometry": {"type": "Point", "coordinates": [373034.52, 3373987.97]}, "properties": {"cell_id": 2139, "max_wse_m": 2106.29}}, {"type": "Feature", "geometry": {"type": "Point", "coordinates": [373074.52, 3373987.97]}, "properties": {"cell_id": 2140, "max_wse_m": 2112.03}}, {"type": "Feature", "geometry": {"type": "Point", "coordinates": [373114.52, 3373987.97]}, "properties": {"cell_id": 2141, "max_wse_m": 2098.51}}, {"type": "Feature", "geometry": {"type": "Point", "coordinates": [373154.52, 3373987.97]}, "properties": {"cell_id": 2142, "max_wse_m": 2101.52}}, {"type": "Feature", "geometry": {"type": "Point", "coordinates": [373194.52, 3373987.97]}, "properties": {"cell_id": 2143, "max_wse_m": 2128.95}}, {"type": "Feature", "geometry": {"type": "Point", "coordinates": [373234.52, 3373987.97]}, "properties": {"cell_id": 2144, "max_wse_m": 2143.39}}, {"type": "Feature", "geometry": {"type": "Point", "coordinates": [373274.52, 3373987.97]}, "properties": {"cell_id": 2145, "max_wse_m": 2194.42}}, {"type": "Feature", "geometry": {"type": "Point", "coordinates": [373314.52, 3373987.97]}, "properties": {"cell_id": 2146, "max_wse_m": 2206.83}}, {"type": "Feature", "geometry": {"type": "Point", "coordinates": [373354.52, 3373987.97]}, "properties": {"cell_id": 2147, "max_wse_m": 2218.92}}, {"type": "Feature", "geometry": {"type": "Point", "coordinates": [373394.52, 3373987.97]}, "properties": {"cell_id": 2148, "max_wse_m": 2237.43}}, {"type": "Feature", "geometry": {"type": "Point", "coordinates": [373434.52, 3373987.97]}, "properties": {"cell_id": 2149, "max_wse_m": 2258.85}}, {"type": "Feature", "geometry": {"type": "Point", "coordinates": [373474.52, 3373987.97]}, "properties": {"cell_id": 2150, "max_wse_m": 2273.91}}, {"type": "Feature", "geometry": {"type": "Point", "coordinates": [373514.52, 3373987.97]}, "properties": {"cell_id": 2151, "max_wse_m": 2263.46}}, {"type": "Feature", "geometry": {"type": "Point", "coordinates": [373554.52, 3373987.97]}, "properties": {"cell_id": 2152, "max_wse_m": 2262.88}}, {"type": "Feature", "geometry": {"type": "Point", "coordinates": [373594.52, 3373987.97]}, "properties": {"cell_id": 2153, "max_wse_m": 2253.25}}, {"type": "Feature", "geometry": {"type": "Point", "coordinates": [373634.52, 3373987.97]}, "properties": {"cell_id": 2154, "max_wse_m": 2249.06}}, {"type": "Feature", "geometry": {"type": "Point", "coordinates": [373674.52, 3373987.97]}, "properties": {"cell_id": 2155, "max_wse_m": 2250.56}}, {"type": "Feature", "geometry": {"type": "Point", "coordinates": [373714.52, 3373987.97]}, "properties": {"cell_id": 2156, "max_wse_m": 2248.37}}, {"type": "Feature", "geometry": {"type": "Point", "coordinates": [373754.52, 3373987.97]}, "properties": {"cell_id": 2157, "max_wse_m": 2238.11}}, {"type": "Feature", "geometry": {"type": "Point", "coordinates": [373794.52, 3373987.97]}, "properties": {"cell_id": 2158, "max_wse_m": 2222.12}}, {"type": "Feature", "geometry": {"type": "Point", "coordinates": [373834.52, 3373987.97]}, "properties": {"cell_id": 2159, "max_wse_m": 2199.83}}, {"type": "Feature", "geometry": {"type": "Point", "coordinates": [373874.52, 3373987.97]}, "properties": {"cell_id": 2160, "max_wse_m": 2176.77}}, {"type": "Feature", "geometry": {"type": "Point", "coordinates": [373914.52, 3373987.97]}, "properties": {"cell_id": 2161, "max_wse_m": 2176.53}}, {"type": "Feature", "geometry": {"type": "Point", "coordinates": [373954.52, 3373987.97]}, "properties": {"cell_id": 2162, "max_wse_m": 2175.94}}, {"type": "Feature", "geometry": {"type": "Point", "coordinates": [373994.52, 3373987.97]}, "properties": {"cell_id": 2163, "max_wse_m": 2195.74}}, {"type": "Feature", "geometry": {"type": "Point", "coordinates": [374034.52, 3373987.97]}, "properties": {"cell_id": 2164, "max_wse_m": 2199.45}}, {"type": "Feature", "geometry": {"type": "Point", "coordinates": [374074.52, 3373987.97]}, "properties": {"cell_id": 2165, "max_wse_m": 2193.72}}, {"type": "Feature", "geometry": {"type": "Point", "coordinates": [374114.52, 3373987.97]}, "properties": {"cell_id": 2166, "max_wse_m": 2174.87}}, {"type": "Feature", "geometry": {"type": "Point", "coordinates": [374154.52, 3373987.97]}, "properties": {"cell_id": 2167, "max_wse_m": 2152.35}}, {"type": "Feature", "geometry": {"type": "Point", "coordinates": [374194.52, 3373987.97]}, "properties": {"cell_id": 2168, "max_wse_m": 2125.11}}, {"type": "Feature", "geometry": {"type": "Point", "coordinates": [374234.52, 3373987.97]}, "properties": {"cell_id": 2169, "max_wse_m": 2101.03}}, {"type": "Feature", "geometry": {"type": "Point", "coordinates": [374274.52, 3373987.97]}, "properties": {"cell_id": 2170, "max_wse_m": 2086.77}}, {"type": "Feature", "geometry": {"type": "Point", "coordinates": [374314.52, 3373987.97]}, "properties": {"cell_id": 2171, "max_wse_m": 2080.76}}, {"type": "Feature", "geometry": {"type": "Point", "coordinates": [374354.52, 3373987.97]}, "properties": {"cell_id": 2172, "max_wse_m": 2080.57}}, {"type": "Feature", "geometry": {"type": "Point", "coordinates": [374394.52, 3373987.97]}, "properties": {"cell_id": 2173, "max_wse_m": 2080.95}}, {"type": "Feature", "geometry": {"type": "Point", "coordinates": [374434.52, 3373987.97]}, "properties": {"cell_id": 2174, "max_wse_m": 2072.69}}, {"type": "Feature", "geometry": {"type": "Point", "coordinates": [374474.52, 3373987.97]}, "properties": {"cell_id": 2175, "max_wse_m": 2059.84}}, {"type": "Feature", "geometry": {"type": "Point", "coordinates": [374514.52, 3373987.97]}, "properties": {"cell_id": 2176, "max_wse_m": 2037.48}}, {"type": "Feature", "geometry": {"type": "Point", "coordinates": [374554.52, 3373987.97]}, "properties": {"cell_id": 2177, "max_wse_m": 2019.77}}, {"type": "Feature", "geometry": {"type": "Point", "coordinates": [374594.52, 3373987.97]}, "properties": {"cell_id": 2178, "max_wse_m": 1996.84}}, {"type": "Feature", "geometry": {"type": "Point", "coordinates": [374634.52, 3373987.97]}, "properties": {"cell_id": 2179, "max_wse_m": 1969.17}}, {"type": "Feature", "geometry": {"type": "Point", "coordinates": [374674.52, 3373987.97]}, "properties": {"cell_id": 2180, "max_wse_m": 1936.03}}, {"type": "Feature", "geometry": {"type": "Point", "coordinates": [374714.52, 3373987.97]}, "properties": {"cell_id": 2181, "max_wse_m": 1917.58}}, {"type": "Feature", "geometry": {"type": "Point", "coordinates": [378954.52, 3373987.97]}, "properties": {"cell_id": 2182, "max_wse_m": 3102.52}}, {"type": "Feature", "geometry": {"type": "Point", "coordinates": [378994.52, 3373987.97]}, "properties": {"cell_id": 2183, "max_wse_m": 3133.24}}, {"type": "Feature", "geometry": {"type": "Point", "coordinates": [379034.52, 3373987.97]}, "properties": {"cell_id": 2184, "max_wse_m": 3136.13}}, {"type": "Feature", "geometry": {"type": "Point", "coordinates": [379074.52, 3373987.97]}, "properties": {"cell_id": 2185, "max_wse_m": 3134.55}}, {"type": "Feature", "geometry": {"type": "Point", "coordinates": [379114.52, 3373987.97]}, "properties": {"cell_id": 2186, "max_wse_m": 3138.23}}, {"type": "Feature", "geometry": {"type": "Point", "coordinates": [379154.52, 3373987.97]}, "properties": {"cell_id": 2187, "max_wse_m": 3152.44}}, {"type": "Feature", "geometry": {"type": "Point", "coordinates": [379194.52, 3373987.97]}, "properties": {"cell_id": 2188, "max_wse_m": 3180.88}}, {"type": "Feature", "geometry": {"type": "Point", "coordinates": [379234.52, 3373987.97]}, "properties": {"cell_id": 2189, "max_wse_m": 3202.24}}, {"type": "Feature", "geometry": {"type": "Point", "coordinates": [379274.52, 3373987.97]}, "properties": {"cell_id": 2190, "max_wse_m": 3220.44}}, {"type": "Feature", "geometry": {"type": "Point", "coordinates": [379314.52, 3373987.97]}, "properties": {"cell_id": 2191, "max_wse_m": 3225.81}}, {"type": "Feature", "geometry": {"type": "Point", "coordinates": [379354.52, 3373987.97]}, "properties": {"cell_id": 2192, "max_wse_m": 3230.9}}, {"type": "Feature", "geometry": {"type": "Point", "coordinates": [379394.52, 3373987.97]}, "properties": {"cell_id": 2193, "max_wse_m": 3242.6}}, {"type": "Feature", "geometry": {"type": "Point", "coordinates": [379434.52, 3373987.97]}, "properties": {"cell_id": 2194, "max_wse_m": 3245.52}}, {"type": "Feature", "geometry": {"type": "Point", "coordinates": [379474.52, 3373987.97]}, "properties": {"cell_id": 2195, "max_wse_m": 3259.66}}, {"type": "Feature", "geometry": {"type": "Point", "coordinates": [379514.52, 3373987.97]}, "properties": {"cell_id": 2196, "max_wse_m": 3268.5}}, {"type": "Feature", "geometry": {"type": "Point", "coordinates": [379554.52, 3373987.97]}, "properties": {"cell_id": 2197, "max_wse_m": 3294.98}}, {"type": "Feature", "geometry": {"type": "Point", "coordinates": [379594.52, 3373987.97]}, "properties": {"cell_id": 2198, "max_wse_m": 3318.48}}, {"type": "Feature", "geometry": {"type": "Point", "coordinates": [379634.52, 3373987.97]}, "properties": {"cell_id": 2199, "max_wse_m": 3339.94}}, {"type": "Feature", "geometry": {"type": "Point", "coordinates": [379674.52, 3373987.97]}, "properties": {"cell_id": 2200, "max_wse_m": 3409.43}}, {"type": "Feature", "geometry": {"type": "Point", "coordinates": [379714.52, 3373987.97]}, "properties": {"cell_id": 2201, "max_wse_m": 3436.81}}, {"type": "Feature", "geometry": {"type": "Point", "coordinates": [379754.52, 3373987.97]}, "properties": {"cell_id": 2202, "max_wse_m": 3471.92}}, {"type": "Feature", "geometry": {"type": "Point", "coordinates": [379794.52, 3373987.97]}, "properties": {"cell_id": 2203, "max_wse_m": 3473.49}}, {"type": "Feature", "geometry": {"type": "Point", "coordinates": [379834.52, 3373987.97]}, "properties": {"cell_id": 2204, "max_wse_m": 3482.79}}, {"type": "Feature", "geometry": {"type": "Point", "coordinates": [379874.52, 3373987.97]}, "properties": {"cell_id": 2205, "max_wse_m": 3509.49}}, {"type": "Feature", "geometry": {"type": "Point", "coordinates": [379914.52, 3373987.97]}, "properties": {"cell_id": 2206, "max_wse_m": 3534.94}}, {"type": "Feature", "geometry": {"type": "Point", "coordinates": [379954.52, 3373987.97]}, "properties": {"cell_id": 2207, "max_wse_m": 3545.79}}, {"type": "Feature", "geometry": {"type": "Point", "coordinates": [379994.52, 3373987.97]}, "properties": {"cell_id": 2208, "max_wse_m": 3575.95}}, {"type": "Feature", "geometry": {"type": "Point", "coordinates": [380034.52, 3373987.97]}, "properties": {"cell_id": 2209, "max_wse_m": 3602.85}}, {"type": "Feature", "geometry": {"type": "Point", "coordinates": [380074.52, 3373987.97]}, "properties": {"cell_id": 2210, "max_wse_m": 3622.11}}, {"type": "Feature", "geometry": {"type": "Point", "coordinates": [380114.52, 3373987.97]}, "properties": {"cell_id": 2211, "max_wse_m": 3636.91}}, {"type": "Feature", "geometry": {"type": "Point", "coordinates": [380154.52, 3373987.97]}, "properties": {"cell_id": 2212, "max_wse_m": 3652.08}}, {"type": "Feature", "geometry": {"type": "Point", "coordinates": [380194.52, 3373987.97]}, "properties": {"cell_id": 2213, "max_wse_m": 3681.56}}, {"type": "Feature", "geometry": {"type": "Point", "coordinates": [380234.52, 3373987.97]}, "properties": {"cell_id": 2214, "max_wse_m": 3701.52}}, {"type": "Feature", "geometry": {"type": "Point", "coordinates": [380274.52, 3373987.97]}, "properties": {"cell_id": 2215, "max_wse_m": 3732.88}}, {"type": "Feature", "geometry": {"type": "Point", "coordinates": [380314.52, 3373987.97]}, "properties": {"cell_id": 2216, "max_wse_m": 3760.35}}, {"type": "Feature", "geometry": {"type": "Point", "coordinates": [380354.52, 3373987.97]}, "properties": {"cell_id": 2217, "max_wse_m": 3790.72}}, {"type": "Feature", "geometry": {"type": "Point", "coordinates": [380394.52, 3373987.97]}, "properties": {"cell_id": 2218, "max_wse_m": 3823.39}}, {"type": "Feature", "geometry": {"type": "Point", "coordinates": [380434.52, 3373987.97]}, "properties": {"cell_id": 2219, "max_wse_m": 3850.45}}, {"type": "Feature", "geometry": {"type": "Point", "coordinates": [380474.52, 3373987.97]}, "properties": {"cell_id": 2220, "max_wse_m": 3887.96}}, {"type": "Feature", "geometry": {"type": "Point", "coordinates": [380514.52, 3373987.97]}, "properties": {"cell_id": 2221, "max_wse_m": 3917.3}}, {"type": "Feature", "geometry": {"type": "Point", "coordinates": [380554.52, 3373987.97]}, "properties": {"cell_id": 2222, "max_wse_m": 3906.53}}, {"type": "Feature", "geometry": {"type": "Point", "coordinates": [380594.52, 3373987.97]}, "properties": {"cell_id": 2223, "max_wse_m": 3882.48}}, {"type": "Feature", "geometry": {"type": "Point", "coordinates": [380634.52, 3373987.97]}, "properties": {"cell_id": 2224, "max_wse_m": 3852.09}}, {"type": "Feature", "geometry": {"type": "Point", "coordinates": [380674.52, 3373987.97]}, "properties": {"cell_id": 2225, "max_wse_m": 3826.79}}, {"type": "Feature", "geometry": {"type": "Point", "coordinates": [380714.52, 3373987.97]}, "properties": {"cell_id": 2226, "max_wse_m": 3826.04}}, {"type": "Feature", "geometry": {"type": "Point", "coordinates": [380754.52, 3373987.97]}, "properties": {"cell_id": 2227, "max_wse_m": 3844.69}}, {"type": "Feature", "geometry": {"type": "Point", "coordinates": [380794.52, 3373987.97]}, "properties": {"cell_id": 2228, "max_wse_m": 3894.36}}, {"type": "Feature", "geometry": {"type": "Point", "coordinates": [380834.52, 3373987.97]}, "properties": {"cell_id": 2229, "max_wse_m": 3926.27}}, {"type": "Feature", "geometry": {"type": "Point", "coordinates": [380874.52, 3373987.97]}, "properties": {"cell_id": 2230, "max_wse_m": 3966.29}}, {"type": "Feature", "geometry": {"type": "Point", "coordinates": [380914.52, 3373987.97]}, "properties": {"cell_id": 2231, "max_wse_m": 4008.32}}, {"type": "Feature", "geometry": {"type": "Point", "coordinates": [380954.52, 3373987.97]}, "properties": {"cell_id": 2232, "max_wse_m": 4046.56}}, {"type": "Feature", "geometry": {"type": "Point", "coordinates": [380994.52, 3373987.97]}, "properties": {"cell_id": 2233, "max_wse_m": 4082.75}}, {"type": "Feature", "geometry": {"type": "Point", "coordinates": [381034.52, 3373987.97]}, "properties": {"cell_id": 2234, "max_wse_m": 4104.46}}, {"type": "Feature", "geometry": {"type": "Point", "coordinates": [381074.52, 3373987.97]}, "properties": {"cell_id": 2235, "max_wse_m": 4134.36}}, {"type": "Feature", "geometry": {"type": "Point", "coordinates": [381114.52, 3373987.97]}, "properties": {"cell_id": 2236, "max_wse_m": 4158.09}}, {"type": "Feature", "geometry": {"type": "Point", "coordinates": [381154.52, 3373987.97]}, "properties": {"cell_id": 2237, "max_wse_m": 4145.55}}, {"type": "Feature", "geometry": {"type": "Point", "coordinates": [381194.52, 3373987.97]}, "properties": {"cell_id": 2238, "max_wse_m": 4146.54}}, {"type": "Feature", "geometry": {"type": "Point", "coordinates": [381234.52, 3373987.97]}, "properties": {"cell_id": 2239, "max_wse_m": 4160.71}}, {"type": "Feature", "geometry": {"type": "Point", "coordinates": [381274.52, 3373987.97]}, "properties": {"cell_id": 2240, "max_wse_m": 4169.53}}, {"type": "Feature", "geometry": {"type": "Point", "coordinates": [381314.52, 3373987.97]}, "properties": {"cell_id": 2241, "max_wse_m": 4200.79}}, {"type": "Feature", "geometry": {"type": "Point", "coordinates": [381354.52, 3373987.97]}, "properties": {"cell_id": 2242, "max_wse_m": 4237.54}}, {"type": "Feature", "geometry": {"type": "Point", "coordinates": [381394.52, 3373987.97]}, "properties": {"cell_id": 2243, "max_wse_m": 4269.09}}, {"type": "Feature", "geometry": {"type": "Point", "coordinates": [381434.52, 3373987.97]}, "properties": {"cell_id": 2244, "max_wse_m": 4266.15}}, {"type": "Feature", "geometry": {"type": "Point", "coordinates": [381474.52, 3373987.97]}, "properties": {"cell_id": 2245, "max_wse_m": 4257.24}}, {"type": "Feature", "geometry": {"type": "Point", "coordinates": [381514.52, 3373987.97]}, "properties": {"cell_id": 2246, "max_wse_m": 4261.34}}, {"type": "Feature", "geometry": {"type": "Point", "coordinates": [381554.52, 3373987.97]}, "properties": {"cell_id": 2247, "max_wse_m": 4308.51}}, {"type": "Feature", "geometry": {"type": "Point", "coordinates": [381594.52, 3373987.97]}, "properties": {"cell_id": 2248, "max_wse_m": 4340.09}}, {"type": "Feature", "geometry": {"type": "Point", "coordinates": [381634.52, 3373987.97]}, "properties": {"cell_id": 2249, "max_wse_m": 4356.43}}, {"type": "Feature", "geometry": {"type": "Point", "coordinates": [381674.52, 3373987.97]}, "properties": {"cell_id": 2250, "max_wse_m": 4362.81}}, {"type": "Feature", "geometry": {"type": "Point", "coordinates": [381714.52, 3373987.97]}, "properties": {"cell_id": 2251, "max_wse_m": 4342.42}}, {"type": "Feature", "geometry": {"type": "Point", "coordinates": [381754.52, 3373987.97]}, "properties": {"cell_id": 2252, "max_wse_m": 4335.88}}, {"type": "Feature", "geometry": {"type": "Point", "coordinates": [381794.52, 3373987.97]}, "properties": {"cell_id": 2253, "max_wse_m": 4332.5}}, {"type": "Feature", "geometry": {"type": "Point", "coordinates": [381834.52, 3373987.97]}, "properties": {"cell_id": 2254, "max_wse_m": 4320.56}}, {"type": "Feature", "geometry": {"type": "Point", "coordinates": [370634.52, 3373947.97]}, "properties": {"cell_id": 2255, "max_wse_m": 1794.17}}, {"type": "Feature", "geometry": {"type": "Point", "coordinates": [370674.52, 3373947.97]}, "properties": {"cell_id": 2256, "max_wse_m": 1796.64}}, {"type": "Feature", "geometry": {"type": "Point", "coordinates": [370714.52, 3373947.97]}, "properties": {"cell_id": 2257, "max_wse_m": 1799.43}}, {"type": "Feature", "geometry": {"type": "Point", "coordinates": [370754.52, 3373947.97]}, "properties": {"cell_id": 2258, "max_wse_m": 1831.29}}, {"type": "Feature", "geometry": {"type": "Point", "coordinates": [370794.52, 3373947.97]}, "properties": {"cell_id": 2259, "max_wse_m": 1840.02}}, {"type": "Feature", "geometry": {"type": "Point", "coordinates": [370834.52, 3373947.97]}, "properties": {"cell_id": 2260, "max_wse_m": 1836.87}}, {"type": "Feature", "geometry": {"type": "Point", "coordinates": [370874.52, 3373947.97]}, "properties": {"cell_id": 2261, "max_wse_m": 1836.52}}, {"type": "Feature", "geometry": {"type": "Point", "coordinates": [370914.52, 3373947.97]}, "properties": {"cell_id": 2262, "max_wse_m": 1843.95}}, {"type": "Feature", "geometry": {"type": "Point", "coordinates": [370954.52, 3373947.97]}, "properties": {"cell_id": 2263, "max_wse_m": 1889.55}}, {"type": "Feature", "geometry": {"type": "Point", "coordinates": [370994.52, 3373947.97]}, "properties": {"cell_id": 2264, "max_wse_m": 1912.52}}, {"type": "Feature", "geometry": {"type": "Point", "coordinates": [371034.52, 3373947.97]}, "properties": {"cell_id": 2265, "max_wse_m": 1917.12}}, {"type": "Feature", "geometry": {"type": "Point", "coordinates": [371074.52, 3373947.97]}, "properties": {"cell_id": 2266, "max_wse_m": 1951.51}}, {"type": "Feature", "geometry": {"type": "Point", "coordinates": [371114.52, 3373947.97]}, "properties": {"cell_id": 2267, "max_wse_m": 1946.57}}, {"type": "Feature", "geometry": {"type": "Point", "coordinates": [371154.52, 3373947.97]}, "properties": {"cell_id": 2268, "max_wse_m": 1931.73}}, {"type": "Feature", "geometry": {"type": "Point", "coordinates": [371194.52, 3373947.97]}, "properties": {"cell_id": 2269, "max_wse_m": 1921.44}}, {"type": "Feature", "geometry": {"type": "Point", "coordinates": [371234.52, 3373947.97]}, "properties": {"cell_id": 2270, "max_wse_m": 1917.64}}, {"type": "Feature", "geometry": {"type": "Point", "coordinates": [371274.52, 3373947.97]}, "properties": {"cell_id": 2271, "max_wse_m": 1917.82}}, {"type": "Feature", "geometry": {"type": "Point", "coordinates": [371314.52, 3373947.97]}, "properties": {"cell_id": 2272, "max_wse_m": 1917.42}}, {"type": "Feature", "geometry": {"type": "Point", "coordinates": [371354.52, 3373947.97]}, "properties": {"cell_id": 2273, "max_wse_m": 1909.38}}, {"type": "Feature", "geometry": {"type": "Point", "coordinates": [371394.52, 3373947.97]}, "properties": {"cell_id": 2274, "max_wse_m": 1904.43}}, {"type": "Feature", "geometry": {"type": "Point", "coordinates": [371434.52, 3373947.97]}, "properties": {"cell_id": 2275, "max_wse_m": 1900.97}}, {"type": "Feature", "geometry": {"type": "Point", "coordinates": [371474.52, 3373947.97]}, "properties": {"cell_id": 2276, "max_wse_m": 1914.19}}, {"type": "Feature", "geometry": {"type": "Point", "coordinates": [371514.52, 3373947.97]}, "properties": {"cell_id": 2277, "max_wse_m": 1931.3}}, {"type": "Feature", "geometry": {"type": "Point", "coordinates": [371554.52, 3373947.97]}, "properties": {"cell_id": 2278, "max_wse_m": 1938.57}}, {"type": "Feature", "geometry": {"type": "Point", "coordinates": [371594.52, 3373947.97]}, "properties": {"cell_id": 2279, "max_wse_m": 1989.35}}, {"type": "Feature", "geometry": {"type": "Point", "coordinates": [371634.52, 3373947.97]}, "properties": {"cell_id": 2280, "max_wse_m": 2013.58}}, {"type": "Feature", "geometry": {"type": "Point", "coordinates": [371674.52, 3373947.97]}, "properties": {"cell_id": 2281, "max_wse_m": 2010.63}}, {"type": "Feature", "geometry": {"type": "Point", "coordinates": [371714.52, 3373947.97]}, "properties": {"cell_id": 2282, "max_wse_m": 1990.19}}, {"type": "Feature", "geometry": {"type": "Point", "coordinates": [371754.52, 3373947.97]}, "properties": {"cell_id": 2283, "max_wse_m": 1972.9}}, {"type": "Feature", "geometry": {"type": "Point", "coordinates": [371794.52, 3373947.97]}, "properties": {"cell_id": 2284, "max_wse_m": 1969.63}}, {"type": "Feature", "geometry": {"type": "Point", "coordinates": [371834.52, 3373947.97]}, "properties": {"cell_id": 2285, "max_wse_m": 1953.76}}, {"type": "Feature", "geometry": {"type": "Point", "coordinates": [371874.52, 3373947.97]}, "properties": {"cell_id": 2286, "max_wse_m": 1935.92}}, {"type": "Feature", "geometry": {"type": "Point", "coordinates": [371914.52, 3373947.97]}, "properties": {"cell_id": 2287, "max_wse_m": 1914.07}}, {"type": "Feature", "geometry": {"type": "Point", "coordinates": [371954.52, 3373947.97]}, "properties": {"cell_id": 2288, "max_wse_m": 1893.98}}, {"type": "Feature", "geometry": {"type": "Point", "coordinates": [371994.52, 3373947.97]}, "properties": {"cell_id": 2289, "max_wse_m": 1891.69}}, {"type": "Feature", "geometry": {"type": "Point", "coordinates": [372034.52, 3373947.97]}, "properties": {"cell_id": 2290, "max_wse_m": 1894.32}}, {"type": "Feature", "geometry": {"type": "Point", "coordinates": [372074.52, 3373947.97]}, "properties": {"cell_id": 2291, "max_wse_m": 1895.96}}, {"type": "Feature", "geometry": {"type": "Point", "coordinates": [372114.52, 3373947.97]}, "properties": {"cell_id": 2292, "max_wse_m": 1894.81}}, {"type": "Feature", "geometry": {"type": "Point", "coordinates": [372154.52, 3373947.97]}, "properties": {"cell_id": 2293, "max_wse_m": 1905.39}}, {"type": "Feature", "geometry": {"type": "Point", "coordinates": [372194.52, 3373947.97]}, "properties": {"cell_id": 2294, "max_wse_m": 1914.72}}, {"type": "Feature", "geometry": {"type": "Point", "coordinates": [372234.52, 3373947.97]}, "properties": {"cell_id": 2295, "max_wse_m": 1928.76}}, {"type": "Feature", "geometry": {"type": "Point", "coordinates": [372274.52, 3373947.97]}, "properties": {"cell_id": 2296, "max_wse_m": 1940.96}}, {"type": "Feature", "geometry": {"type": "Point", "coordinates": [372314.52, 3373947.97]}, "properties": {"cell_id": 2297, "max_wse_m": 1954.69}}, {"type": "Feature", "geometry": {"type": "Point", "coordinates": [372354.52, 3373947.97]}, "properties": {"cell_id": 2298, "max_wse_m": 1968.07}}, {"type": "Feature", "geometry": {"type": "Point", "coordinates": [372394.52, 3373947.97]}, "properties": {"cell_id": 2299, "max_wse_m": 1987.79}}, {"type": "Feature", "geometry": {"type": "Point", "coordinates": [372434.52, 3373947.97]}, "properties": {"cell_id": 2300, "max_wse_m": 2011.48}}, {"type": "Feature", "geometry": {"type": "Point", "coordinates": [372474.52, 3373947.97]}, "properties": {"cell_id": 2301, "max_wse_m": 2016.19}}, {"type": "Feature", "geometry": {"type": "Point", "coordinates": [372514.52, 3373947.97]}, "properties": {"cell_id": 2302, "max_wse_m": 2023.33}}, {"type": "Feature", "geometry": {"type": "Point", "coordinates": [372554.52, 3373947.97]}, "properties": {"cell_id": 2303, "max_wse_m": 2026.11}}, {"type": "Feature", "geometry": {"type": "Point", "coordinates": [372594.52, 3373947.97]}, "properties": {"cell_id": 2304, "max_wse_m": 2033.75}}, {"type": "Feature", "geometry": {"type": "Point", "coordinates": [372634.52, 3373947.97]}, "properties": {"cell_id": 2305, "max_wse_m": 2014.42}}, {"type": "Feature", "geometry": {"type": "Point", "coordinates": [372674.52, 3373947.97]}, "properties": {"cell_id": 2306, "max_wse_m": 1993.26}}, {"type": "Feature", "geometry": {"type": "Point", "coordinates": [372714.52, 3373947.97]}, "properties": {"cell_id": 2307, "max_wse_m": 1982.84}}, {"type": "Feature", "geometry": {"type": "Point", "coordinates": [372754.52, 3373947.97]}, "properties": {"cell_id": 2308, "max_wse_m": 1991.44}}, {"type": "Feature", "geometry": {"type": "Point", "coordinates": [372794.52, 3373947.97]}, "properties": {"cell_id": 2309, "max_wse_m": 2009.89}}, {"type": "Feature", "geometry": {"type": "Point", "coordinates": [372834.52, 3373947.97]}, "properties": {"cell_id": 2310, "max_wse_m": 2003.51}}, {"type": "Feature", "geometry": {"type": "Point", "coordinates": [372874.52, 3373947.97]}, "properties": {"cell_id": 2311, "max_wse_m": 1973.7}}, {"type": "Feature", "geometry": {"type": "Point", "coordinates": [372914.52, 3373947.97]}, "properties": {"cell_id": 2312, "max_wse_m": 1980.6}}, {"type": "Feature", "geometry": {"type": "Point", "coordinates": [372954.52, 3373947.97]}, "properties": {"cell_id": 2313, "max_wse_m": 2020.92}}, {"type": "Feature", "geometry": {"type": "Point", "coordinates": [372994.52, 3373947.97]}, "properties": {"cell_id": 2314, "max_wse_m": 2063.12}}, {"type": "Feature", "geometry": {"type": "Point", "coordinates": [373034.52, 3373947.97]}, "properties": {"cell_id": 2315, "max_wse_m": 2064.48}}, {"type": "Feature", "geometry": {"type": "Point", "coordinates": [373074.52, 3373947.97]}, "properties": {"cell_id": 2316, "max_wse_m": 2074.47}}, {"type": "Feature", "geometry": {"type": "Point", "coordinates": [373114.52, 3373947.97]}, "properties": {"cell_id": 2317, "max_wse_m": 2056.71}}, {"type": "Feature", "geometry": {"type": "Point", "coordinates": [373154.52, 3373947.97]}, "properties": {"cell_id": 2318, "max_wse_m": 2061.45}}, {"type": "Feature", "geometry": {"type": "Point", "coordinates": [373194.52, 3373947.97]}, "properties": {"cell_id": 2319, "max_wse_m": 2071.57}}, {"type": "Feature", "geometry": {"type": "Point", "coordinates": [373234.52, 3373947.97]}, "properties": {"cell_id": 2320, "max_wse_m": 2108.22}}, {"type": "Feature", "geometry": {"type": "Point", "coordinates": [373274.52, 3373947.97]}, "properties": {"cell_id": 2321, "max_wse_m": 2148.23}}, {"type": "Feature", "geometry": {"type": "Point", "coordinates": [373314.52, 3373947.97]}, "properties": {"cell_id": 2322, "max_wse_m": 2165.09}}, {"type": "Feature", "geometry": {"type": "Point", "coordinates": [373354.52, 3373947.97]}, "properties": {"cell_id": 2323, "max_wse_m": 2172.66}}, {"type": "Feature", "geometry": {"type": "Point", "coordinates": [373394.52, 3373947.97]}, "properties": {"cell_id": 2324, "max_wse_m": 2191.35}}, {"type": "Feature", "geometry": {"type": "Point", "coordinates": [373434.52, 3373947.97]}, "properties": {"cell_id": 2325, "max_wse_m": 2206.41}}, {"type": "Feature", "geometry": {"type": "Point", "coordinates": [373474.52, 3373947.97]}, "properties": {"cell_id": 2326, "max_wse_m": 2243.33}}, {"type": "Feature", "geometry": {"type": "Point", "coordinates": [373514.52, 3373947.97]}, "properties": {"cell_id": 2327, "max_wse_m": 2235.59}}, {"type": "Feature", "geometry": {"type": "Point", "coordinates": [373554.52, 3373947.97]}, "properties": {"cell_id": 2328, "max_wse_m": 2235.13}}, {"type": "Feature", "geometry": {"type": "Point", "coordinates": [373594.52, 3373947.97]}, "properties": {"cell_id": 2329, "max_wse_m": 2222.76}}, {"type": "Feature", "geometry": {"type": "Point", "coordinates": [373634.52, 3373947.97]}, "properties": {"cell_id": 2330, "max_wse_m": 2217.7}}, {"type": "Feature", "geometry": {"type": "Point", "coordinates": [373674.52, 3373947.97]}, "properties": {"cell_id": 2331, "max_wse_m": 2212.7}}, {"type": "Feature", "geometry": {"type": "Point", "coordinates": [373714.52, 3373947.97]}, "properties": {"cell_id": 2332, "max_wse_m": 2206.95}}, {"type": "Feature", "geometry": {"type": "Point", "coordinates": [373754.52, 3373947.97]}, "properties": {"cell_id": 2333, "max_wse_m": 2206.26}}, {"type": "Feature", "geometry": {"type": "Point", "coordinates": [373794.52, 3373947.97]}, "properties": {"cell_id": 2334, "max_wse_m": 2200.07}}, {"type": "Feature", "geometry": {"type": "Point", "coordinates": [373834.52, 3373947.97]}, "properties": {"cell_id": 2335, "max_wse_m": 2164.02}}, {"type": "Feature", "geometry": {"type": "Point", "coordinates": [373874.52, 3373947.97]}, "properties": {"cell_id": 2336, "max_wse_m": 2139.4}}, {"type": "Feature", "geometry": {"type": "Point", "coordinates": [373914.52, 3373947.97]}, "properties": {"cell_id": 2337, "max_wse_m": 2132.63}}, {"type": "Feature", "geometry": {"type": "Point", "coordinates": [373954.52, 3373947.97]}, "properties": {"cell_id": 2338, "max_wse_m": 2141.23}}, {"type": "Feature", "geometry": {"type": "Point", "coordinates": [373994.52, 3373947.97]}, "properties": {"cell_id": 2339, "max_wse_m": 2161.18}}, {"type": "Feature", "geometry": {"type": "Point", "coordinates": [374034.52, 3373947.97]}, "properties": {"cell_id": 2340, "max_wse_m": 2165.02}}, {"type": "Feature", "geometry": {"type": "Point", "coordinates": [374074.52, 3373947.97]}, "properties": {"cell_id": 2341, "max_wse_m": 2168.14}}, {"type": "Feature", "geometry": {"type": "Point", "coordinates": [374114.52, 3373947.97]}, "properties": {"cell_id": 2342, "max_wse_m": 2156.32}}, {"type": "Feature", "geometry": {"type": "Point", "coordinates": [374154.52, 3373947.97]}, "properties": {"cell_id": 2343, "max_wse_m": 2136.05}}, {"type": "Feature", "geometry": {"type": "Point", "coordinates": [374194.52, 3373947.97]}, "properties": {"cell_id": 2344, "max_wse_m": 2115.73}}, {"type": "Feature", "geometry": {"type": "Point", "coordinates": [374234.52, 3373947.97]}, "properties": {"cell_id": 2345, "max_wse_m": 2093.47}}, {"type": "Feature", "geometry": {"type": "Point", "coordinates": [374274.52, 3373947.97]}, "properties": {"cell_id": 2346, "max_wse_m": 2080.14}}, {"type": "Feature", "geometry": {"type": "Point", "coordinates": [374314.52, 3373947.97]}, "properties": {"cell_id": 2347, "max_wse_m": 2067.66}}, {"type": "Feature", "geometry": {"type": "Point", "coordinates": [374354.52, 3373947.97]}, "properties": {"cell_id": 2348, "max_wse_m": 2066.51}}, {"type": "Feature", "geometry": {"type": "Point", "coordinates": [374394.52, 3373947.97]}, "properties": {"cell_id": 2349, "max_wse_m": 2071.75}}, {"type": "Feature", "geometry": {"type": "Point", "coordinates": [374434.52, 3373947.97]}, "properties": {"cell_id": 2350, "max_wse_m": 2059.85}}, {"type": "Feature", "geometry": {"type": "Point", "coordinates": [374474.52, 3373947.97]}, "properties": {"cell_id": 2351, "max_wse_m": 2044.0}}, {"type": "Feature", "geometry": {"type": "Point", "coordinates": [374514.52, 3373947.97]}, "properties": {"cell_id": 2352, "max_wse_m": 2027.55}}, {"type": "Feature", "geometry": {"type": "Point", "coordinates": [374554.52, 3373947.97]}, "properties": {"cell_id": 2353, "max_wse_m": 2012.21}}, {"type": "Feature", "geometry": {"type": "Point", "coordinates": [374594.52, 3373947.97]}, "properties": {"cell_id": 2354, "max_wse_m": 1991.15}}, {"type": "Feature", "geometry": {"type": "Point", "coordinates": [374634.52, 3373947.97]}, "properties": {"cell_id": 2355, "max_wse_m": 1947.91}}, {"type": "Feature", "geometry": {"type": "Point", "coordinates": [374674.52, 3373947.97]}, "properties": {"cell_id": 2356, "max_wse_m": 1928.39}}, {"type": "Feature", "geometry": {"type": "Point", "coordinates": [374714.52, 3373947.97]}, "properties": {"cell_id": 2357, "max_wse_m": 1916.69}}, {"type": "Feature", "geometry": {"type": "Point", "coordinates": [374754.52, 3373947.97]}, "properties": {"cell_id": 2358, "max_wse_m": 1917.0}}, {"type": "Feature", "geometry": {"type": "Point", "coordinates": [378914.52, 3373947.97]}, "properties": {"cell_id": 2359, "max_wse_m": 3080.74}}, {"type": "Feature", "geometry": {"type": "Point", "coordinates": [378954.52, 3373947.97]}, "properties": {"cell_id": 2360, "max_wse_m": 3122.78}}, {"type": "Feature", "geometry": {"type": "Point", "coordinates": [378994.52, 3373947.97]}, "properties": {"cell_id": 2361, "max_wse_m": 3147.98}}, {"type": "Feature", "geometry": {"type": "Point", "coordinates": [379034.52, 3373947.97]}, "properties": {"cell_id": 2362, "max_wse_m": 3163.11}}, {"type": "Feature", "geometry": {"type": "Point", "coordinates": [379074.52, 3373947.97]}, "properties": {"cell_id": 2363, "max_wse_m": 3169.24}}, {"type": "Feature", "geometry": {"type": "Point", "coordinates": [379114.52, 3373947.97]}, "properties": {"cell_id": 2364, "max_wse_m": 3175.17}}, {"type": "Feature", "geometry": {"type": "Point", "coordinates": [379154.52, 3373947.97]}, "properties": {"cell_id": 2365, "max_wse_m": 3177.84}}, {"type": "Feature", "geometry": {"type": "Point", "coordinates": [379194.52, 3373947.97]}, "properties": {"cell_id": 2366, "max_wse_m": 3186.07}}, {"type": "Feature", "geometry": {"type": "Point", "coordinates": [379234.52, 3373947.97]}, "properties": {"cell_id": 2367, "max_wse_m": 3207.77}}, {"type": "Feature", "geometry": {"type": "Point", "coordinates": [379274.52, 3373947.97]}, "properties": {"cell_id": 2368, "max_wse_m": 3243.04}}, {"type": "Feature", "geometry": {"type": "Point", "coordinates": [379314.52, 3373947.97]}, "properties": {"cell_id": 2369, "max_wse_m": 3250.26}}, {"type": "Feature", "geometry": {"type": "Point", "coordinates": [379354.52, 3373947.97]}, "properties": {"cell_id": 2370, "max_wse_m": 3259.19}}, {"type": "Feature", "geometry": {"type": "Point", "coordinates": [379394.52, 3373947.97]}, "properties": {"cell_id": 2371, "max_wse_m": 3272.4}}, {"type": "Feature", "geometry": {"type": "Point", "coordinates": [379434.52, 3373947.97]}, "properties": {"cell_id": 2372, "max_wse_m": 3272.34}}, {"type": "Feature", "geometry": {"type": "Point", "coordinates": [379474.52, 3373947.97]}, "properties": {"cell_id": 2373, "max_wse_m": 3285.02}}, {"type": "Feature", "geometry": {"type": "Point", "coordinates": [379514.52, 3373947.97]}, "properties": {"cell_id": 2374, "max_wse_m": 3294.01}}, {"type": "Feature", "geometry": {"type": "Point", "coordinates": [379554.52, 3373947.97]}, "properties": {"cell_id": 2375, "max_wse_m": 3311.59}}, {"type": "Feature", "geometry": {"type": "Point", "coordinates": [379594.52, 3373947.97]}, "properties": {"cell_id": 2376, "max_wse_m": 3339.35}}, {"type": "Feature", "geometry": {"type": "Point", "coordinates": [379634.52, 3373947.97]}, "properties": {"cell_id": 2377, "max_wse_m": 3370.98}}, {"type": "Feature", "geometry": {"type": "Point", "coordinates": [379674.52, 3373947.97]}, "properties": {"cell_id": 2378, "max_wse_m": 3454.73}}, {"type": "Feature", "geometry": {"type": "Point", "coordinates": [379714.52, 3373947.97]}, "properties": {"cell_id": 2379, "max_wse_m": 3469.01}}, {"type": "Feature", "geometry": {"type": "Point", "coordinates": [379754.52, 3373947.97]}, "properties": {"cell_id": 2380, "max_wse_m": 3503.36}}, {"type": "Feature", "geometry": {"type": "Point", "coordinates": [379794.52, 3373947.97]}, "properties": {"cell_id": 2381, "max_wse_m": 3510.9}}, {"type": "Feature", "geometry": {"type": "Point", "coordinates": [379834.52, 3373947.97]}, "properties": {"cell_id": 2382, "max_wse_m": 3524.45}}, {"type": "Feature", "geometry": {"type": "Point", "coordinates": [379874.52, 3373947.97]}, "properties": {"cell_id": 2383, "max_wse_m": 3559.91}}, {"type": "Feature", "geometry": {"type": "Point", "coordinates": [379914.52, 3373947.97]}, "properties": {"cell_id": 2384, "max_wse_m": 3566.91}}, {"type": "Feature", "geometry": {"type": "Point", "coordinates": [379954.52, 3373947.97]}, "properties": {"cell_id": 2385, "max_wse_m": 3571.98}}, {"type": "Feature", "geometry": {"type": "Point", "coordinates": [379994.52, 3373947.97]}, "properties": {"cell_id": 2386, "max_wse_m": 3595.53}}, {"type": "Feature", "geometry": {"type": "Point", "coordinates": [380034.52, 3373947.97]}, "properties": {"cell_id": 2387, "max_wse_m": 3624.87}}, {"type": "Feature", "geometry": {"type": "Point", "coordinates": [380074.52, 3373947.97]}, "properties": {"cell_id": 2388, "max_wse_m": 3651.44}}, {"type": "Feature", "geometry": {"type": "Point", "coordinates": [380114.52, 3373947.97]}, "properties": {"cell_id": 2389, "max_wse_m": 3668.24}}, {"type": "Feature", "geometry": {"type": "Point", "coordinates": [380154.52, 3373947.97]}, "properties": {"cell_id": 2390, "max_wse_m": 3684.1}}, {"type": "Feature", "geometry": {"type": "Point", "coordinates": [380194.52, 3373947.97]}, "properties": {"cell_id": 2391, "max_wse_m": 3700.9}}, {"type": "Feature", "geometry": {"type": "Point", "coordinates": [380234.52, 3373947.97]}, "properties": {"cell_id": 2392, "max_wse_m": 3718.03}}, {"type": "Feature", "geometry": {"type": "Point", "coordinates": [380274.52, 3373947.97]}, "properties": {"cell_id": 2393, "max_wse_m": 3736.9}}, {"type": "Feature", "geometry": {"type": "Point", "coordinates": [380314.52, 3373947.97]}, "properties": {"cell_id": 2394, "max_wse_m": 3766.09}}, {"type": "Feature", "geometry": {"type": "Point", "coordinates": [380354.52, 3373947.97]}, "properties": {"cell_id": 2395, "max_wse_m": 3795.17}}, {"type": "Feature", "geometry": {"type": "Point", "coordinates": [380394.52, 3373947.97]}, "properties": {"cell_id": 2396, "max_wse_m": 3823.3}}, {"type": "Feature", "geometry": {"type": "Point", "coordinates": [380434.52, 3373947.97]}, "properties": {"cell_id": 2397, "max_wse_m": 3850.42}}, {"type": "Feature", "geometry": {"type": "Point", "coordinates": [380474.52, 3373947.97]}, "properties": {"cell_id": 2398, "max_wse_m": 3881.26}}, {"type": "Feature", "geometry": {"type": "Point", "coordinates": [380514.52, 3373947.97]}, "properties": {"cell_id": 2399, "max_wse_m": 3891.45}}, {"type": "Feature", "geometry": {"type": "Point", "coordinates": [380554.52, 3373947.97]}, "properties": {"cell_id": 2400, "max_wse_m": 3870.36}}, {"type": "Feature", "geometry": {"type": "Point", "coordinates": [380594.52, 3373947.97]}, "properties": {"cell_id": 2401, "max_wse_m": 3845.47}}, {"type": "Feature", "geometry": {"type": "Point", "coordinates": [380634.52, 3373947.97]}, "properties": {"cell_id": 2402, "max_wse_m": 3827.81}}, {"type": "Feature", "geometry": {"type": "Point", "coordinates": [380674.52, 3373947.97]}, "properties": {"cell_id": 2403, "max_wse_m": 3804.65}}, {"type": "Feature", "geometry": {"type": "Point", "coordinates": [380714.52, 3373947.97]}, "properties": {"cell_id": 2404, "max_wse_m": 3804.08}}, {"type": "Feature", "geometry": {"type": "Point", "coordinates": [380754.52, 3373947.97]}, "properties": {"cell_id": 2405, "max_wse_m": 3849.72}}, {"type": "Feature", "geometry": {"type": "Point", "coordinates": [380794.52, 3373947.97]}, "properties": {"cell_id": 2406, "max_wse_m": 3874.84}}, {"type": "Feature", "geometry": {"type": "Point", "coordinates": [380834.52, 3373947.97]}, "properties": {"cell_id": 2407, "max_wse_m": 3915.84}}, {"type": "Feature", "geometry": {"type": "Point", "coordinates": [380874.52, 3373947.97]}, "properties": {"cell_id": 2408, "max_wse_m": 3954.55}}, {"type": "Feature", "geometry": {"type": "Point", "coordinates": [380914.52, 3373947.97]}, "properties": {"cell_id": 2409, "max_wse_m": 3991.98}}, {"type": "Feature", "geometry": {"type": "Point", "coordinates": [380954.52, 3373947.97]}, "properties": {"cell_id": 2410, "max_wse_m": 4031.79}}, {"type": "Feature", "geometry": {"type": "Point", "coordinates": [380994.52, 3373947.97]}, "properties": {"cell_id": 2411, "max_wse_m": 4080.72}}, {"type": "Feature", "geometry": {"type": "Point", "coordinates": [381034.52, 3373947.97]}, "properties": {"cell_id": 2412, "max_wse_m": 4126.1}}, {"type": "Feature", "geometry": {"type": "Point", "coordinates": [381074.52, 3373947.97]}, "properties": {"cell_id": 2413, "max_wse_m": 4116.65}}, {"type": "Feature", "geometry": {"type": "Point", "coordinates": [381114.52, 3373947.97]}, "properties": {"cell_id": 2414, "max_wse_m": 4100.08}}, {"type": "Feature", "geometry": {"type": "Point", "coordinates": [381154.52, 3373947.97]}, "properties": {"cell_id": 2415, "max_wse_m": 4099.95}}, {"type": "Feature", "geometry": {"type": "Point", "coordinates": [381194.52, 3373947.97]}, "properties": {"cell_id": 2416, "max_wse_m": 4115.5}}, {"type": "Feature", "geometry": {"type": "Point", "coordinates": [381234.52, 3373947.97]}, "properties": {"cell_id": 2417, "max_wse_m": 4122.22}}, {"type": "Feature", "geometry": {"type": "Point", "coordinates": [381274.52, 3373947.97]}, "properties": {"cell_id": 2418, "max_wse_m": 4158.31}}, {"type": "Feature", "geometry": {"type": "Point", "coordinates": [381314.52, 3373947.97]}, "properties": {"cell_id": 2419, "max_wse_m": 4188.25}}, {"type": "Feature", "geometry": {"type": "Point", "coordinates": [381354.52, 3373947.97]}, "properties": {"cell_id": 2420, "max_wse_m": 4215.57}}, {"type": "Feature", "geometry": {"type": "Point", "coordinates": [381394.52, 3373947.97]}, "properties": {"cell_id": 2421, "max_wse_m": 4237.96}}, {"type": "Feature", "geometry": {"type": "Point", "coordinates": [381434.52, 3373947.97]}, "properties": {"cell_id": 2422, "max_wse_m": 4222.41}}, {"type": "Feature", "geometry": {"type": "Point", "coordinates": [381474.52, 3373947.97]}, "properties": {"cell_id": 2423, "max_wse_m": 4222.33}}, {"type": "Feature", "geometry": {"type": "Point", "coordinates": [381514.52, 3373947.97]}, "properties": {"cell_id": 2424, "max_wse_m": 4245.62}}, {"type": "Feature", "geometry": {"type": "Point", "coordinates": [381554.52, 3373947.97]}, "properties": {"cell_id": 2425, "max_wse_m": 4288.88}}, {"type": "Feature", "geometry": {"type": "Point", "coordinates": [381594.52, 3373947.97]}, "properties": {"cell_id": 2426, "max_wse_m": 4314.48}}, {"type": "Feature", "geometry": {"type": "Point", "coordinates": [381634.52, 3373947.97]}, "properties": {"cell_id": 2427, "max_wse_m": 4342.05}}, {"type": "Feature", "geometry": {"type": "Point", "coordinates": [381674.52, 3373947.97]}, "properties": {"cell_id": 2428, "max_wse_m": 4340.03}}, {"type": "Feature", "geometry": {"type": "Point", "coordinates": [381714.52, 3373947.97]}, "properties": {"cell_id": 2429, "max_wse_m": 4311.57}}, {"type": "Feature", "geometry": {"type": "Point", "coordinates": [381754.52, 3373947.97]}, "properties": {"cell_id": 2430, "max_wse_m": 4297.53}}, {"type": "Feature", "geometry": {"type": "Point", "coordinates": [381794.52, 3373947.97]}, "properties": {"cell_id": 2431, "max_wse_m": 4293.15}}, {"type": "Feature", "geometry": {"type": "Point", "coordinates": [381834.52, 3373947.97]}, "properties": {"cell_id": 2432, "max_wse_m": 4275.64}}, {"type": "Feature", "geometry": {"type": "Point", "coordinates": [370714.52, 3373907.97]}, "properties": {"cell_id": 2433, "max_wse_m": 1795.79}}, {"type": "Feature", "geometry": {"type": "Point", "coordinates": [370754.52, 3373907.97]}, "properties": {"cell_id": 2434, "max_wse_m": 1802.12}}, {"type": "Feature", "geometry": {"type": "Point", "coordinates": [370794.52, 3373907.97]}, "properties": {"cell_id": 2435, "max_wse_m": 1807.24}}, {"type": "Feature", "geometry": {"type": "Point", "coordinates": [370834.52, 3373907.97]}, "properties": {"cell_id": 2436, "max_wse_m": 1817.3}}, {"type": "Feature", "geometry": {"type": "Point", "coordinates": [370874.52, 3373907.97]}, "properties": {"cell_id": 2437, "max_wse_m": 1817.29}}, {"type": "Feature", "geometry": {"type": "Point", "coordinates": [370914.52, 3373907.97]}, "properties": {"cell_id": 2438, "max_wse_m": 1823.51}}, {"type": "Feature", "geometry": {"type": "Point", "coordinates": [370954.52, 3373907.97]}, "properties": {"cell_id": 2439, "max_wse_m": 1834.27}}, {"type": "Feature", "geometry": {"type": "Point", "coordinates": [370994.52, 3373907.97]}, "properties": {"cell_id": 2440, "max_wse_m": 1864.8}}, {"type": "Feature", "geometry": {"type": "Point", "coordinates": [371034.52, 3373907.97]}, "properties": {"cell_id": 2441, "max_wse_m": 1871.94}}, {"type": "Feature", "geometry": {"type": "Point", "coordinates": [371074.52, 3373907.97]}, "properties": {"cell_id": 2442, "max_wse_m": 1871.88}}, {"type": "Feature", "geometry": {"type": "Point", "coordinates": [371114.52, 3373907.97]}, "properties": {"cell_id": 2443, "max_wse_m": 1883.44}}, {"type": "Feature", "geometry": {"type": "Point", "coordinates": [371154.52, 3373907.97]}, "properties": {"cell_id": 2444, "max_wse_m": 1867.06}}, {"type": "Feature", "geometry": {"type": "Point", "coordinates": [371194.52, 3373907.97]}, "properties": {"cell_id": 2445, "max_wse_m": 1845.47}}, {"type": "Feature", "geometry": {"type": "Point", "coordinates": [371234.52, 3373907.97]}, "properties": {"cell_id": 2446, "max_wse_m": 1842.42}}, {"type": "Feature", "geometry": {"type": "Point", "coordinates": [371274.52, 3373907.97]}, "properties": {"cell_id": 2447, "max_wse_m": 1840.16}}, {"type": "Feature", "geometry": {"type": "Point", "coordinates": [371314.52, 3373907.97]}, "properties": {"cell_id": 2448, "max_wse_m": 1848.75}}, {"type": "Feature", "geometry": {"type": "Point", "coordinates": [371354.52, 3373907.97]}, "properties": {"cell_id": 2449, "max_wse_m": 1850.51}}, {"type": "Feature", "geometry": {"type": "Point", "coordinates": [371394.52, 3373907.97]}, "properties": {"cell_id": 2450, "max_wse_m": 1867.22}}, {"type": "Feature", "geometry": {"type": "Point", "coordinates": [371434.52, 3373907.97]}, "properties": {"cell_id": 2451, "max_wse_m": 1857.96}}, {"type": "Feature", "geometry": {"type": "Point", "coordinates": [371474.52, 3373907.97]}, "properties": {"cell_id": 2452, "max_wse_m": 1858.05}}, {"type": "Feature", "geometry": {"type": "Point", "coordinates": [371514.52, 3373907.97]}, "properties": {"cell_id": 2453, "max_wse_m": 1863.3}}, {"type": "Feature", "geometry": {"type": "Point", "coordinates": [371554.52, 3373907.97]}, "properties": {"cell_id": 2454, "max_wse_m": 1868.18}}, {"type": "Feature", "geometry": {"type": "Point", "coordinates": [371594.52, 3373907.97]}, "properties": {"cell_id": 2455, "max_wse_m": 1903.94}}, {"type": "Feature", "geometry": {"type": "Point", "coordinates": [371634.52, 3373907.97]}, "properties": {"cell_id": 2456, "max_wse_m": 1945.24}}, {"type": "Feature", "geometry": {"type": "Point", "coordinates": [371674.52, 3373907.97]}, "properties": {"cell_id": 2457, "max_wse_m": 1966.81}}, {"type": "Feature", "geometry": {"type": "Point", "coordinates": [371714.52, 3373907.97]}, "properties": {"cell_id": 2458, "max_wse_m": 1943.97}}, {"type": "Feature", "geometry": {"type": "Point", "coordinates": [371754.52, 3373907.97]}, "properties": {"cell_id": 2459, "max_wse_m": 1919.48}}, {"type": "Feature", "geometry": {"type": "Point", "coordinates": [371794.52, 3373907.97]}, "properties": {"cell_id": 2460, "max_wse_m": 1905.94}}, {"type": "Feature", "geometry": {"type": "Point", "coordinates": [371834.52, 3373907.97]}, "properties": {"cell_id": 2461, "max_wse_m": 1890.85}}, {"type": "Feature", "geometry": {"type": "Point", "coordinates": [371874.52, 3373907.97]}, "properties": {"cell_id": 2462, "max_wse_m": 1888.49}}, {"type": "Feature", "geometry": {"type": "Point", "coordinates": [371914.52, 3373907.97]}, "properties": {"cell_id": 2463, "max_wse_m": 1873.33}}, {"type": "Feature", "geometry": {"type": "Point", "coordinates": [371954.52, 3373907.97]}, "properties": {"cell_id": 2464, "max_wse_m": 1859.53}}, {"type": "Feature", "geometry": {"type": "Point", "coordinates": [371994.52, 3373907.97]}, "properties": {"cell_id": 2465, "max_wse_m": 1859.82}}, {"type": "Feature", "geometry": {"type": "Point", "coordinates": [372034.52, 3373907.97]}, "properties": {"cell_id": 2466, "max_wse_m": 1859.18}}, {"type": "Feature", "geometry": {"type": "Point", "coordinates": [372074.52, 3373907.97]}, "properties": {"cell_id": 2467, "max_wse_m": 1861.21}}, {"type": "Feature", "geometry": {"type": "Point", "coordinates": [372114.52, 3373907.97]}, "properties": {"cell_id": 2468, "max_wse_m": 1867.01}}, {"type": "Feature", "geometry": {"type": "Point", "coordinates": [372154.52, 3373907.97]}, "properties": {"cell_id": 2469, "max_wse_m": 1876.03}}, {"type": "Feature", "geometry": {"type": "Point", "coordinates": [372194.52, 3373907.97]}, "properties": {"cell_id": 2470, "max_wse_m": 1886.27}}, {"type": "Feature", "geometry": {"type": "Point", "coordinates": [372234.52, 3373907.97]}, "properties": {"cell_id": 2471, "max_wse_m": 1899.79}}, {"type": "Feature", "geometry": {"type": "Point", "coordinates": [372274.52, 3373907.97]}, "properties": {"cell_id": 2472, "max_wse_m": 1914.96}}, {"type": "Feature", "geometry": {"type": "Point", "coordinates": [372314.52, 3373907.97]}, "properties": {"cell_id": 2473, "max_wse_m": 1928.6}}, {"type": "Feature", "geometry": {"type": "Point", "coordinates": [372354.52, 3373907.97]}, "properties": {"cell_id": 2474, "max_wse_m": 1944.47}}, {"type": "Feature", "geometry": {"type": "Point", "coordinates": [372394.52, 3373907.97]}, "properties": {"cell_id": 2475, "max_wse_m": 1961.08}}, {"type": "Feature", "geometry": {"type": "Point", "coordinates": [372434.52, 3373907.97]}, "properties": {"cell_id": 2476, "max_wse_m": 1984.44}}, {"type": "Feature", "geometry": {"type": "Point", "coordinates": [372474.52, 3373907.97]}, "properties": {"cell_id": 2477, "max_wse_m": 1993.28}}, {"type": "Feature", "geometry": {"type": "Point", "coordinates": [372514.52, 3373907.97]}, "properties": {"cell_id": 2478, "max_wse_m": 1993.57}}, {"type": "Feature", "geometry": {"type": "Point", "coordinates": [372554.52, 3373907.97]}, "properties": {"cell_id": 2479, "max_wse_m": 1998.04}}, {"type": "Feature", "geometry": {"type": "Point", "coordinates": [372594.52, 3373907.97]}, "properties": {"cell_id": 2480, "max_wse_m": 2004.78}}, {"type": "Feature", "geometry": {"type": "Point", "coordinates": [372634.52, 3373907.97]}, "properties": {"cell_id": 2481, "max_wse_m": 2002.68}}, {"type": "Feature", "geometry": {"type": "Point", "coordinates": [372674.52, 3373907.97]}, "properties": {"cell_id": 2482, "max_wse_m": 1978.33}}, {"type": "Feature", "geometry": {"type": "Point", "coordinates": [372714.52, 3373907.97]}, "properties": {"cell_id": 2483, "max_wse_m": 1959.22}}, {"type": "Feature", "geometry": {"type": "Point", "coordinates": [372754.52, 3373907.97]}, "properties": {"cell_id": 2484, "max_wse_m": 1965.79}}, {"type": "Feature", "geometry": {"type": "Point", "coordinates": [372794.52, 3373907.97]}, "properties": {"cell_id": 2485, "max_wse_m": 1995.09}}, {"type": "Feature", "geometry": {"type": "Point", "coordinates": [372834.52, 3373907.97]}, "properties": {"cell_id": 2486, "max_wse_m": 1987.78}}, {"type": "Feature", "geometry": {"type": "Point", "coordinates": [372874.52, 3373907.97]}, "properties": {"cell_id": 2487, "max_wse_m": 1946.48}}, {"type": "Feature", "geometry": {"type": "Point", "coordinates": [372914.52, 3373907.97]}, "properties": {"cell_id": 2488, "max_wse_m": 1945.62}}, {"type": "Feature", "geometry": {"type": "Point", "coordinates": [372954.52, 3373907.97]}, "properties": {"cell_id": 2489, "max_wse_m": 1962.85}}, {"type": "Feature", "geometry": {"type": "Point", "coordinates": [372994.52, 3373907.97]}, "properties": {"cell_id": 2490, "max_wse_m": 2000.93}}, {"type": "Feature", "geometry": {"type": "Point", "coordinates": [373034.52, 3373907.97]}, "properties": {"cell_id": 2491, "max_wse_m": 1998.88}}, {"type": "Feature", "geometry": {"type": "Point", "coordinates": [373074.52, 3373907.97]}, "properties": {"cell_id": 2492, "max_wse_m": 2011.0}}, {"type": "Feature", "geometry": {"type": "Point", "coordinates": [373114.52, 3373907.97]}, "properties": {"cell_id": 2493, "max_wse_m": 2018.94}}, {"type": "Feature", "geometry": {"type": "Point", "coordinates": [373154.52, 3373907.97]}, "properties": {"cell_id": 2494, "max_wse_m": 2023.57}}, {"type": "Feature", "geometry": {"type": "Point", "coordinates": [373194.52, 3373907.97]}, "properties": {"cell_id": 2495, "max_wse_m": 2034.38}}, {"type": "Feature", "geometry": {"type": "Point", "coordinates": [373234.52, 3373907.97]}, "properties": {"cell_id": 2496, "max_wse_m": 2072.08}}, {"type": "Feature", "geometry": {"type": "Point", "coordinates": [373274.52, 3373907.97]}, "properties": {"cell_id": 2497, "max_wse_m": 2122.88}}, {"type": "Feature", "geometry": {"type": "Point", "coordinates": [373314.52, 3373907.97]}, "properties": {"cell_id": 2498, "max_wse_m": 2131.82}}, {"type": "Feature", "geometry": {"type": "Point", "coordinates": [373354.52, 3373907.97]}, "properties": {"cell_id": 2499, "max_wse_m": 2133.12}}, {"type": "Feature", "geometry": {"type": "Point", "coordinates": [373394.52, 3373907.97]}, "properties": {"cell_id": 2500, "max_wse_m": 2146.03}}, {"type": "Feature", "geometry": {"type": "Point", "coordinates": [373434.52, 3373907.97]}, "properties": {"cell_id": 2501, "max_wse_m": 2178.46}}, {"type": "Feature", "geometry": {"type": "Point", "coordinates": [373474.52, 3373907.97]}, "properties": {"cell_id": 2502, "max_wse_m": 2203.16}}, {"type": "Feature", "geometry": {"type": "Point", "coordinates": [373514.52, 3373907.97]}, "properties": {"cell_id": 2503, "max_wse_m": 2207.1}}, {"type": "Feature", "geometry": {"type": "Point", "coordinates": [373554.52, 3373907.97]}, "properties": {"cell_id": 2504, "max_wse_m": 2207.14}}, {"type": "Feature", "geometry": {"type": "Point", "coordinates": [373594.52, 3373907.97]}, "properties": {"cell_id": 2505, "max_wse_m": 2186.5}}, {"type": "Feature", "geometry": {"type": "Point", "coordinates": [373634.52, 3373907.97]}, "properties": {"cell_id": 2506, "max_wse_m": 2160.14}}, {"type": "Feature", "geometry": {"type": "Point", "coordinates": [373674.52, 3373907.97]}, "properties": {"cell_id": 2507, "max_wse_m": 2156.37}}, {"type": "Feature", "geometry": {"type": "Point", "coordinates": [373714.52, 3373907.97]}, "properties": {"cell_id": 2508, "max_wse_m": 2156.51}}, {"type": "Feature", "geometry": {"type": "Point", "coordinates": [373754.52, 3373907.97]}, "properties": {"cell_id": 2509, "max_wse_m": 2166.1}}, {"type": "Feature", "geometry": {"type": "Point", "coordinates": [373794.52, 3373907.97]}, "properties": {"cell_id": 2510, "max_wse_m": 2147.97}}, {"type": "Feature", "geometry": {"type": "Point", "coordinates": [373834.52, 3373907.97]}, "properties": {"cell_id": 2511, "max_wse_m": 2125.32}}, {"type": "Feature", "geometry": {"type": "Point", "coordinates": [373874.52, 3373907.97]}, "properties": {"cell_id": 2512, "max_wse_m": 2099.21}}, {"type": "Feature", "geometry": {"type": "Point", "coordinates": [373914.52, 3373907.97]}, "properties": {"cell_id": 2513, "max_wse_m": 2098.37}}, {"type": "Feature", "geometry": {"type": "Point", "coordinates": [373954.52, 3373907.97]}, "properties": {"cell_id": 2514, "max_wse_m": 2115.93}}, {"type": "Feature", "geometry": {"type": "Point", "coordinates": [373994.52, 3373907.97]}, "properties": {"cell_id": 2515, "max_wse_m": 2129.66}}, {"type": "Feature", "geometry": {"type": "Point", "coordinates": [374034.52, 3373907.97]}, "properties": {"cell_id": 2516, "max_wse_m": 2130.11}}, {"type": "Feature", "geometry": {"type": "Point", "coordinates": [374074.52, 3373907.97]}, "properties": {"cell_id": 2517, "max_wse_m": 2135.99}}, {"type": "Feature", "geometry": {"type": "Point", "coordinates": [374114.52, 3373907.97]}, "properties": {"cell_id": 2518, "max_wse_m": 2140.62}}, {"type": "Feature", "geometry": {"type": "Point", "coordinates": [374154.52, 3373907.97]}, "properties": {"cell_id": 2519, "max_wse_m": 2120.06}}, {"type": "Feature", "geometry": {"type": "Point", "coordinates": [374194.52, 3373907.97]}, "properties": {"cell_id": 2520, "max_wse_m": 2102.29}}, {"type": "Feature", "geometry": {"type": "Point", "coordinates": [374234.52, 3373907.97]}, "properties": {"cell_id": 2521, "max_wse_m": 2085.35}}, {"type": "Feature", "geometry": {"type": "Point", "coordinates": [374274.52, 3373907.97]}, "properties": {"cell_id": 2522, "max_wse_m": 2071.32}}, {"type": "Feature", "geometry": {"type": "Point", "coordinates": [374314.52, 3373907.97]}, "properties": {"cell_id": 2523, "max_wse_m": 2060.28}}, {"type": "Feature", "geometry": {"type": "Point", "coordinates": [374354.52, 3373907.97]}, "properties": {"cell_id": 2524, "max_wse_m": 2055.16}}, {"type": "Feature", "geometry": {"type": "Point", "coordinates": [374394.52, 3373907.97]}, "properties": {"cell_id": 2525, "max_wse_m": 2053.76}}, {"type": "Feature", "geometry": {"type": "Point", "coordinates": [374434.52, 3373907.97]}, "properties": {"cell_id": 2526, "max_wse_m": 2049.44}}, {"type": "Feature", "geometry": {"type": "Point", "coordinates": [374474.52, 3373907.97]}, "properties": {"cell_id": 2527, "max_wse_m": 2028.35}}, {"type": "Feature", "geometry": {"type": "Point", "coordinates": [374514.52, 3373907.97]}, "properties": {"cell_id": 2528, "max_wse_m": 2009.34}}, {"type": "Feature", "geometry": {"type": "Point", "coordinates": [374554.52, 3373907.97]}, "properties": {"cell_id": 2529, "max_wse_m": 1994.96}}, {"type": "Feature", "geometry": {"type": "Point", "coordinates": [374594.52, 3373907.97]}, "properties": {"cell_id": 2530, "max_wse_m": 1958.59}}, {"type": "Feature", "geometry": {"type": "Point", "coordinates": [374634.52, 3373907.97]}, "properties": {"cell_id": 2531, "max_wse_m": 1920.89}}, {"type": "Feature", "geometry": {"type": "Point", "coordinates": [374674.52, 3373907.97]}, "properties": {"cell_id": 2532, "max_wse_m": 1918.68}}, {"type": "Feature", "geometry": {"type": "Point", "coordinates": [374714.52, 3373907.97]}, "properties": {"cell_id": 2533, "max_wse_m": 1920.46}}, {"type": "Feature", "geometry": {"type": "Point", "coordinates": [374754.52, 3373907.97]}, "properties": {"cell_id": 2534, "max_wse_m": 1925.44}}, {"type": "Feature", "geometry": {"type": "Point", "coordinates": [374794.52, 3373907.97]}, "properties": {"cell_id": 2535, "max_wse_m": 1976.79}}, {"type": "Feature", "geometry": {"type": "Point", "coordinates": [374834.52, 3373907.97]}, "properties": {"cell_id": 2536, "max_wse_m": 1996.26}}, {"type": "Feature", "geometry": {"type": "Point", "coordinates": [378874.52, 3373907.97]}, "properties": {"cell_id": 2537, "max_wse_m": 3086.53}}, {"type": "Feature", "geometry": {"type": "Point", "coordinates": [378914.52, 3373907.97]}, "properties": {"cell_id": 2538, "max_wse_m": 3104.92}}, {"type": "Feature", "geometry": {"type": "Point", "coordinates": [378954.52, 3373907.97]}, "properties": {"cell_id": 2539, "max_wse_m": 3132.16}}, {"type": "Feature", "geometry": {"type": "Point", "coordinates": [378994.52, 3373907.97]}, "properties": {"cell_id": 2540, "max_wse_m": 3166.33}}, {"type": "Feature", "geometry": {"type": "Point", "coordinates": [379034.52, 3373907.97]}, "properties": {"cell_id": 2541, "max_wse_m": 3180.42}}, {"type": "Feature", "geometry": {"type": "Point", "coordinates": [379074.52, 3373907.97]}, "properties": {"cell_id": 2542, "max_wse_m": 3195.94}}, {"type": "Feature", "geometry": {"type": "Point", "coordinates": [379114.52, 3373907.97]}, "properties": {"cell_id": 2543, "max_wse_m": 3201.27}}, {"type": "Feature", "geometry": {"type": "Point", "coordinates": [379154.52, 3373907.97]}, "properties": {"cell_id": 2544, "max_wse_m": 3197.6}}, {"type": "Feature", "geometry": {"type": "Point", "coordinates": [379194.52, 3373907.97]}, "properties": {"cell_id": 2545, "max_wse_m": 3213.56}}, {"type": "Feature", "geometry": {"type": "Point", "coordinates": [379234.52, 3373907.97]}, "properties": {"cell_id": 2546, "max_wse_m": 3230.96}}, {"type": "Feature", "geometry": {"type": "Point", "coordinates": [379274.52, 3373907.97]}, "properties": {"cell_id": 2547, "max_wse_m": 3250.31}}, {"type": "Feature", "geometry": {"type": "Point", "coordinates": [379314.52, 3373907.97]}, "properties": {"cell_id": 2548, "max_wse_m": 3262.65}}, {"type": "Feature", "geometry": {"type": "Point", "coordinates": [379354.52, 3373907.97]}, "properties": {"cell_id": 2549, "max_wse_m": 3276.63}}, {"type": "Feature", "geometry": {"type": "Point", "coordinates": [379394.52, 3373907.97]}, "properties": {"cell_id": 2550, "max_wse_m": 3302.59}}, {"type": "Feature", "geometry": {"type": "Point", "coordinates": [379434.52, 3373907.97]}, "properties": {"cell_id": 2551, "max_wse_m": 3306.98}}, {"type": "Feature", "geometry": {"type": "Point", "coordinates": [379474.52, 3373907.97]}, "properties": {"cell_id": 2552, "max_wse_m": 3311.44}}, {"type": "Feature", "geometry": {"type": "Point", "coordinates": [379514.52, 3373907.97]}, "properties": {"cell_id": 2553, "max_wse_m": 3328.28}}, {"type": "Feature", "geometry": {"type": "Point", "coordinates": [379554.52, 3373907.97]}, "properties": {"cell_id": 2554, "max_wse_m": 3337.32}}, {"type": "Feature", "geometry": {"type": "Point", "coordinates": [379594.52, 3373907.97]}, "properties": {"cell_id": 2555, "max_wse_m": 3352.9}}, {"type": "Feature", "geometry": {"type": "Point", "coordinates": [379634.52, 3373907.97]}, "properties": {"cell_id": 2556, "max_wse_m": 3402.74}}, {"type": "Feature", "geometry": {"type": "Point", "coordinates": [379674.52, 3373907.97]}, "properties": {"cell_id": 2557, "max_wse_m": 3453.95}}, {"type": "Feature", "geometry": {"type": "Point", "coordinates": [379714.52, 3373907.97]}, "properties": {"cell_id": 2558, "max_wse_m": 3490.31}}, {"type": "Feature", "geometry": {"type": "Point", "coordinates": [379754.52, 3373907.97]}, "properties": {"cell_id": 2559, "max_wse_m": 3530.32}}, {"type": "Feature", "geometry": {"type": "Point", "coordinates": [379794.52, 3373907.97]}, "properties": {"cell_id": 2560, "max_wse_m": 3547.75}}, {"type": "Feature", "geometry": {"type": "Point", "coordinates": [379834.52, 3373907.97]}, "properties": {"cell_id": 2561, "max_wse_m": 3564.46}}, {"type": "Feature", "geometry": {"type": "Point", "coordinates": [379874.52, 3373907.97]}, "properties": {"cell_id": 2562, "max_wse_m": 3592.52}}, {"type": "Feature", "geometry": {"type": "Point", "coordinates": [379914.52, 3373907.97]}, "properties": {"cell_id": 2563, "max_wse_m": 3599.33}}, {"type": "Feature", "geometry": {"type": "Point", "coordinates": [379954.52, 3373907.97]}, "properties": {"cell_id": 2564, "max_wse_m": 3599.48}}, {"type": "Feature", "geometry": {"type": "Point", "coordinates": [379994.52, 3373907.97]}, "properties": {"cell_id": 2565, "max_wse_m": 3631.76}}, {"type": "Feature", "geometry": {"type": "Point", "coordinates": [380034.52, 3373907.97]}, "properties": {"cell_id": 2566, "max_wse_m": 3656.21}}, {"type": "Feature", "geometry": {"type": "Point", "coordinates": [380074.52, 3373907.97]}, "properties": {"cell_id": 2567, "max_wse_m": 3673.69}}, {"type": "Feature", "geometry": {"type": "Point", "coordinates": [380114.52, 3373907.97]}, "properties": {"cell_id": 2568, "max_wse_m": 3693.14}}, {"type": "Feature", "geometry": {"type": "Point", "coordinates": [380154.52, 3373907.97]}, "properties": {"cell_id": 2569, "max_wse_m": 3714.6}}, {"type": "Feature", "geometry": {"type": "Point", "coordinates": [380194.52, 3373907.97]}, "properties": {"cell_id": 2570, "max_wse_m": 3737.29}}, {"type": "Feature", "geometry": {"type": "Point", "coordinates": [380234.52, 3373907.97]}, "properties": {"cell_id": 2571, "max_wse_m": 3742.51}}, {"type": "Feature", "geometry": {"type": "Point", "coordinates": [380274.52, 3373907.97]}, "properties": {"cell_id": 2572, "max_wse_m": 3759.82}}, {"type": "Feature", "geometry": {"type": "Point", "coordinates": [380314.52, 3373907.97]}, "properties": {"cell_id": 2573, "max_wse_m": 3786.14}}, {"type": "Feature", "geometry": {"type": "Point", "coordinates": [380354.52, 3373907.97]}, "properties": {"cell_id": 2574, "max_wse_m": 3811.93}}, {"type": "Feature", "geometry": {"type": "Point", "coordinates": [380394.52, 3373907.97]}, "properties": {"cell_id": 2575, "max_wse_m": 3833.9}}, {"type": "Feature", "geometry": {"type": "Point", "coordinates": [380434.52, 3373907.97]}, "properties": {"cell_id": 2576, "max_wse_m": 3861.77}}, {"type": "Feature", "geometry": {"type": "Point", "coordinates": [380474.52, 3373907.97]}, "properties": {"cell_id": 2577, "max_wse_m": 3862.38}}, {"type": "Feature", "geometry": {"type": "Point", "coordinates": [380514.52, 3373907.97]}, "properties": {"cell_id": 2578, "max_wse_m": 3834.89}}, {"type": "Feature", "geometry": {"type": "Point", "coordinates": [380554.52, 3373907.97]}, "properties": {"cell_id": 2579, "max_wse_m": 3823.61}}, {"type": "Feature", "geometry": {"type": "Point", "coordinates": [380594.52, 3373907.97]}, "properties": {"cell_id": 2580, "max_wse_m": 3803.45}}, {"type": "Feature", "geometry": {"type": "Point", "coordinates": [380634.52, 3373907.97]}, "properties": {"cell_id": 2581, "max_wse_m": 3791.85}}, {"type": "Feature", "geometry": {"type": "Point", "coordinates": [380674.52, 3373907.97]}, "properties": {"cell_id": 2582, "max_wse_m": 3782.75}}, {"type": "Feature", "geometry": {"type": "Point", "coordinates": [380714.52, 3373907.97]}, "properties": {"cell_id": 2583, "max_wse_m": 3786.82}}, {"type": "Feature", "geometry": {"type": "Point", "coordinates": [380754.52, 3373907.97]}, "properties": {"cell_id": 2584, "max_wse_m": 3856.84}}, {"type": "Feature", "geometry": {"type": "Point", "coordinates": [380794.52, 3373907.97]}, "properties": {"cell_id": 2585, "max_wse_m": 3882.9}}, {"type": "Feature", "geometry": {"type": "Point", "coordinates": [380834.52, 3373907.97]}, "properties": {"cell_id": 2586, "max_wse_m": 3915.74}}, {"type": "Feature", "geometry": {"type": "Point", "coordinates": [380874.52, 3373907.97]}, "properties": {"cell_id": 2587, "max_wse_m": 3974.45}}, {"type": "Feature", "geometry": {"type": "Point", "coordinates": [380914.52, 3373907.97]}, "properties": {"cell_id": 2588, "max_wse_m": 4005.31}}, {"type": "Feature", "geometry": {"type": "Point", "coordinates": [380954.52, 3373907.97]}, "properties": {"cell_id": 2589, "max_wse_m": 4038.73}}, {"type": "Feature", "geometry": {"type": "Point", "coordinates": [380994.52, 3373907.97]}, "properties": {"cell_id": 2590, "max_wse_m": 4071.45}}, {"type": "Feature", "geometry": {"type": "Point", "coordinates": [381034.52, 3373907.97]}, "properties": {"cell_id": 2591, "max_wse_m": 4092.4}}, {"type": "Feature", "geometry": {"type": "Point", "coordinates": [381074.52, 3373907.97]}, "properties": {"cell_id": 2592, "max_wse_m": 4053.49}}, {"type": "Feature", "geometry": {"type": "Point", "coordinates": [381114.52, 3373907.97]}, "properties": {"cell_id": 2593, "max_wse_m": 4053.49}}, {"type": "Feature", "geometry": {"type": "Point", "coordinates": [381154.52, 3373907.97]}, "properties": {"cell_id": 2594, "max_wse_m": 4078.9}}, {"type": "Feature", "geometry": {"type": "Point", "coordinates": [381194.52, 3373907.97]}, "properties": {"cell_id": 2595, "max_wse_m": 4080.28}}, {"type": "Feature", "geometry": {"type": "Point", "coordinates": [381234.52, 3373907.97]}, "properties": {"cell_id": 2596, "max_wse_m": 4117.89}}, {"type": "Feature", "geometry": {"type": "Point", "coordinates": [381274.52, 3373907.97]}, "properties": {"cell_id": 2597, "max_wse_m": 4164.32}}, {"type": "Feature", "geometry": {"type": "Point", "coordinates": [381314.52, 3373907.97]}, "properties": {"cell_id": 2598, "max_wse_m": 4188.01}}, {"type": "Feature", "geometry": {"type": "Point", "coordinates": [381354.52, 3373907.97]}, "properties": {"cell_id": 2599, "max_wse_m": 4201.52}}, {"type": "Feature", "geometry": {"type": "Point", "coordinates": [381394.52, 3373907.97]}, "properties": {"cell_id": 2600, "max_wse_m": 4196.16}}, {"type": "Feature", "geometry": {"type": "Point", "coordinates": [381434.52, 3373907.97]}, "properties": {"cell_id": 2601, "max_wse_m": 4190.54}}, {"type": "Feature", "geometry": {"type": "Point", "coordinates": [381474.52, 3373907.97]}, "properties": {"cell_id": 2602, "max_wse_m": 4195.96}}, {"type": "Feature", "geometry": {"type": "Point", "coordinates": [381514.52, 3373907.97]}, "properties": {"cell_id": 2603, "max_wse_m": 4215.92}}, {"type": "Feature", "geometry": {"type": "Point", "coordinates": [381554.52, 3373907.97]}, "properties": {"cell_id": 2604, "max_wse_m": 4244.15}}, {"type": "Feature", "geometry": {"type": "Point", "coordinates": [381594.52, 3373907.97]}, "properties": {"cell_id": 2605, "max_wse_m": 4286.2}}, {"type": "Feature", "geometry": {"type": "Point", "coordinates": [381634.52, 3373907.97]}, "properties": {"cell_id": 2606, "max_wse_m": 4310.41}}, {"type": "Feature", "geometry": {"type": "Point", "coordinates": [381674.52, 3373907.97]}, "properties": {"cell_id": 2607, "max_wse_m": 4318.42}}, {"type": "Feature", "geometry": {"type": "Point", "coordinates": [381714.52, 3373907.97]}, "properties": {"cell_id": 2608, "max_wse_m": 4285.84}}, {"type": "Feature", "geometry": {"type": "Point", "coordinates": [381754.52, 3373907.97]}, "properties": {"cell_id": 2609, "max_wse_m": 4260.08}}, {"type": "Feature", "geometry": {"type": "Point", "coordinates": [381794.52, 3373907.97]}, "properties": {"cell_id": 2610, "max_wse_m": 4241.46}}, {"type": "Feature", "geometry": {"type": "Point", "coordinates": [381834.52, 3373907.97]}, "properties": {"cell_id": 2611, "max_wse_m": 4204.34}}, {"type": "Feature", "geometry": {"type": "Point", "coordinates": [370754.52, 3373867.97]}, "properties": {"cell_id": 2612, "max_wse_m": 1798.39}}, {"type": "Feature", "geometry": {"type": "Point", "coordinates": [370794.52, 3373867.97]}, "properties": {"cell_id": 2613, "max_wse_m": 1800.18}}, {"type": "Feature", "geometry": {"type": "Point", "coordinates": [370834.52, 3373867.97]}, "properties": {"cell_id": 2614, "max_wse_m": 1800.03}}, {"type": "Feature", "geometry": {"type": "Point", "coordinates": [370874.52, 3373867.97]}, "properties": {"cell_id": 2615, "max_wse_m": 1802.31}}, {"type": "Feature", "geometry": {"type": "Point", "coordinates": [370914.52, 3373867.97]}, "properties": {"cell_id": 2616, "max_wse_m": 1803.04}}, {"type": "Feature", "geometry": {"type": "Point", "coordinates": [370954.52, 3373867.97]}, "properties": {"cell_id": 2617, "max_wse_m": 1810.88}}, {"type": "Feature", "geometry": {"type": "Point", "coordinates": [370994.52, 3373867.97]}, "properties": {"cell_id": 2618, "max_wse_m": 1811.67}}, {"type": "Feature", "geometry": {"type": "Point", "coordinates": [371034.52, 3373867.97]}, "properties": {"cell_id": 2619, "max_wse_m": 1820.2}}, {"type": "Feature", "geometry": {"type": "Point", "coordinates": [371074.52, 3373867.97]}, "properties": {"cell_id": 2620, "max_wse_m": 1821.52}}, {"type": "Feature", "geometry": {"type": "Point", "coordinates": [371114.52, 3373867.97]}, "properties": {"cell_id": 2621, "max_wse_m": 1820.28}}, {"type": "Feature", "geometry": {"type": "Point", "coordinates": [371154.52, 3373867.97]}, "properties": {"cell_id": 2622, "max_wse_m": 1812.72}}, {"type": "Feature", "geometry": {"type": "Point", "coordinates": [371194.52, 3373867.97]}, "properties": {"cell_id": 2623, "max_wse_m": 1811.88}}, {"type": "Feature", "geometry": {"type": "Point", "coordinates": [371234.52, 3373867.97]}, "properties": {"cell_id": 2624, "max_wse_m": 1810.49}}, {"type": "Feature", "geometry": {"type": "Point", "coordinates": [371274.52, 3373867.97]}, "properties": {"cell_id": 2625, "max_wse_m": 1813.05}}, {"type": "Feature", "geometry": {"type": "Point", "coordinates": [371314.52, 3373867.97]}, "properties": {"cell_id": 2626, "max_wse_m": 1817.97}}, {"type": "Feature", "geometry": {"type": "Point", "coordinates": [371354.52, 3373867.97]}, "properties": {"cell_id": 2627, "max_wse_m": 1832.47}}, {"type": "Feature", "geometry": {"type": "Point", "coordinates": [371394.52, 3373867.97]}, "properties": {"cell_id": 2628, "max_wse_m": 1836.77}}, {"type": "Feature", "geometry": {"type": "Point", "coordinates": [371434.52, 3373867.97]}, "properties": {"cell_id": 2629, "max_wse_m": 1830.74}}, {"type": "Feature", "geometry": {"type": "Point", "coordinates": [371474.52, 3373867.97]}, "properties": {"cell_id": 2630, "max_wse_m": 1824.58}}, {"type": "Feature", "geometry": {"type": "Point", "coordinates": [371514.52, 3373867.97]}, "properties": {"cell_id": 2631, "max_wse_m": 1824.68}}, {"type": "Feature", "geometry": {"type": "Point", "coordinates": [371554.52, 3373867.97]}, "properties": {"cell_id": 2632, "max_wse_m": 1830.39}}, {"type": "Feature", "geometry": {"type": "Point", "coordinates": [371594.52, 3373867.97]}, "properties": {"cell_id": 2633, "max_wse_m": 1840.52}}, {"type": "Feature", "geometry": {"type": "Point", "coordinates": [371634.52, 3373867.97]}, "properties": {"cell_id": 2634, "max_wse_m": 1877.92}}, {"type": "Feature", "geometry": {"type": "Point", "coordinates": [371674.52, 3373867.97]}, "properties": {"cell_id": 2635, "max_wse_m": 1901.87}}, {"type": "Feature", "geometry": {"type": "Point", "coordinates": [371714.52, 3373867.97]}, "properties": {"cell_id": 2636, "max_wse_m": 1895.3}}, {"type": "Feature", "geometry": {"type": "Point", "coordinates": [371754.52, 3373867.97]}, "properties": {"cell_id": 2637, "max_wse_m": 1876.35}}, {"type": "Feature", "geometry": {"type": "Point", "coordinates": [371794.52, 3373867.97]}, "properties": {"cell_id": 2638, "max_wse_m": 1863.54}}, {"type": "Feature", "geometry": {"type": "Point", "coordinates": [371834.52, 3373867.97]}, "properties": {"cell_id": 2639, "max_wse_m": 1851.36}}, {"type": "Feature", "geometry": {"type": "Point", "coordinates": [371874.52, 3373867.97]}, "properties": {"cell_id": 2640, "max_wse_m": 1842.95}}, {"type": "Feature", "geometry": {"type": "Point", "coordinates": [371914.52, 3373867.97]}, "properties": {"cell_id": 2641, "max_wse_m": 1829.94}}, {"type": "Feature", "geometry": {"type": "Point", "coordinates": [371954.52, 3373867.97]}, "properties": {"cell_id": 2642, "max_wse_m": 1827.37}}, {"type": "Feature", "geometry": {"type": "Point", "coordinates": [371994.52, 3373867.97]}, "properties": {"cell_id": 2643, "max_wse_m": 1827.4}}, {"type": "Feature", "geometry": {"type": "Point", "coordinates": [372034.52, 3373867.97]}, "properties": {"cell_id": 2644, "max_wse_m": 1827.74}}, {"type": "Feature", "geometry": {"type": "Point", "coordinates": [372074.52, 3373867.97]}, "properties": {"cell_id": 2645, "max_wse_m": 1827.74}}, {"type": "Feature", "geometry": {"type": "Point", "coordinates": [372114.52, 3373867.97]}, "properties": {"cell_id": 2646, "max_wse_m": 1835.48}}, {"type": "Feature", "geometry": {"type": "Point", "coordinates": [372154.52, 3373867.97]}, "properties": {"cell_id": 2647, "max_wse_m": 1847.49}}, {"type": "Feature", "geometry": {"type": "Point", "coordinates": [372194.52, 3373867.97]}, "properties": {"cell_id": 2648, "max_wse_m": 1858.96}}, {"type": "Feature", "geometry": {"type": "Point", "coordinates": [372234.52, 3373867.97]}, "properties": {"cell_id": 2649, "max_wse_m": 1875.65}}, {"type": "Feature", "geometry": {"type": "Point", "coordinates": [372274.52, 3373867.97]}, "properties": {"cell_id": 2650, "max_wse_m": 1886.45}}, {"type": "Feature", "geometry": {"type": "Point", "coordinates": [372314.52, 3373867.97]}, "properties": {"cell_id": 2651, "max_wse_m": 1903.16}}, {"type": "Feature", "geometry": {"type": "Point", "coordinates": [372354.52, 3373867.97]}, "properties": {"cell_id": 2652, "max_wse_m": 1918.74}}, {"type": "Feature", "geometry": {"type": "Point", "coordinates": [372394.52, 3373867.97]}, "properties": {"cell_id": 2653, "max_wse_m": 1944.58}}, {"type": "Feature", "geometry": {"type": "Point", "coordinates": [372434.52, 3373867.97]}, "properties": {"cell_id": 2654, "max_wse_m": 1951.27}}, {"type": "Feature", "geometry": {"type": "Point", "coordinates": [372474.52, 3373867.97]}, "properties": {"cell_id": 2655, "max_wse_m": 1958.46}}, {"type": "Feature", "geometry": {"type": "Point", "coordinates": [372514.52, 3373867.97]}, "properties": {"cell_id": 2656, "max_wse_m": 1968.6}}, {"type": "Feature", "geometry": {"type": "Point", "coordinates": [372554.52, 3373867.97]}, "properties": {"cell_id": 2657, "max_wse_m": 1973.89}}, {"type": "Feature", "geometry": {"type": "Point", "coordinates": [372594.52, 3373867.97]}, "properties": {"cell_id": 2658, "max_wse_m": 1981.45}}, {"type": "Feature", "geometry": {"type": "Point", "coordinates": [372634.52, 3373867.97]}, "properties": {"cell_id": 2659, "max_wse_m": 1977.29}}, {"type": "Feature", "geometry": {"type": "Point", "coordinates": [372674.52, 3373867.97]}, "properties": {"cell_id": 2660, "max_wse_m": 1958.78}}, {"type": "Feature", "geometry": {"type": "Point", "coordinates": [372714.52, 3373867.97]}, "properties": {"cell_id": 2661, "max_wse_m": 1933.97}}, {"type": "Feature", "geometry": {"type": "Point", "coordinates": [372754.52, 3373867.97]}, "properties": {"cell_id": 2662, "max_wse_m": 1934.0}}, {"type": "Feature", "geometry": {"type": "Point", "coordinates": [372794.52, 3373867.97]}, "properties": {"cell_id": 2663, "max_wse_m": 1964.37}}, {"type": "Feature", "geometry": {"type": "Point", "coordinates": [372834.52, 3373867.97]}, "properties": {"cell_id": 2664, "max_wse_m": 1968.87}}, {"type": "Feature", "geometry": {"type": "Point", "coordinates": [372874.52, 3373867.97]}, "properties": {"cell_id": 2665, "max_wse_m": 1939.62}}, {"type": "Feature", "geometry": {"type": "Point", "coordinates": [372914.52, 3373867.97]}, "properties": {"cell_id": 2666, "max_wse_m": 1923.58}}, {"type": "Feature", "geometry": {"type": "Point", "coordinates": [372954.52, 3373867.97]}, "properties": {"cell_id": 2667, "max_wse_m": 1922.07}}, {"type": "Feature", "geometry": {"type": "Point", "coordinates": [372994.52, 3373867.97]}, "properties": {"cell_id": 2668, "max_wse_m": 1944.44}}, {"type": "Feature", "geometry": {"type": "Point", "coordinates": [373034.52, 3373867.97]}, "properties": {"cell_id": 2669, "max_wse_m": 1958.1}}, {"type": "Feature", "geometry": {"type": "Point", "coordinates": [373074.52, 3373867.97]}, "properties": {"cell_id": 2670, "max_wse_m": 1965.23}}, {"type": "Feature", "geometry": {"type": "Point", "coordinates": [373114.52, 3373867.97]}, "properties": {"cell_id": 2671, "max_wse_m": 1981.12}}, {"type": "Feature", "geometry": {"type": "Point", "coordinates": [373154.52, 3373867.97]}, "properties": {"cell_id": 2672, "max_wse_m": 1987.38}}, {"type": "Feature", "geometry": {"type": "Point", "coordinates": [373194.52, 3373867.97]}, "properties": {"cell_id": 2673, "max_wse_m": 1997.16}}, {"type": "Feature", "geometry": {"type": "Point", "coordinates": [373234.52, 3373867.97]}, "properties": {"cell_id": 2674, "max_wse_m": 2041.12}}, {"type": "Feature", "geometry": {"type": "Point", "coordinates": [373274.52, 3373867.97]}, "properties": {"cell_id": 2675, "max_wse_m": 2073.57}}, {"type": "Feature", "geometry": {"type": "Point", "coordinates": [373314.52, 3373867.97]}, "properties": {"cell_id": 2676, "max_wse_m": 2094.72}}, {"type": "Feature", "geometry": {"type": "Point", "coordinates": [373354.52, 3373867.97]}, "properties": {"cell_id": 2677, "max_wse_m": 2098.24}}, {"type": "Feature", "geometry": {"type": "Point", "coordinates": [373394.52, 3373867.97]}, "properties": {"cell_id": 2678, "max_wse_m": 2127.64}}, {"type": "Feature", "geometry": {"type": "Point", "coordinates": [373434.52, 3373867.97]}, "properties": {"cell_id": 2679, "max_wse_m": 2160.32}}, {"type": "Feature", "geometry": {"type": "Point", "coordinates": [373474.52, 3373867.97]}, "properties": {"cell_id": 2680, "max_wse_m": 2174.87}}, {"type": "Feature", "geometry": {"type": "Point", "coordinates": [373514.52, 3373867.97]}, "properties": {"cell_id": 2681, "max_wse_m": 2177.67}}, {"type": "Feature", "geometry": {"type": "Point", "coordinates": [373554.52, 3373867.97]}, "properties": {"cell_id": 2682, "max_wse_m": 2172.04}}, {"type": "Feature", "geometry": {"type": "Point", "coordinates": [373594.52, 3373867.97]}, "properties": {"cell_id": 2683, "max_wse_m": 2133.86}}, {"type": "Feature", "geometry": {"type": "Point", "coordinates": [373634.52, 3373867.97]}, "properties": {"cell_id": 2684, "max_wse_m": 2119.1}}, {"type": "Feature", "geometry": {"type": "Point", "coordinates": [373674.52, 3373867.97]}, "properties": {"cell_id": 2685, "max_wse_m": 2116.51}}, {"type": "Feature", "geometry": {"type": "Point", "coordinates": [373714.52, 3373867.97]}, "properties": {"cell_id": 2686, "max_wse_m": 2109.1}}, {"type": "Feature", "geometry": {"type": "Point", "coordinates": [373754.52, 3373867.97]}, "properties": {"cell_id": 2687, "max_wse_m": 2112.3}}, {"type": "Feature", "geometry": {"type": "Point", "coordinates": [373794.52, 3373867.97]}, "properties": {"cell_id": 2688, "max_wse_m": 2103.57}}, {"type": "Feature", "geometry": {"type": "Point", "coordinates": [373834.52, 3373867.97]}, "properties": {"cell_id": 2689, "max_wse_m": 2080.07}}, {"type": "Feature", "geometry": {"type": "Point", "coordinates": [373874.52, 3373867.97]}, "properties": {"cell_id": 2690, "max_wse_m": 2065.27}}, {"type": "Feature", "geometry": {"type": "Point", "coordinates": [373914.52, 3373867.97]}, "properties": {"cell_id": 2691, "max_wse_m": 2068.73}}, {"type": "Feature", "geometry": {"type": "Point", "coordinates": [373954.52, 3373867.97]}, "properties": {"cell_id": 2692, "max_wse_m": 2082.42}}, {"type": "Feature", "geometry": {"type": "Point", "coordinates": [373994.52, 3373867.97]}, "properties": {"cell_id": 2693, "max_wse_m": 2094.74}}, {"type": "Feature", "geometry": {"type": "Point", "coordinates": [374034.52, 3373867.97]}, "properties": {"cell_id": 2694, "max_wse_m": 2094.75}}, {"type": "Feature", "geometry": {"type": "Point", "coordinates": [374074.52, 3373867.97]}, "properties": {"cell_id": 2695, "max_wse_m": 2113.65}}, {"type": "Feature", "geometry": {"type": "Point", "coordinates": [374114.52, 3373867.97]}, "properties": {"cell_id": 2696, "max_wse_m": 2120.11}}, {"type": "Feature", "geometry": {"type": "Point", "coordinates": [374154.52, 3373867.97]}, "properties": {"cell_id": 2697, "max_wse_m": 2106.31}}, {"type": "Feature", "geometry": {"type": "Point", "coordinates": [374194.52, 3373867.97]}, "properties": {"cell_id": 2698, "max_wse_m": 2090.59}}, {"type": "Feature", "geometry": {"type": "Point", "coordinates": [374234.52, 3373867.97]}, "properties": {"cell_id": 2699, "max_wse_m": 2078.76}}, {"type": "Feature", "geometry": {"type": "Point", "coordinates": [374274.52, 3373867.97]}, "properties": {"cell_id": 2700, "max_wse_m": 2064.36}}, {"type": "Feature", "geometry": {"type": "Point", "coordinates": [374314.52, 3373867.97]}, "properties": {"cell_id": 2701, "max_wse_m": 2052.28}}, {"type": "Feature", "geometry": {"type": "Point", "coordinates": [374354.52, 3373867.97]}, "properties": {"cell_id": 2702, "max_wse_m": 2041.76}}, {"type": "Feature", "geometry": {"type": "Point", "coordinates": [374394.52, 3373867.97]}, "properties": {"cell_id": 2703, "max_wse_m": 2037.09}}, {"type": "Feature", "geometry": {"type": "Point", "coordinates": [374434.52, 3373867.97]}, "properties": {"cell_id": 2704, "max_wse_m": 2030.91}}, {"type": "Feature", "geometry": {"type": "Point", "coordinates": [374474.52, 3373867.97]}, "properties": {"cell_id": 2705, "max_wse_m": 2012.1}}, {"type": "Feature", "geometry": {"type": "Point", "coordinates": [374514.52, 3373867.97]}, "properties": {"cell_id": 2706, "max_wse_m": 1990.39}}, {"type": "Feature", "geometry": {"type": "Point", "coordinates": [374554.52, 3373867.97]}, "properties": {"cell_id": 2707, "max_wse_m": 1947.97}}, {"type": "Feature", "geometry": {"type": "Point", "coordinates": [374594.52, 3373867.97]}, "properties": {"cell_id": 2708, "max_wse_m": 1915.15}}, {"type": "Feature", "geometry": {"type": "Point", "coordinates": [374634.52, 3373867.97]}, "properties": {"cell_id": 2709, "max_wse_m": 1913.93}}, {"type": "Feature", "geometry": {"type": "Point", "coordinates": [374674.52, 3373867.97]}, "properties": {"cell_id": 2710, "max_wse_m": 1914.5}}, {"type": "Feature", "geometry": {"type": "Point", "coordinates": [374714.52, 3373867.97]}, "properties": {"cell_id": 2711, "max_wse_m": 1920.5}}, {"type": "Feature", "geometry": {"type": "Point", "coordinates": [374754.52, 3373867.97]}, "properties": {"cell_id": 2712, "max_wse_m": 1952.39}}, {"type": "Feature", "geometry": {"type": "Point", "coordinates": [374794.52, 3373867.97]}, "properties": {"cell_id": 2713, "max_wse_m": 2019.74}}, {"type": "Feature", "geometry": {"type": "Point", "coordinates": [374834.52, 3373867.97]}, "properties": {"cell_id": 2714, "max_wse_m": 2048.25}}, {"type": "Feature", "geometry": {"type": "Point", "coordinates": [374874.52, 3373867.97]}, "properties": {"cell_id": 2715, "max_wse_m": 2076.87}}, {"type": "Feature", "geometry": {"type": "Point", "coordinates": [374914.52, 3373867.97]}, "properties": {"cell_id": 2716, "max_wse_m": 2097.91}}, {"type": "Feature", "geometry": {"type": "Point", "coordinates": [378874.52, 3373867.97]}, "properties": {"cell_id": 2717, "max_wse_m": 3108.95}}, {"type": "Feature", "geometry": {"type": "Point", "coordinates": [378914.52, 3373867.97]}, "properties": {"cell_id": 2718, "max_wse_m": 3134.93}}, {"type": "Feature", "geometry": {"type": "Point", "coordinates": [378954.52, 3373867.97]}, "properties": {"cell_id": 2719, "max_wse_m": 3158.95}}, {"type": "Feature", "geometry": {"type": "Point", "coordinates": [378994.52, 3373867.97]}, "properties": {"cell_id": 2720, "max_wse_m": 3169.64}}, {"type": "Feature", "geometry": {"type": "Point", "coordinates": [379034.52, 3373867.97]}, "properties": {"cell_id": 2721, "max_wse_m": 3197.59}}, {"type": "Feature", "geometry": {"type": "Point", "coordinates": [379074.52, 3373867.97]}, "properties": {"cell_id": 2722, "max_wse_m": 3215.47}}, {"type": "Feature", "geometry": {"type": "Point", "coordinates": [379114.52, 3373867.97]}, "properties": {"cell_id": 2723, "max_wse_m": 3224.91}}, {"type": "Feature", "geometry": {"type": "Point", "coordinates": [379154.52, 3373867.97]}, "properties": {"cell_id": 2724, "max_wse_m": 3237.51}}, {"type": "Feature", "geometry": {"type": "Point", "coordinates": [379194.52, 3373867.97]}, "properties": {"cell_id": 2725, "max_wse_m": 3246.14}}, {"type": "Feature", "geometry": {"type": "Point", "coordinates": [379234.52, 3373867.97]}, "properties": {"cell_id": 2726, "max_wse_m": 3259.56}}, {"type": "Feature", "geometry": {"type": "Point", "coordinates": [379274.52, 3373867.97]}, "properties": {"cell_id": 2727, "max_wse_m": 3262.66}}, {"type": "Feature", "geometry": {"type": "Point", "coordinates": [379314.52, 3373867.97]}, "properties": {"cell_id": 2728, "max_wse_m": 3284.6}}, {"type": "Feature", "geometry": {"type": "Point", "coordinates": [379354.52, 3373867.97]}, "properties": {"cell_id": 2729, "max_wse_m": 3310.8}}, {"type": "Feature", "geometry": {"type": "Point", "coordinates": [379394.52, 3373867.97]}, "properties": {"cell_id": 2730, "max_wse_m": 3329.97}}, {"type": "Feature", "geometry": {"type": "Point", "coordinates": [379434.52, 3373867.97]}, "properties": {"cell_id": 2731, "max_wse_m": 3334.07}}, {"type": "Feature", "geometry": {"type": "Point", "coordinates": [379474.52, 3373867.97]}, "properties": {"cell_id": 2732, "max_wse_m": 3343.41}}, {"type": "Feature", "geometry": {"type": "Point", "coordinates": [379514.52, 3373867.97]}, "properties": {"cell_id": 2733, "max_wse_m": 3355.86}}, {"type": "Feature", "geometry": {"type": "Point", "coordinates": [379554.52, 3373867.97]}, "properties": {"cell_id": 2734, "max_wse_m": 3370.95}}, {"type": "Feature", "geometry": {"type": "Point", "coordinates": [379594.52, 3373867.97]}, "properties": {"cell_id": 2735, "max_wse_m": 3380.45}}, {"type": "Feature", "geometry": {"type": "Point", "coordinates": [379634.52, 3373867.97]}, "properties": {"cell_id": 2736, "max_wse_m": 3427.78}}, {"type": "Feature", "geometry": {"type": "Point", "coordinates": [379674.52, 3373867.97]}, "properties": {"cell_id": 2737, "max_wse_m": 3478.29}}, {"type": "Feature", "geometry": {"type": "Point", "coordinates": [379714.52, 3373867.97]}, "properties": {"cell_id": 2738, "max_wse_m": 3518.44}}, {"type": "Feature", "geometry": {"type": "Point", "coordinates": [379754.52, 3373867.97]}, "properties": {"cell_id": 2739, "max_wse_m": 3541.98}}, {"type": "Feature", "geometry": {"type": "Point", "coordinates": [379794.52, 3373867.97]}, "properties": {"cell_id": 2740, "max_wse_m": 3568.54}}, {"type": "Feature", "geometry": {"type": "Point", "coordinates": [379834.52, 3373867.97]}, "properties": {"cell_id": 2741, "max_wse_m": 3598.14}}, {"type": "Feature", "geometry": {"type": "Point", "coordinates": [379874.52, 3373867.97]}, "properties": {"cell_id": 2742, "max_wse_m": 3619.48}}, {"type": "Feature", "geometry": {"type": "Point", "coordinates": [379914.52, 3373867.97]}, "properties": {"cell_id": 2743, "max_wse_m": 3628.18}}, {"type": "Feature", "geometry": {"type": "Point", "coordinates": [379954.52, 3373867.97]}, "properties": {"cell_id": 2744, "max_wse_m": 3633.84}}, {"type": "Feature", "geometry": {"type": "Point", "coordinates": [379994.52, 3373867.97]}, "properties": {"cell_id": 2745, "max_wse_m": 3657.9}}, {"type": "Feature", "geometry": {"type": "Point", "coordinates": [380034.52, 3373867.97]}, "properties": {"cell_id": 2746, "max_wse_m": 3675.76}}, {"type": "Feature", "geometry": {"type": "Point", "coordinates": [380074.52, 3373867.97]}, "properties": {"cell_id": 2747, "max_wse_m": 3700.27}}, {"type": "Feature", "geometry": {"type": "Point", "coordinates": [380114.52, 3373867.97]}, "properties": {"cell_id": 2748, "max_wse_m": 3727.15}}, {"type": "Feature", "geometry": {"type": "Point", "coordinates": [380154.52, 3373867.97]}, "properties": {"cell_id": 2749, "max_wse_m": 3749.74}}, {"type": "Feature", "geometry": {"type": "Point", "coordinates": [380194.52, 3373867.97]}, "properties": {"cell_id": 2750, "max_wse_m": 3768.96}}, {"type": "Feature", "geometry": {"type": "Point", "coordinates": [380234.52, 3373867.97]}, "properties": {"cell_id": 2751, "max_wse_m": 3774.09}}, {"type": "Feature", "geometry": {"type": "Point", "coordinates": [380274.52, 3373867.97]}, "properties": {"cell_id": 2752, "max_wse_m": 3786.28}}, {"type": "Feature", "geometry": {"type": "Point", "coordinates": [380314.52, 3373867.97]}, "properties": {"cell_id": 2753, "max_wse_m": 3805.07}}, {"type": "Feature", "geometry": {"type": "Point", "coordinates": [380354.52, 3373867.97]}, "properties": {"cell_id": 2754, "max_wse_m": 3831.17}}, {"type": "Feature", "geometry": {"type": "Point", "coordinates": [380394.52, 3373867.97]}, "properties": {"cell_id": 2755, "max_wse_m": 3852.83}}, {"type": "Feature", "geometry": {"type": "Point", "coordinates": [380434.52, 3373867.97]}, "properties": {"cell_id": 2756, "max_wse_m": 3867.52}}, {"type": "Feature", "geometry": {"type": "Point", "coordinates": [380474.52, 3373867.97]}, "properties": {"cell_id": 2757, "max_wse_m": 3828.64}}, {"type": "Feature", "geometry": {"type": "Point", "coordinates": [380514.52, 3373867.97]}, "properties": {"cell_id": 2758, "max_wse_m": 3793.35}}, {"type": "Feature", "geometry": {"type": "Point", "coordinates": [380554.52, 3373867.97]}, "properties": {"cell_id": 2759, "max_wse_m": 3785.9}}, {"type": "Feature", "geometry": {"type": "Point", "coordinates": [380594.52, 3373867.97]}, "properties": {"cell_id": 2760, "max_wse_m": 3768.04}}, {"type": "Feature", "geometry": {"type": "Point", "coordinates": [380634.52, 3373867.97]}, "properties": {"cell_id": 2761, "max_wse_m": 3768.11}}, {"type": "Feature", "geometry": {"type": "Point", "coordinates": [380674.52, 3373867.97]}, "properties": {"cell_id": 2762, "max_wse_m": 3767.13}}, {"type": "Feature", "geometry": {"type": "Point", "coordinates": [380714.52, 3373867.97]}, "properties": {"cell_id": 2763, "max_wse_m": 3785.51}}, {"type": "Feature", "geometry": {"type": "Point", "coordinates": [380754.52, 3373867.97]}, "properties": {"cell_id": 2764, "max_wse_m": 3829.74}}, {"type": "Feature", "geometry": {"type": "Point", "coordinates": [380794.52, 3373867.97]}, "properties": {"cell_id": 2765, "max_wse_m": 3886.58}}, {"type": "Feature", "geometry": {"type": "Point", "coordinates": [380834.52, 3373867.97]}, "properties": {"cell_id": 2766, "max_wse_m": 3911.73}}, {"type": "Feature", "geometry": {"type": "Point", "coordinates": [380874.52, 3373867.97]}, "properties": {"cell_id": 2767, "max_wse_m": 3932.39}}, {"type": "Feature", "geometry": {"type": "Point", "coordinates": [380914.52, 3373867.97]}, "properties": {"cell_id": 2768, "max_wse_m": 3962.42}}, {"type": "Feature", "geometry": {"type": "Point", "coordinates": [380954.52, 3373867.97]}, "properties": {"cell_id": 2769, "max_wse_m": 4001.54}}, {"type": "Feature", "geometry": {"type": "Point", "coordinates": [380994.52, 3373867.97]}, "properties": {"cell_id": 2770, "max_wse_m": 4027.41}}, {"type": "Feature", "geometry": {"type": "Point", "coordinates": [381034.52, 3373867.97]}, "properties": {"cell_id": 2771, "max_wse_m": 4016.23}}, {"type": "Feature", "geometry": {"type": "Point", "coordinates": [381074.52, 3373867.97]}, "properties": {"cell_id": 2772, "max_wse_m": 4010.4}}, {"type": "Feature", "geometry": {"type": "Point", "coordinates": [381114.52, 3373867.97]}, "properties": {"cell_id": 2773, "max_wse_m": 4023.85}}, {"type": "Feature", "geometry": {"type": "Point", "coordinates": [381154.52, 3373867.97]}, "properties": {"cell_id": 2774, "max_wse_m": 4045.84}}, {"type": "Feature", "geometry": {"type": "Point", "coordinates": [381194.52, 3373867.97]}, "properties": {"cell_id": 2775, "max_wse_m": 4076.52}}, {"type": "Feature", "geometry": {"type": "Point", "coordinates": [381234.52, 3373867.97]}, "properties": {"cell_id": 2776, "max_wse_m": 4125.22}}, {"type": "Feature", "geometry": {"type": "Point", "coordinates": [381274.52, 3373867.97]}, "properties": {"cell_id": 2777, "max_wse_m": 4156.67}}, {"type": "Feature", "geometry": {"type": "Point", "coordinates": [381314.52, 3373867.97]}, "properties": {"cell_id": 2778, "max_wse_m": 4172.34}}, {"type": "Feature", "geometry": {"type": "Point", "coordinates": [381354.52, 3373867.97]}, "properties": {"cell_id": 2779, "max_wse_m": 4167.53}}, {"type": "Feature", "geometry": {"type": "Point", "coordinates": [381394.52, 3373867.97]}, "properties": {"cell_id": 2780, "max_wse_m": 4157.8}}, {"type": "Feature", "geometry": {"type": "Point", "coordinates": [381434.52, 3373867.97]}, "properties": {"cell_id": 2781, "max_wse_m": 4158.49}}, {"type": "Feature", "geometry": {"type": "Point", "coordinates": [381474.52, 3373867.97]}, "properties": {"cell_id": 2782, "max_wse_m": 4180.78}}, {"type": "Feature", "geometry": {"type": "Point", "coordinates": [381514.52, 3373867.97]}, "properties": {"cell_id": 2783, "max_wse_m": 4210.92}}, {"type": "Feature", "geometry": {"type": "Point", "coordinates": [381554.52, 3373867.97]}, "properties": {"cell_id": 2784, "max_wse_m": 4241.33}}, {"type": "Feature", "geometry": {"type": "Point", "coordinates": [381594.52, 3373867.97]}, "properties": {"cell_id": 2785, "max_wse_m": 4274.75}}, {"type": "Feature", "geometry": {"type": "Point", "coordinates": [381634.52, 3373867.97]}, "properties": {"cell_id": 2786, "max_wse_m": 4305.22}}, {"type": "Feature", "geometry": {"type": "Point", "coordinates": [381674.52, 3373867.97]}, "properties": {"cell_id": 2787, "max_wse_m": 4303.3}}, {"type": "Feature", "geometry": {"type": "Point", "coordinates": [381714.52, 3373867.97]}, "properties": {"cell_id": 2788, "max_wse_m": 4277.12}}, {"type": "Feature", "geometry": {"type": "Point", "coordinates": [381754.52, 3373867.97]}, "properties": {"cell_id": 2789, "max_wse_m": 4242.76}}, {"type": "Feature", "geometry": {"type": "Point", "coordinates": [381794.52, 3373867.97]}, "properties": {"cell_id": 2790, "max_wse_m": 4204.88}}, {"type": "Feature", "geometry": {"type": "Point", "coordinates": [381834.52, 3373867.97]}, "properties": {"cell_id": 2791, "max_wse_m": 4160.17}}, {"type": "Feature", "geometry": {"type": "Point", "coordinates": [370794.52, 3373827.97]}, "properties": {"cell_id": 2792, "max_wse_m": 1800.71}}, {"type": "Feature", "geometry": {"type": "Point", "coordinates": [370834.52, 3373827.97]}, "properties": {"cell_id": 2793, "max_wse_m": 1799.92}}, {"type": "Feature", "geometry": {"type": "Point", "coordinates": [370874.52, 3373827.97]}, "properties": {"cell_id": 2794, "max_wse_m": 1801.2}}, {"type": "Feature", "geometry": {"type": "Point", "coordinates": [370914.52, 3373827.97]}, "properties": {"cell_id": 2795, "max_wse_m": 1801.06}}, {"type": "Feature", "geometry": {"type": "Point", "coordinates": [370954.52, 3373827.97]}, "properties": {"cell_id": 2796, "max_wse_m": 1804.87}}, {"type": "Feature", "geometry": {"type": "Point", "coordinates": [370994.52, 3373827.97]}, "properties": {"cell_id": 2797, "max_wse_m": 1804.27}}, {"type": "Feature", "geometry": {"type": "Point", "coordinates": [371034.52, 3373827.97]}, "properties": {"cell_id": 2798, "max_wse_m": 1808.33}}, {"type": "Feature", "geometry": {"type": "Point", "coordinates": [371074.52, 3373827.97]}, "properties": {"cell_id": 2799, "max_wse_m": 1809.91}}, {"type": "Feature", "geometry": {"type": "Point", "coordinates": [371114.52, 3373827.97]}, "properties": {"cell_id": 2800, "max_wse_m": 1807.27}}, {"type": "Feature", "geometry": {"type": "Point", "coordinates": [371154.52, 3373827.97]}, "properties": {"cell_id": 2801, "max_wse_m": 1806.24}}, {"type": "Feature", "geometry": {"type": "Point", "coordinates": [371194.52, 3373827.97]}, "properties": {"cell_id": 2802, "max_wse_m": 1812.56}}, {"type": "Feature", "geometry": {"type": "Point", "coordinates": [371234.52, 3373827.97]}, "properties": {"cell_id": 2803, "max_wse_m": 1809.45}}, {"type": "Feature", "geometry": {"type": "Point", "coordinates": [371274.52, 3373827.97]}, "properties": {"cell_id": 2804, "max_wse_m": 1812.63}}, {"type": "Feature", "geometry": {"type": "Point", "coordinates": [371314.52, 3373827.97]}, "properties": {"cell_id": 2805, "max_wse_m": 1814.37}}, {"type": "Feature", "geometry": {"type": "Point", "coordinates": [371354.52, 3373827.97]}, "properties": {"cell_id": 2806, "max_wse_m": 1815.48}}, {"type": "Feature", "geometry": {"type": "Point", "coordinates": [371394.52, 3373827.97]}, "properties": {"cell_id": 2807, "max_wse_m": 1814.5}}, {"type": "Feature", "geometry": {"type": "Point", "coordinates": [371434.52, 3373827.97]}, "properties": {"cell_id": 2808, "max_wse_m": 1813.16}}, {"type": "Feature", "geometry": {"type": "Point", "coordinates": [371474.52, 3373827.97]}, "properties": {"cell_id": 2809, "max_wse_m": 1814.61}}, {"type": "Feature", "geometry": {"type": "Point", "coordinates": [371514.52, 3373827.97]}, "properties": {"cell_id": 2810, "max_wse_m": 1815.85}}, {"type": "Feature", "geometry": {"type": "Point", "coordinates": [371554.52, 3373827.97]}, "properties": {"cell_id": 2811, "max_wse_m": 1815.88}}, {"type": "Feature", "geometry": {"type": "Point", "coordinates": [371594.52, 3373827.97]}, "properties": {"cell_id": 2812, "max_wse_m": 1816.62}}, {"type": "Feature", "geometry": {"type": "Point", "coordinates": [371634.52, 3373827.97]}, "properties": {"cell_id": 2813, "max_wse_m": 1821.84}}, {"type": "Feature", "geometry": {"type": "Point", "coordinates": [371674.52, 3373827.97]}, "properties": {"cell_id": 2814, "max_wse_m": 1836.54}}, {"type": "Feature", "geometry": {"type": "Point", "coordinates": [371714.52, 3373827.97]}, "properties": {"cell_id": 2815, "max_wse_m": 1842.47}}, {"type": "Feature", "geometry": {"type": "Point", "coordinates": [371754.52, 3373827.97]}, "properties": {"cell_id": 2816, "max_wse_m": 1846.61}}, {"type": "Feature", "geometry": {"type": "Point", "coordinates": [371794.52, 3373827.97]}, "properties": {"cell_id": 2817, "max_wse_m": 1844.11}}, {"type": "Feature", "geometry": {"type": "Point", "coordinates": [371834.52, 3373827.97]}, "properties": {"cell_id": 2818, "max_wse_m": 1823.93}}, {"type": "Feature", "geometry": {"type": "Point", "coordinates": [371874.52, 3373827.97]}, "properties": {"cell_id": 2819, "max_wse_m": 1821.17}}, {"type": "Feature", "geometry": {"type": "Point", "coordinates": [371914.52, 3373827.97]}, "properties": {"cell_id": 2820, "max_wse_m": 1821.03}}, {"type": "Feature", "geometry": {"type": "Point", "coordinates": [371954.52, 3373827.97]}, "properties": {"cell_id": 2821, "max_wse_m": 1822.2}}, {"type": "Feature", "geometry": {"type": "Point", "coordinates": [371994.52, 3373827.97]}, "properties": {"cell_id": 2822, "max_wse_m": 1823.56}}, {"type": "Feature", "geometry": {"type": "Point", "coordinates": [372034.52, 3373827.97]}, "properties": {"cell_id": 2823, "max_wse_m": 1823.74}}, {"type": "Feature", "geometry": {"type": "Point", "coordinates": [372074.52, 3373827.97]}, "properties": {"cell_id": 2824, "max_wse_m": 1823.86}}, {"type": "Feature", "geometry": {"type": "Point", "coordinates": [372114.52, 3373827.97]}, "properties": {"cell_id": 2825, "max_wse_m": 1825.7}}, {"type": "Feature", "geometry": {"type": "Point", "coordinates": [372154.52, 3373827.97]}, "properties": {"cell_id": 2826, "max_wse_m": 1828.18}}, {"type": "Feature", "geometry": {"type": "Point", "coordinates": [372194.52, 3373827.97]}, "properties": {"cell_id": 2827, "max_wse_m": 1833.04}}, {"type": "Feature", "geometry": {"type": "Point", "coordinates": [372234.52, 3373827.97]}, "properties": {"cell_id": 2828, "max_wse_m": 1843.29}}, {"type": "Feature", "geometry": {"type": "Point", "coordinates": [372274.52, 3373827.97]}, "properties": {"cell_id": 2829, "max_wse_m": 1859.22}}, {"type": "Feature", "geometry": {"type": "Point", "coordinates": [372314.52, 3373827.97]}, "properties": {"cell_id": 2830, "max_wse_m": 1871.18}}, {"type": "Feature", "geometry": {"type": "Point", "coordinates": [372354.52, 3373827.97]}, "properties": {"cell_id": 2831, "max_wse_m": 1903.3}}, {"type": "Feature", "geometry": {"type": "Point", "coordinates": [372394.52, 3373827.97]}, "properties": {"cell_id": 2832, "max_wse_m": 1918.85}}, {"type": "Feature", "geometry": {"type": "Point", "coordinates": [372434.52, 3373827.97]}, "properties": {"cell_id": 2833, "max_wse_m": 1918.82}}, {"type": "Feature", "geometry": {"type": "Point", "coordinates": [372474.52, 3373827.97]}, "properties": {"cell_id": 2834, "max_wse_m": 1930.55}}, {"type": "Feature", "geometry": {"type": "Point", "coordinates": [372514.52, 3373827.97]}, "properties": {"cell_id": 2835, "max_wse_m": 1942.57}}, {"type": "Feature", "geometry": {"type": "Point", "coordinates": [372554.52, 3373827.97]}, "properties": {"cell_id": 2836, "max_wse_m": 1951.57}}, {"type": "Feature", "geometry": {"type": "Point", "coordinates": [372594.52, 3373827.97]}, "properties": {"cell_id": 2837, "max_wse_m": 1953.23}}, {"type": "Feature", "geometry": {"type": "Point", "coordinates": [372634.52, 3373827.97]}, "properties": {"cell_id": 2838, "max_wse_m": 1953.94}}, {"type": "Feature", "geometry": {"type": "Point", "coordinates": [372674.52, 3373827.97]}, "properties": {"cell_id": 2839, "max_wse_m": 1938.69}}, {"type": "Feature", "geometry": {"type": "Point", "coordinates": [372714.52, 3373827.97]}, "properties": {"cell_id": 2840, "max_wse_m": 1917.98}}, {"type": "Feature", "geometry": {"type": "Point", "coordinates": [372754.52, 3373827.97]}, "properties": {"cell_id": 2841, "max_wse_m": 1911.67}}, {"type": "Feature", "geometry": {"type": "Point", "coordinates": [372794.52, 3373827.97]}, "properties": {"cell_id": 2842, "max_wse_m": 1921.55}}, {"type": "Feature", "geometry": {"type": "Point", "coordinates": [372834.52, 3373827.97]}, "properties": {"cell_id": 2843, "max_wse_m": 1940.29}}, {"type": "Feature", "geometry": {"type": "Point", "coordinates": [372874.52, 3373827.97]}, "properties": {"cell_id": 2844, "max_wse_m": 1925.36}}, {"type": "Feature", "geometry": {"type": "Point", "coordinates": [372914.52, 3373827.97]}, "properties": {"cell_id": 2845, "max_wse_m": 1911.49}}, {"type": "Feature", "geometry": {"type": "Point", "coordinates": [372954.52, 3373827.97]}, "properties": {"cell_id": 2846, "max_wse_m": 1905.27}}, {"type": "Feature", "geometry": {"type": "Point", "coordinates": [372994.52, 3373827.97]}, "properties": {"cell_id": 2847, "max_wse_m": 1915.76}}, {"type": "Feature", "geometry": {"type": "Point", "coordinates": [373034.52, 3373827.97]}, "properties": {"cell_id": 2848, "max_wse_m": 1927.12}}, {"type": "Feature", "geometry": {"type": "Point", "coordinates": [373074.52, 3373827.97]}, "properties": {"cell_id": 2849, "max_wse_m": 1932.8}}, {"type": "Feature", "geometry": {"type": "Point", "coordinates": [373114.52, 3373827.97]}, "properties": {"cell_id": 2850, "max_wse_m": 1932.44}}, {"type": "Feature", "geometry": {"type": "Point", "coordinates": [373154.52, 3373827.97]}, "properties": {"cell_id": 2851, "max_wse_m": 1941.93}}, {"type": "Feature", "geometry": {"type": "Point", "coordinates": [373194.52, 3373827.97]}, "properties": {"cell_id": 2852, "max_wse_m": 1970.88}}, {"type": "Feature", "geometry": {"type": "Point", "coordinates": [373234.52, 3373827.97]}, "properties": {"cell_id": 2853, "max_wse_m": 1998.19}}, {"type": "Feature", "geometry": {"type": "Point", "coordinates": [373274.52, 3373827.97]}, "properties": {"cell_id": 2854, "max_wse_m": 2028.63}}, {"type": "Feature", "geometry": {"type": "Point", "coordinates": [373314.52, 3373827.97]}, "properties": {"cell_id": 2855, "max_wse_m": 2055.12}}, {"type": "Feature", "geometry": {"type": "Point", "coordinates": [373354.52, 3373827.97]}, "properties": {"cell_id": 2856, "max_wse_m": 2061.03}}, {"type": "Feature", "geometry": {"type": "Point", "coordinates": [373394.52, 3373827.97]}, "properties": {"cell_id": 2857, "max_wse_m": 2100.91}}, {"type": "Feature", "geometry": {"type": "Point", "coordinates": [373434.52, 3373827.97]}, "properties": {"cell_id": 2858, "max_wse_m": 2126.46}}, {"type": "Feature", "geometry": {"type": "Point", "coordinates": [373474.52, 3373827.97]}, "properties": {"cell_id": 2859, "max_wse_m": 2123.92}}, {"type": "Feature", "geometry": {"type": "Point", "coordinates": [373514.52, 3373827.97]}, "properties": {"cell_id": 2860, "max_wse_m": 2124.13}}, {"type": "Feature", "geometry": {"type": "Point", "coordinates": [373554.52, 3373827.97]}, "properties": {"cell_id": 2861, "max_wse_m": 2112.77}}, {"type": "Feature", "geometry": {"type": "Point", "coordinates": [373594.52, 3373827.97]}, "properties": {"cell_id": 2862, "max_wse_m": 2085.3}}, {"type": "Feature", "geometry": {"type": "Point", "coordinates": [373634.52, 3373827.97]}, "properties": {"cell_id": 2863, "max_wse_m": 2068.87}}, {"type": "Feature", "geometry": {"type": "Point", "coordinates": [373674.52, 3373827.97]}, "properties": {"cell_id": 2864, "max_wse_m": 2068.88}}, {"type": "Feature", "geometry": {"type": "Point", "coordinates": [373714.52, 3373827.97]}, "properties": {"cell_id": 2865, "max_wse_m": 2070.46}}, {"type": "Feature", "geometry": {"type": "Point", "coordinates": [373754.52, 3373827.97]}, "properties": {"cell_id": 2866, "max_wse_m": 2068.75}}, {"type": "Feature", "geometry": {"type": "Point", "coordinates": [373794.52, 3373827.97]}, "properties": {"cell_id": 2867, "max_wse_m": 2058.2}}, {"type": "Feature", "geometry": {"type": "Point", "coordinates": [373834.52, 3373827.97]}, "properties": {"cell_id": 2868, "max_wse_m": 2038.31}}, {"type": "Feature", "geometry": {"type": "Point", "coordinates": [373874.52, 3373827.97]}, "properties": {"cell_id": 2869, "max_wse_m": 2033.69}}, {"type": "Feature", "geometry": {"type": "Point", "coordinates": [373914.52, 3373827.97]}, "properties": {"cell_id": 2870, "max_wse_m": 2046.9}}, {"type": "Feature", "geometry": {"type": "Point", "coordinates": [373954.52, 3373827.97]}, "properties": {"cell_id": 2871, "max_wse_m": 2049.2}}, {"type": "Feature", "geometry": {"type": "Point", "coordinates": [373994.52, 3373827.97]}, "properties": {"cell_id": 2872, "max_wse_m": 2062.69}}, {"type": "Feature", "geometry": {"type": "Point", "coordinates": [374034.52, 3373827.97]}, "properties": {"cell_id": 2873, "max_wse_m": 2062.62}}, {"type": "Feature", "geometry": {"type": "Point", "coordinates": [374074.52, 3373827.97]}, "properties": {"cell_id": 2874, "max_wse_m": 2083.67}}, {"type": "Feature", "geometry": {"type": "Point", "coordinates": [374114.52, 3373827.97]}, "properties": {"cell_id": 2875, "max_wse_m": 2098.12}}, {"type": "Feature", "geometry": {"type": "Point", "coordinates": [374154.52, 3373827.97]}, "properties": {"cell_id": 2876, "max_wse_m": 2088.66}}, {"type": "Feature", "geometry": {"type": "Point", "coordinates": [374194.52, 3373827.97]}, "properties": {"cell_id": 2877, "max_wse_m": 2080.58}}, {"type": "Feature", "geometry": {"type": "Point", "coordinates": [374234.52, 3373827.97]}, "properties": {"cell_id": 2878, "max_wse_m": 2069.35}}, {"type": "Feature", "geometry": {"type": "Point", "coordinates": [374274.52, 3373827.97]}, "properties": {"cell_id": 2879, "max_wse_m": 2053.66}}, {"type": "Feature", "geometry": {"type": "Point", "coordinates": [374314.52, 3373827.97]}, "properties": {"cell_id": 2880, "max_wse_m": 2043.95}}, {"type": "Feature", "geometry": {"type": "Point", "coordinates": [374354.52, 3373827.97]}, "properties": {"cell_id": 2881, "max_wse_m": 2035.18}}, {"type": "Feature", "geometry": {"type": "Point", "coordinates": [374394.52, 3373827.97]}, "properties": {"cell_id": 2882, "max_wse_m": 2023.84}}, {"type": "Feature", "geometry": {"type": "Point", "coordinates": [374434.52, 3373827.97]}, "properties": {"cell_id": 2883, "max_wse_m": 2007.91}}, {"type": "Feature", "geometry": {"type": "Point", "coordinates": [374474.52, 3373827.97]}, "properties": {"cell_id": 2884, "max_wse_m": 1986.78}}, {"type": "Feature", "geometry": {"type": "Point", "coordinates": [374514.52, 3373827.97]}, "properties": {"cell_id": 2885, "max_wse_m": 1938.91}}, {"type": "Feature", "geometry": {"type": "Point", "coordinates": [374554.52, 3373827.97]}, "properties": {"cell_id": 2886, "max_wse_m": 1914.91}}, {"type": "Feature", "geometry": {"type": "Point", "coordinates": [374594.52, 3373827.97]}, "properties": {"cell_id": 2887, "max_wse_m": 1912.17}}, {"type": "Feature", "geometry": {"type": "Point", "coordinates": [374634.52, 3373827.97]}, "properties": {"cell_id": 2888, "max_wse_m": 1912.81}}, {"type": "Feature", "geometry": {"type": "Point", "coordinates": [374674.52, 3373827.97]}, "properties": {"cell_id": 2889, "max_wse_m": 1915.85}}, {"type": "Feature", "geometry": {"type": "Point", "coordinates": [374714.52, 3373827.97]}, "properties": {"cell_id": 2890, "max_wse_m": 1933.68}}, {"type": "Feature", "geometry": {"type": "Point", "coordinates": [374754.52, 3373827.97]}, "properties": {"cell_id": 2891, "max_wse_m": 1983.82}}, {"type": "Feature", "geometry": {"type": "Point", "coordinates": [374794.52, 3373827.97]}, "properties": {"cell_id": 2892, "max_wse_m": 2054.08}}, {"type": "Feature", "geometry": {"type": "Point", "coordinates": [374834.52, 3373827.97]}, "properties": {"cell_id": 2893, "max_wse_m": 2101.62}}, {"type": "Feature", "geometry": {"type": "Point", "coordinates": [374874.52, 3373827.97]}, "properties": {"cell_id": 2894, "max_wse_m": 2130.59}}, {"type": "Feature", "geometry": {"type": "Point", "coordinates": [374914.52, 3373827.97]}, "properties": {"cell_id": 2895, "max_wse_m": 2140.28}}, {"type": "Feature", "geometry": {"type": "Point", "coordinates": [374954.52, 3373827.97]}, "properties": {"cell_id": 2896, "max_wse_m": 2231.12}}, {"type": "Feature", "geometry": {"type": "Point", "coordinates": [378834.52, 3373827.97]}, "properties": {"cell_id": 2897, "max_wse_m": 3139.3}}, {"type": "Feature", "geometry": {"type": "Point", "coordinates": [378874.52, 3373827.97]}, "properties": {"cell_id": 2898, "max_wse_m": 3138.32}}, {"type": "Feature", "geometry": {"type": "Point", "coordinates": [378914.52, 3373827.97]}, "properties": {"cell_id": 2899, "max_wse_m": 3160.63}}, {"type": "Feature", "geometry": {"type": "Point", "coordinates": [378954.52, 3373827.97]}, "properties": {"cell_id": 2900, "max_wse_m": 3189.84}}, {"type": "Feature", "geometry": {"type": "Point", "coordinates": [378994.52, 3373827.97]}, "properties": {"cell_id": 2901, "max_wse_m": 3191.57}}, {"type": "Feature", "geometry": {"type": "Point", "coordinates": [379034.52, 3373827.97]}, "properties": {"cell_id": 2902, "max_wse_m": 3209.68}}, {"type": "Feature", "geometry": {"type": "Point", "coordinates": [379074.52, 3373827.97]}, "properties": {"cell_id": 2903, "max_wse_m": 3239.9}}, {"type": "Feature", "geometry": {"type": "Point", "coordinates": [379114.52, 3373827.97]}, "properties": {"cell_id": 2904, "max_wse_m": 3252.25}}, {"type": "Feature", "geometry": {"type": "Point", "coordinates": [379154.52, 3373827.97]}, "properties": {"cell_id": 2905, "max_wse_m": 3269.79}}, {"type": "Feature", "geometry": {"type": "Point", "coordinates": [379194.52, 3373827.97]}, "properties": {"cell_id": 2906, "max_wse_m": 3275.64}}, {"type": "Feature", "geometry": {"type": "Point", "coordinates": [379234.52, 3373827.97]}, "properties": {"cell_id": 2907, "max_wse_m": 3292.68}}, {"type": "Feature", "geometry": {"type": "Point", "coordinates": [379274.52, 3373827.97]}, "properties": {"cell_id": 2908, "max_wse_m": 3301.51}}, {"type": "Feature", "geometry": {"type": "Point", "coordinates": [379314.52, 3373827.97]}, "properties": {"cell_id": 2909, "max_wse_m": 3319.31}}, {"type": "Feature", "geometry": {"type": "Point", "coordinates": [379354.52, 3373827.97]}, "properties": {"cell_id": 2910, "max_wse_m": 3338.48}}, {"type": "Feature", "geometry": {"type": "Point", "coordinates": [379394.52, 3373827.97]}, "properties": {"cell_id": 2911, "max_wse_m": 3362.69}}, {"type": "Feature", "geometry": {"type": "Point", "coordinates": [379434.52, 3373827.97]}, "properties": {"cell_id": 2912, "max_wse_m": 3365.73}}, {"type": "Feature", "geometry": {"type": "Point", "coordinates": [379474.52, 3373827.97]}, "properties": {"cell_id": 2913, "max_wse_m": 3370.99}}, {"type": "Feature", "geometry": {"type": "Point", "coordinates": [379514.52, 3373827.97]}, "properties": {"cell_id": 2914, "max_wse_m": 3381.23}}, {"type": "Feature", "geometry": {"type": "Point", "coordinates": [379554.52, 3373827.97]}, "properties": {"cell_id": 2915, "max_wse_m": 3395.71}}, {"type": "Feature", "geometry": {"type": "Point", "coordinates": [379594.52, 3373827.97]}, "properties": {"cell_id": 2916, "max_wse_m": 3426.79}}, {"type": "Feature", "geometry": {"type": "Point", "coordinates": [379634.52, 3373827.97]}, "properties": {"cell_id": 2917, "max_wse_m": 3463.18}}, {"type": "Feature", "geometry": {"type": "Point", "coordinates": [379674.52, 3373827.97]}, "properties": {"cell_id": 2918, "max_wse_m": 3500.03}}, {"type": "Feature", "geometry": {"type": "Point", "coordinates": [379714.52, 3373827.97]}, "properties": {"cell_id": 2919, "max_wse_m": 3544.22}}, {"type": "Feature", "geometry": {"type": "Point", "coordinates": [379754.52, 3373827.97]}, "properties": {"cell_id": 2920, "max_wse_m": 3561.89}}, {"type": "Feature", "geometry": {"type": "Point", "coordinates": [379794.52, 3373827.97]}, "properties": {"cell_id": 2921, "max_wse_m": 3589.83}}, {"type": "Feature", "geometry": {"type": "Point", "coordinates": [379834.52, 3373827.97]}, "properties": {"cell_id": 2922, "max_wse_m": 3643.67}}, {"type": "Feature", "geometry": {"type": "Point", "coordinates": [379874.52, 3373827.97]}, "properties": {"cell_id": 2923, "max_wse_m": 3656.78}}, {"type": "Feature", "geometry": {"type": "Point", "coordinates": [379914.52, 3373827.97]}, "properties": {"cell_id": 2924, "max_wse_m": 3661.33}}, {"type": "Feature", "geometry": {"type": "Point", "coordinates": [379954.52, 3373827.97]}, "properties": {"cell_id": 2925, "max_wse_m": 3672.93}}, {"type": "Feature", "geometry": {"type": "Point", "coordinates": [379994.52, 3373827.97]}, "properties": {"cell_id": 2926, "max_wse_m": 3684.29}}, {"type": "Feature", "geometry": {"type": "Point", "coordinates": [380034.52, 3373827.97]}, "properties": {"cell_id": 2927, "max_wse_m": 3703.34}}, {"type": "Feature", "geometry": {"type": "Point", "coordinates": [380074.52, 3373827.97]}, "properties": {"cell_id": 2928, "max_wse_m": 3729.87}}, {"type": "Feature", "geometry": {"type": "Point", "coordinates": [380114.52, 3373827.97]}, "properties": {"cell_id": 2929, "max_wse_m": 3755.73}}, {"type": "Feature", "geometry": {"type": "Point", "coordinates": [380154.52, 3373827.97]}, "properties": {"cell_id": 2930, "max_wse_m": 3781.02}}, {"type": "Feature", "geometry": {"type": "Point", "coordinates": [380194.52, 3373827.97]}, "properties": {"cell_id": 2931, "max_wse_m": 3796.21}}, {"type": "Feature", "geometry": {"type": "Point", "coordinates": [380234.52, 3373827.97]}, "properties": {"cell_id": 2932, "max_wse_m": 3807.3}}, {"type": "Feature", "geometry": {"type": "Point", "coordinates": [380274.52, 3373827.97]}, "properties": {"cell_id": 2933, "max_wse_m": 3817.49}}, {"type": "Feature", "geometry": {"type": "Point", "coordinates": [380314.52, 3373827.97]}, "properties": {"cell_id": 2934, "max_wse_m": 3826.13}}, {"type": "Feature", "geometry": {"type": "Point", "coordinates": [380354.52, 3373827.97]}, "properties": {"cell_id": 2935, "max_wse_m": 3828.71}}, {"type": "Feature", "geometry": {"type": "Point", "coordinates": [380394.52, 3373827.97]}, "properties": {"cell_id": 2936, "max_wse_m": 3831.44}}, {"type": "Feature", "geometry": {"type": "Point", "coordinates": [380434.52, 3373827.97]}, "properties": {"cell_id": 2937, "max_wse_m": 3836.05}}, {"type": "Feature", "geometry": {"type": "Point", "coordinates": [380474.52, 3373827.97]}, "properties": {"cell_id": 2938, "max_wse_m": 3803.92}}, {"type": "Feature", "geometry": {"type": "Point", "coordinates": [380514.52, 3373827.97]}, "properties": {"cell_id": 2939, "max_wse_m": 3775.68}}, {"type": "Feature", "geometry": {"type": "Point", "coordinates": [380554.52, 3373827.97]}, "properties": {"cell_id": 2940, "max_wse_m": 3744.91}}, {"type": "Feature", "geometry": {"type": "Point", "coordinates": [380594.52, 3373827.97]}, "properties": {"cell_id": 2941, "max_wse_m": 3738.0}}, {"type": "Feature", "geometry": {"type": "Point", "coordinates": [380634.52, 3373827.97]}, "properties": {"cell_id": 2942, "max_wse_m": 3738.23}}, {"type": "Feature", "geometry": {"type": "Point", "coordinates": [380674.52, 3373827.97]}, "properties": {"cell_id": 2943, "max_wse_m": 3742.01}}, {"type": "Feature", "geometry": {"type": "Point", "coordinates": [380714.52, 3373827.97]}, "properties": {"cell_id": 2944, "max_wse_m": 3763.76}}, {"type": "Feature", "geometry": {"type": "Point", "coordinates": [380754.52, 3373827.97]}, "properties": {"cell_id": 2945, "max_wse_m": 3791.0}}, {"type": "Feature", "geometry": {"type": "Point", "coordinates": [380794.52, 3373827.97]}, "properties": {"cell_id": 2946, "max_wse_m": 3847.15}}, {"type": "Feature", "geometry": {"type": "Point", "coordinates": [380834.52, 3373827.97]}, "properties": {"cell_id": 2947, "max_wse_m": 3897.81}}, {"type": "Feature", "geometry": {"type": "Point", "coordinates": [380874.52, 3373827.97]}, "properties": {"cell_id": 2948, "max_wse_m": 3933.52}}, {"type": "Feature", "geometry": {"type": "Point", "coordinates": [380914.52, 3373827.97]}, "properties": {"cell_id": 2949, "max_wse_m": 3958.94}}, {"type": "Feature", "geometry": {"type": "Point", "coordinates": [380954.52, 3373827.97]}, "properties": {"cell_id": 2950, "max_wse_m": 4000.52}}, {"type": "Feature", "geometry": {"type": "Point", "coordinates": [380994.52, 3373827.97]}, "properties": {"cell_id": 2951, "max_wse_m": 3999.18}}, {"type": "Feature", "geometry": {"type": "Point", "coordinates": [381034.52, 3373827.97]}, "properties": {"cell_id": 2952, "max_wse_m": 3979.44}}, {"type": "Feature", "geometry": {"type": "Point", "coordinates": [381074.52, 3373827.97]}, "properties": {"cell_id": 2953, "max_wse_m": 3983.24}}, {"type": "Feature", "geometry": {"type": "Point", "coordinates": [381114.52, 3373827.97]}, "properties": {"cell_id": 2954, "max_wse_m": 4009.82}}, {"type": "Feature", "geometry": {"type": "Point", "coordinates": [381154.52, 3373827.97]}, "properties": {"cell_id": 2955, "max_wse_m": 4046.96}}, {"type": "Feature", "geometry": {"type": "Point", "coordinates": [381194.52, 3373827.97]}, "properties": {"cell_id": 2956, "max_wse_m": 4079.74}}, {"type": "Feature", "geometry": {"type": "Point", "coordinates": [381234.52, 3373827.97]}, "properties": {"cell_id": 2957, "max_wse_m": 4131.77}}, {"type": "Feature", "geometry": {"type": "Point", "coordinates": [381274.52, 3373827.97]}, "properties": {"cell_id": 2958, "max_wse_m": 4131.64}}, {"type": "Feature", "geometry": {"type": "Point", "coordinates": [381314.52, 3373827.97]}, "properties": {"cell_id": 2959, "max_wse_m": 4120.64}}, {"type": "Feature", "geometry": {"type": "Point", "coordinates": [381354.52, 3373827.97]}, "properties": {"cell_id": 2960, "max_wse_m": 4121.63}}, {"type": "Feature", "geometry": {"type": "Point", "coordinates": [381394.52, 3373827.97]}, "properties": {"cell_id": 2961, "max_wse_m": 4127.89}}, {"type": "Feature", "geometry": {"type": "Point", "coordinates": [381434.52, 3373827.97]}, "properties": {"cell_id": 2962, "max_wse_m": 4139.09}}, {"type": "Feature", "geometry": {"type": "Point", "coordinates": [381474.52, 3373827.97]}, "properties": {"cell_id": 2963, "max_wse_m": 4171.11}}, {"type": "Feature", "geometry": {"type": "Point", "coordinates": [381514.52, 3373827.97]}, "properties": {"cell_id": 2964, "max_wse_m": 4217.98}}, {"type": "Feature", "geometry": {"type": "Point", "coordinates": [381554.52, 3373827.97]}, "properties": {"cell_id": 2965, "max_wse_m": 4246.26}}, {"type": "Feature", "geometry": {"type": "Point", "coordinates": [381594.52, 3373827.97]}, "properties": {"cell_id": 2966, "max_wse_m": 4275.92}}, {"type": "Feature", "geometry": {"type": "Point", "coordinates": [381634.52, 3373827.97]}, "properties": {"cell_id": 2967, "max_wse_m": 4315.52}}, {"type": "Feature", "geometry": {"type": "Point", "coordinates": [381674.52, 3373827.97]}, "properties": {"cell_id": 2968, "max_wse_m": 4299.45}}, {"type": "Feature", "geometry": {"type": "Point", "coordinates": [381714.52, 3373827.97]}, "properties": {"cell_id": 2969, "max_wse_m": 4273.4}}, {"type": "Feature", "geometry": {"type": "Point", "coordinates": [381754.52, 3373827.97]}, "properties": {"cell_id": 2970, "max_wse_m": 4221.11}}, {"type": "Feature", "geometry": {"type": "Point", "coordinates": [381794.52, 3373827.97]}, "properties": {"cell_id": 2971, "max_wse_m": 4168.13}}, {"type": "Feature", "geometry": {"type": "Point", "coordinates": [381834.52, 3373827.97]}, "properties": {"cell_id": 2972, "max_wse_m": 4141.97}}, {"type": "Feature", "geometry": {"type": "Point", "coordinates": [371074.52, 3373787.97]}, "properties": {"cell_id": 2973, "max_wse_m": 1815.92}}, {"type": "Feature", "geometry": {"type": "Point", "coordinates": [371114.52, 3373787.97]}, "properties": {"cell_id": 2974, "max_wse_m": 1814.21}}, {"type": "Feature", "geometry": {"type": "Point", "coordinates": [371154.52, 3373787.97]}, "properties": {"cell_id": 2975, "max_wse_m": 1818.85}}, {"type": "Feature", "geometry": {"type": "Point", "coordinates": [371194.52, 3373787.97]}, "properties": {"cell_id": 2976, "max_wse_m": 1819.48}}, {"type": "Feature", "geometry": {"type": "Point", "coordinates": [371234.52, 3373787.97]}, "properties": {"cell_id": 2977, "max_wse_m": 1821.11}}, {"type": "Feature", "geometry": {"type": "Point", "coordinates": [371274.52, 3373787.97]}, "properties": {"cell_id": 2978, "max_wse_m": 1815.49}}, {"type": "Feature", "geometry": {"type": "Point", "coordinates": [371314.52, 3373787.97]}, "properties": {"cell_id": 2979, "max_wse_m": 1814.27}}, {"type": "Feature", "geometry": {"type": "Point", "coordinates": [371354.52, 3373787.97]}, "properties": {"cell_id": 2980, "max_wse_m": 1813.64}}, {"type": "Feature", "geometry": {"type": "Point", "coordinates": [371394.52, 3373787.97]}, "properties": {"cell_id": 2981, "max_wse_m": 1814.04}}, {"type": "Feature", "geometry": {"type": "Point", "coordinates": [371434.52, 3373787.97]}, "properties": {"cell_id": 2982, "max_wse_m": 1812.98}}, {"type": "Feature", "geometry": {"type": "Point", "coordinates": [371474.52, 3373787.97]}, "properties": {"cell_id": 2983, "max_wse_m": 1814.88}}, {"type": "Feature", "geometry": {"type": "Point", "coordinates": [371514.52, 3373787.97]}, "properties": {"cell_id": 2984, "max_wse_m": 1816.23}}, {"type": "Feature", "geometry": {"type": "Point", "coordinates": [371554.52, 3373787.97]}, "properties": {"cell_id": 2985, "max_wse_m": 1816.27}}, {"type": "Feature", "geometry": {"type": "Point", "coordinates": [371594.52, 3373787.97]}, "properties": {"cell_id": 2986, "max_wse_m": 1816.65}}, {"type": "Feature", "geometry": {"type": "Point", "coordinates": [371634.52, 3373787.97]}, "properties": {"cell_id": 2987, "max_wse_m": 1815.66}}, {"type": "Feature", "geometry": {"type": "Point", "coordinates": [371674.52, 3373787.97]}, "properties": {"cell_id": 2988, "max_wse_m": 1816.01}}, {"type": "Feature", "geometry": {"type": "Point", "coordinates": [371714.52, 3373787.97]}, "properties": {"cell_id": 2989, "max_wse_m": 1820.19}}, {"type": "Feature", "geometry": {"type": "Point", "coordinates": [371754.52, 3373787.97]}, "properties": {"cell_id": 2990, "max_wse_m": 1826.56}}, {"type": "Feature", "geometry": {"type": "Point", "coordinates": [371794.52, 3373787.97]}, "properties": {"cell_id": 2991, "max_wse_m": 1822.36}}, {"type": "Feature", "geometry": {"type": "Point", "coordinates": [371834.52, 3373787.97]}, "properties": {"cell_id": 2992, "max_wse_m": 1820.67}}, {"type": "Feature", "geometry": {"type": "Point", "coordinates": [371874.52, 3373787.97]}, "properties": {"cell_id": 2993, "max_wse_m": 1820.28}}, {"type": "Feature", "geometry": {"type": "Point", "coordinates": [371914.52, 3373787.97]}, "properties": {"cell_id": 2994, "max_wse_m": 1821.38}}, {"type": "Feature", "geometry": {"type": "Point", "coordinates": [372074.52, 3373787.97]}, "properties": {"cell_id": 2995, "max_wse_m": 1828.22}}, {"type": "Feature", "geometry": {"type": "Point", "coordinates": [372114.52, 3373787.97]}, "properties": {"cell_id": 2996, "max_wse_m": 1826.09}}, {"type": "Feature", "geometry": {"type": "Point", "coordinates": [372154.52, 3373787.97]}, "properties": {"cell_id": 2997, "max_wse_m": 1826.18}}, {"type": "Feature", "geometry": {"type": "Point", "coordinates": [372194.52, 3373787.97]}, "properties": {"cell_id": 2998, "max_wse_m": 1827.37}}, {"type": "Feature", "geometry": {"type": "Point", "coordinates": [372234.52, 3373787.97]}, "properties": {"cell_id": 2999, "max_wse_m": 1828.69}}, {"type": "Feature", "geometry": {"type": "Point", "coordinates": [372274.52, 3373787.97]}, "properties": {"cell_id": 3000, "max_wse_m": 1830.82}}, {"type": "Feature", "geometry": {"type": "Point", "coordinates": [372314.52, 3373787.97]}, "properties": {"cell_id": 3001, "max_wse_m": 1836.27}}, {"type": "Feature", "geometry": {"type": "Point", "coordinates": [372354.52, 3373787.97]}, "properties": {"cell_id": 3002, "max_wse_m": 1856.76}}, {"type": "Feature", "geometry": {"type": "Point", "coordinates": [372394.52, 3373787.97]}, "properties": {"cell_id": 3003, "max_wse_m": 1878.32}}, {"type": "Feature", "geometry": {"type": "Point", "coordinates": [372434.52, 3373787.97]}, "properties": {"cell_id": 3004, "max_wse_m": 1887.76}}, {"type": "Feature", "geometry": {"type": "Point", "coordinates": [372474.52, 3373787.97]}, "properties": {"cell_id": 3005, "max_wse_m": 1899.52}}, {"type": "Feature", "geometry": {"type": "Point", "coordinates": [372514.52, 3373787.97]}, "properties": {"cell_id": 3006, "max_wse_m": 1918.14}}, {"type": "Feature", "geometry": {"type": "Point", "coordinates": [372554.52, 3373787.97]}, "properties": {"cell_id": 3007, "max_wse_m": 1926.84}}, {"type": "Feature", "geometry": {"type": "Point", "coordinates": [372594.52, 3373787.97]}, "properties": {"cell_id": 3008, "max_wse_m": 1925.41}}, {"type": "Feature", "geometry": {"type": "Point", "coordinates": [372634.52, 3373787.97]}, "properties": {"cell_id": 3009, "max_wse_m": 1920.4}}, {"type": "Feature", "geometry": {"type": "Point", "coordinates": [372674.52, 3373787.97]}, "properties": {"cell_id": 3010, "max_wse_m": 1912.74}}, {"type": "Feature", "geometry": {"type": "Point", "coordinates": [372714.52, 3373787.97]}, "properties": {"cell_id": 3011, "max_wse_m": 1898.01}}, {"type": "Feature", "geometry": {"type": "Point", "coordinates": [372754.52, 3373787.97]}, "properties": {"cell_id": 3012, "max_wse_m": 1892.2}}, {"type": "Feature", "geometry": {"type": "Point", "coordinates": [372794.52, 3373787.97]}, "properties": {"cell_id": 3013, "max_wse_m": 1902.1}}, {"type": "Feature", "geometry": {"type": "Point", "coordinates": [372834.52, 3373787.97]}, "properties": {"cell_id": 3014, "max_wse_m": 1912.61}}, {"type": "Feature", "geometry": {"type": "Point", "coordinates": [372874.52, 3373787.97]}, "properties": {"cell_id": 3015, "max_wse_m": 1904.14}}, {"type": "Feature", "geometry": {"type": "Point", "coordinates": [372914.52, 3373787.97]}, "properties": {"cell_id": 3016, "max_wse_m": 1889.14}}, {"type": "Feature", "geometry": {"type": "Point", "coordinates": [372954.52, 3373787.97]}, "properties": {"cell_id": 3017, "max_wse_m": 1886.42}}, {"type": "Feature", "geometry": {"type": "Point", "coordinates": [372994.52, 3373787.97]}, "properties": {"cell_id": 3018, "max_wse_m": 1882.53}}, {"type": "Feature", "geometry": {"type": "Point", "coordinates": [373034.52, 3373787.97]}, "properties": {"cell_id": 3019, "max_wse_m": 1884.85}}, {"type": "Feature", "geometry": {"type": "Point", "coordinates": [373074.52, 3373787.97]}, "properties": {"cell_id": 3020, "max_wse_m": 1889.68}}, {"type": "Feature", "geometry": {"type": "Point", "coordinates": [373114.52, 3373787.97]}, "properties": {"cell_id": 3021, "max_wse_m": 1889.64}}, {"type": "Feature", "geometry": {"type": "Point", "coordinates": [373154.52, 3373787.97]}, "properties": {"cell_id": 3022, "max_wse_m": 1905.21}}, {"type": "Feature", "geometry": {"type": "Point", "coordinates": [373194.52, 3373787.97]}, "properties": {"cell_id": 3023, "max_wse_m": 1939.01}}, {"type": "Feature", "geometry": {"type": "Point", "coordinates": [373234.52, 3373787.97]}, "properties": {"cell_id": 3024, "max_wse_m": 1974.19}}, {"type": "Feature", "geometry": {"type": "Point", "coordinates": [373274.52, 3373787.97]}, "properties": {"cell_id": 3025, "max_wse_m": 2000.49}}, {"type": "Feature", "geometry": {"type": "Point", "coordinates": [373314.52, 3373787.97]}, "properties": {"cell_id": 3026, "max_wse_m": 2014.51}}, {"type": "Feature", "geometry": {"type": "Point", "coordinates": [373354.52, 3373787.97]}, "properties": {"cell_id": 3027, "max_wse_m": 2026.58}}, {"type": "Feature", "geometry": {"type": "Point", "coordinates": [373394.52, 3373787.97]}, "properties": {"cell_id": 3028, "max_wse_m": 2069.59}}, {"type": "Feature", "geometry": {"type": "Point", "coordinates": [373434.52, 3373787.97]}, "properties": {"cell_id": 3029, "max_wse_m": 2053.82}}, {"type": "Feature", "geometry": {"type": "Point", "coordinates": [373474.52, 3373787.97]}, "properties": {"cell_id": 3030, "max_wse_m": 2063.54}}, {"type": "Feature", "geometry": {"type": "Point", "coordinates": [373514.52, 3373787.97]}, "properties": {"cell_id": 3031, "max_wse_m": 2074.06}}, {"type": "Feature", "geometry": {"type": "Point", "coordinates": [373554.52, 3373787.97]}, "properties": {"cell_id": 3032, "max_wse_m": 2073.74}}, {"type": "Feature", "geometry": {"type": "Point", "coordinates": [373594.52, 3373787.97]}, "properties": {"cell_id": 3033, "max_wse_m": 2051.83}}, {"type": "Feature", "geometry": {"type": "Point", "coordinates": [373634.52, 3373787.97]}, "properties": {"cell_id": 3034, "max_wse_m": 2031.59}}, {"type": "Feature", "geometry": {"type": "Point", "coordinates": [373674.52, 3373787.97]}, "properties": {"cell_id": 3035, "max_wse_m": 2031.59}}, {"type": "Feature", "geometry": {"type": "Point", "coordinates": [373714.52, 3373787.97]}, "properties": {"cell_id": 3036, "max_wse_m": 2026.59}}, {"type": "Feature", "geometry": {"type": "Point", "coordinates": [373754.52, 3373787.97]}, "properties": {"cell_id": 3037, "max_wse_m": 2027.13}}, {"type": "Feature", "geometry": {"type": "Point", "coordinates": [373794.52, 3373787.97]}, "properties": {"cell_id": 3038, "max_wse_m": 2023.32}}, {"type": "Feature", "geometry": {"type": "Point", "coordinates": [373834.52, 3373787.97]}, "properties": {"cell_id": 3039, "max_wse_m": 2001.63}}, {"type": "Feature", "geometry": {"type": "Point", "coordinates": [373874.52, 3373787.97]}, "properties": {"cell_id": 3040, "max_wse_m": 2001.38}}, {"type": "Feature", "geometry": {"type": "Point", "coordinates": [373914.52, 3373787.97]}, "properties": {"cell_id": 3041, "max_wse_m": 2011.87}}, {"type": "Feature", "geometry": {"type": "Point", "coordinates": [373954.52, 3373787.97]}, "properties": {"cell_id": 3042, "max_wse_m": 2011.83}}, {"type": "Feature", "geometry": {"type": "Point", "coordinates": [373994.52, 3373787.97]}, "properties": {"cell_id": 3043, "max_wse_m": 2034.16}}, {"type": "Feature", "geometry": {"type": "Point", "coordinates": [374034.52, 3373787.97]}, "properties": {"cell_id": 3044, "max_wse_m": 2032.87}}, {"type": "Feature", "geometry": {"type": "Point", "coordinates": [374074.52, 3373787.97]}, "properties": {"cell_id": 3045, "max_wse_m": 2052.2}}, {"type": "Feature", "geometry": {"type": "Point", "coordinates": [374114.52, 3373787.97]}, "properties": {"cell_id": 3046, "max_wse_m": 2061.92}}, {"type": "Feature", "geometry": {"type": "Point", "coordinates": [374154.52, 3373787.97]}, "properties": {"cell_id": 3047, "max_wse_m": 2070.71}}, {"type": "Feature", "geometry": {"type": "Point", "coordinates": [374194.52, 3373787.97]}, "properties": {"cell_id": 3048, "max_wse_m": 2069.09}}, {"type": "Feature", "geometry": {"type": "Point", "coordinates": [374234.52, 3373787.97]}, "properties": {"cell_id": 3049, "max_wse_m": 2056.42}}, {"type": "Feature", "geometry": {"type": "Point", "coordinates": [374274.52, 3373787.97]}, "properties": {"cell_id": 3050, "max_wse_m": 2041.5}}, {"type": "Feature", "geometry": {"type": "Point", "coordinates": [374314.52, 3373787.97]}, "properties": {"cell_id": 3051, "max_wse_m": 2033.79}}, {"type": "Feature", "geometry": {"type": "Point", "coordinates": [374354.52, 3373787.97]}, "properties": {"cell_id": 3052, "max_wse_m": 2019.91}}, {"type": "Feature", "geometry": {"type": "Point", "coordinates": [374394.52, 3373787.97]}, "properties": {"cell_id": 3053, "max_wse_m": 1999.25}}, {"type": "Feature", "geometry": {"type": "Point", "coordinates": [374434.52, 3373787.97]}, "properties": {"cell_id": 3054, "max_wse_m": 1982.73}}, {"type": "Feature", "geometry": {"type": "Point", "coordinates": [374474.52, 3373787.97]}, "properties": {"cell_id": 3055, "max_wse_m": 1937.86}}, {"type": "Feature", "geometry": {"type": "Point", "coordinates": [374514.52, 3373787.97]}, "properties": {"cell_id": 3056, "max_wse_m": 1916.47}}, {"type": "Feature", "geometry": {"type": "Point", "coordinates": [374554.52, 3373787.97]}, "properties": {"cell_id": 3057, "max_wse_m": 1906.09}}, {"type": "Feature", "geometry": {"type": "Point", "coordinates": [374594.52, 3373787.97]}, "properties": {"cell_id": 3058, "max_wse_m": 1907.51}}, {"type": "Feature", "geometry": {"type": "Point", "coordinates": [374634.52, 3373787.97]}, "properties": {"cell_id": 3059, "max_wse_m": 1914.2}}, {"type": "Feature", "geometry": {"type": "Point", "coordinates": [374674.52, 3373787.97]}, "properties": {"cell_id": 3060, "max_wse_m": 1930.51}}, {"type": "Feature", "geometry": {"type": "Point", "coordinates": [374714.52, 3373787.97]}, "properties": {"cell_id": 3061, "max_wse_m": 1957.37}}, {"type": "Feature", "geometry": {"type": "Point", "coordinates": [374754.52, 3373787.97]}, "properties": {"cell_id": 3062, "max_wse_m": 2022.29}}, {"type": "Feature", "geometry": {"type": "Point", "coordinates": [374794.52, 3373787.97]}, "properties": {"cell_id": 3063, "max_wse_m": 2093.9}}, {"type": "Feature", "geometry": {"type": "Point", "coordinates": [374834.52, 3373787.97]}, "properties": {"cell_id": 3064, "max_wse_m": 2138.53}}, {"type": "Feature", "geometry": {"type": "Point", "coordinates": [374874.52, 3373787.97]}, "properties": {"cell_id": 3065, "max_wse_m": 2160.33}}, {"type": "Feature", "geometry": {"type": "Point", "coordinates": [374914.52, 3373787.97]}, "properties": {"cell_id": 3066, "max_wse_m": 2192.1}}, {"type": "Feature", "geometry": {"type": "Point", "coordinates": [374954.52, 3373787.97]}, "properties": {"cell_id": 3067, "max_wse_m": 2269.1}}, {"type": "Feature", "geometry": {"type": "Point", "coordinates": [374994.52, 3373787.97]}, "properties": {"cell_id": 3068, "max_wse_m": 2300.1}}, {"type": "Feature", "geometry": {"type": "Point", "coordinates": [375034.52, 3373787.97]}, "properties": {"cell_id": 3069, "max_wse_m": 2323.76}}, {"type": "Feature", "geometry": {"type": "Point", "coordinates": [378794.52, 3373787.97]}, "properties": {"cell_id": 3070, "max_wse_m": 3183.59}}, {"type": "Feature", "geometry": {"type": "Point", "coordinates": [378834.52, 3373787.97]}, "properties": {"cell_id": 3071, "max_wse_m": 3162.65}}, {"type": "Feature", "geometry": {"type": "Point", "coordinates": [378874.52, 3373787.97]}, "properties": {"cell_id": 3072, "max_wse_m": 3170.33}}, {"type": "Feature", "geometry": {"type": "Point", "coordinates": [378914.52, 3373787.97]}, "properties": {"cell_id": 3073, "max_wse_m": 3187.74}}, {"type": "Feature", "geometry": {"type": "Point", "coordinates": [378954.52, 3373787.97]}, "properties": {"cell_id": 3074, "max_wse_m": 3210.29}}, {"type": "Feature", "geometry": {"type": "Point", "coordinates": [378994.52, 3373787.97]}, "properties": {"cell_id": 3075, "max_wse_m": 3218.34}}, {"type": "Feature", "geometry": {"type": "Point", "coordinates": [379034.52, 3373787.97]}, "properties": {"cell_id": 3076, "max_wse_m": 3230.05}}, {"type": "Feature", "geometry": {"type": "Point", "coordinates": [379074.52, 3373787.97]}, "properties": {"cell_id": 3077, "max_wse_m": 3257.65}}, {"type": "Feature", "geometry": {"type": "Point", "coordinates": [379114.52, 3373787.97]}, "properties": {"cell_id": 3078, "max_wse_m": 3280.26}}, {"type": "Feature", "geometry": {"type": "Point", "coordinates": [379154.52, 3373787.97]}, "properties": {"cell_id": 3079, "max_wse_m": 3299.9}}, {"type": "Feature", "geometry": {"type": "Point", "coordinates": [379194.52, 3373787.97]}, "properties": {"cell_id": 3080, "max_wse_m": 3304.66}}, {"type": "Feature", "geometry": {"type": "Point", "coordinates": [379234.52, 3373787.97]}, "properties": {"cell_id": 3081, "max_wse_m": 3330.29}}, {"type": "Feature", "geometry": {"type": "Point", "coordinates": [379274.52, 3373787.97]}, "properties": {"cell_id": 3082, "max_wse_m": 3329.63}}, {"type": "Feature", "geometry": {"type": "Point", "coordinates": [379314.52, 3373787.97]}, "properties": {"cell_id": 3083, "max_wse_m": 3338.88}}, {"type": "Feature", "geometry": {"type": "Point", "coordinates": [379354.52, 3373787.97]}, "properties": {"cell_id": 3084, "max_wse_m": 3371.81}}, {"type": "Feature", "geometry": {"type": "Point", "coordinates": [379394.52, 3373787.97]}, "properties": {"cell_id": 3085, "max_wse_m": 3391.13}}, {"type": "Feature", "geometry": {"type": "Point", "coordinates": [379434.52, 3373787.97]}, "properties": {"cell_id": 3086, "max_wse_m": 3399.21}}, {"type": "Feature", "geometry": {"type": "Point", "coordinates": [379474.52, 3373787.97]}, "properties": {"cell_id": 3087, "max_wse_m": 3408.45}}, {"type": "Feature", "geometry": {"type": "Point", "coordinates": [379514.52, 3373787.97]}, "properties": {"cell_id": 3088, "max_wse_m": 3410.61}}, {"type": "Feature", "geometry": {"type": "Point", "coordinates": [379554.52, 3373787.97]}, "properties": {"cell_id": 3089, "max_wse_m": 3432.55}}, {"type": "Feature", "geometry": {"type": "Point", "coordinates": [379594.52, 3373787.97]}, "properties": {"cell_id": 3090, "max_wse_m": 3466.33}}, {"type": "Feature", "geometry": {"type": "Point", "coordinates": [379634.52, 3373787.97]}, "properties": {"cell_id": 3091, "max_wse_m": 3502.86}}, {"type": "Feature", "geometry": {"type": "Point", "coordinates": [379674.52, 3373787.97]}, "properties": {"cell_id": 3092, "max_wse_m": 3514.45}}, {"type": "Feature", "geometry": {"type": "Point", "coordinates": [379714.52, 3373787.97]}, "properties": {"cell_id": 3093, "max_wse_m": 3554.57}}, {"type": "Feature", "geometry": {"type": "Point", "coordinates": [379754.52, 3373787.97]}, "properties": {"cell_id": 3094, "max_wse_m": 3591.57}}, {"type": "Feature", "geometry": {"type": "Point", "coordinates": [379794.52, 3373787.97]}, "properties": {"cell_id": 3095, "max_wse_m": 3624.95}}, {"type": "Feature", "geometry": {"type": "Point", "coordinates": [379834.52, 3373787.97]}, "properties": {"cell_id": 3096, "max_wse_m": 3662.35}}, {"type": "Feature", "geometry": {"type": "Point", "coordinates": [379874.52, 3373787.97]}, "properties": {"cell_id": 3097, "max_wse_m": 3692.45}}, {"type": "Feature", "geometry": {"type": "Point", "coordinates": [379914.52, 3373787.97]}, "properties": {"cell_id": 3098, "max_wse_m": 3698.81}}, {"type": "Feature", "geometry": {"type": "Point", "coordinates": [379954.52, 3373787.97]}, "properties": {"cell_id": 3099, "max_wse_m": 3700.19}}, {"type": "Feature", "geometry": {"type": "Point", "coordinates": [379994.52, 3373787.97]}, "properties": {"cell_id": 3100, "max_wse_m": 3713.57}}, {"type": "Feature", "geometry": {"type": "Point", "coordinates": [380034.52, 3373787.97]}, "properties": {"cell_id": 3101, "max_wse_m": 3733.86}}, {"type": "Feature", "geometry": {"type": "Point", "coordinates": [380074.52, 3373787.97]}, "properties": {"cell_id": 3102, "max_wse_m": 3755.52}}, {"type": "Feature", "geometry": {"type": "Point", "coordinates": [380114.52, 3373787.97]}, "properties": {"cell_id": 3103, "max_wse_m": 3789.12}}, {"type": "Feature", "geometry": {"type": "Point", "coordinates": [380154.52, 3373787.97]}, "properties": {"cell_id": 3104, "max_wse_m": 3808.63}}, {"type": "Feature", "geometry": {"type": "Point", "coordinates": [380194.52, 3373787.97]}, "properties": {"cell_id": 3105, "max_wse_m": 3822.98}}, {"type": "Feature", "geometry": {"type": "Point", "coordinates": [380234.52, 3373787.97]}, "properties": {"cell_id": 3106, "max_wse_m": 3820.61}}, {"type": "Feature", "geometry": {"type": "Point", "coordinates": [380274.52, 3373787.97]}, "properties": {"cell_id": 3107, "max_wse_m": 3813.17}}, {"type": "Feature", "geometry": {"type": "Point", "coordinates": [380314.52, 3373787.97]}, "properties": {"cell_id": 3108, "max_wse_m": 3796.41}}, {"type": "Feature", "geometry": {"type": "Point", "coordinates": [380354.52, 3373787.97]}, "properties": {"cell_id": 3109, "max_wse_m": 3775.14}}, {"type": "Feature", "geometry": {"type": "Point", "coordinates": [380394.52, 3373787.97]}, "properties": {"cell_id": 3110, "max_wse_m": 3774.21}}, {"type": "Feature", "geometry": {"type": "Point", "coordinates": [380434.52, 3373787.97]}, "properties": {"cell_id": 3111, "max_wse_m": 3785.65}}, {"type": "Feature", "geometry": {"type": "Point", "coordinates": [380474.52, 3373787.97]}, "properties": {"cell_id": 3112, "max_wse_m": 3768.64}}, {"type": "Feature", "geometry": {"type": "Point", "coordinates": [380514.52, 3373787.97]}, "properties": {"cell_id": 3113, "max_wse_m": 3732.54}}, {"type": "Feature", "geometry": {"type": "Point", "coordinates": [380554.52, 3373787.97]}, "properties": {"cell_id": 3114, "max_wse_m": 3705.75}}, {"type": "Feature", "geometry": {"type": "Point", "coordinates": [380594.52, 3373787.97]}, "properties": {"cell_id": 3115, "max_wse_m": 3706.51}}, {"type": "Feature", "geometry": {"type": "Point", "coordinates": [380634.52, 3373787.97]}, "properties": {"cell_id": 3116, "max_wse_m": 3709.32}}, {"type": "Feature", "geometry": {"type": "Point", "coordinates": [380674.52, 3373787.97]}, "properties": {"cell_id": 3117, "max_wse_m": 3714.74}}, {"type": "Feature", "geometry": {"type": "Point", "coordinates": [380714.52, 3373787.97]}, "properties": {"cell_id": 3118, "max_wse_m": 3729.68}}, {"type": "Feature", "geometry": {"type": "Point", "coordinates": [380754.52, 3373787.97]}, "properties": {"cell_id": 3119, "max_wse_m": 3771.79}}, {"type": "Feature", "geometry": {"type": "Point", "coordinates": [380794.52, 3373787.97]}, "properties": {"cell_id": 3120, "max_wse_m": 3835.27}}, {"type": "Feature", "geometry": {"type": "Point", "coordinates": [380834.52, 3373787.97]}, "properties": {"cell_id": 3121, "max_wse_m": 3886.14}}, {"type": "Feature", "geometry": {"type": "Point", "coordinates": [380874.52, 3373787.97]}, "properties": {"cell_id": 3122, "max_wse_m": 3933.65}}, {"type": "Feature", "geometry": {"type": "Point", "coordinates": [380914.52, 3373787.97]}, "properties": {"cell_id": 3123, "max_wse_m": 3965.26}}, {"type": "Feature", "geometry": {"type": "Point", "coordinates": [380954.52, 3373787.97]}, "properties": {"cell_id": 3124, "max_wse_m": 3979.59}}, {"type": "Feature", "geometry": {"type": "Point", "coordinates": [380994.52, 3373787.97]}, "properties": {"cell_id": 3125, "max_wse_m": 3945.26}}, {"type": "Feature", "geometry": {"type": "Point", "coordinates": [381034.52, 3373787.97]}, "properties": {"cell_id": 3126, "max_wse_m": 3945.92}}, {"type": "Feature", "geometry": {"type": "Point", "coordinates": [381074.52, 3373787.97]}, "properties": {"cell_id": 3127, "max_wse_m": 3965.62}}, {"type": "Feature", "geometry": {"type": "Point", "coordinates": [381114.52, 3373787.97]}, "properties": {"cell_id": 3128, "max_wse_m": 4000.84}}, {"type": "Feature", "geometry": {"type": "Point", "coordinates": [381154.52, 3373787.97]}, "properties": {"cell_id": 3129, "max_wse_m": 4051.39}}, {"type": "Feature", "geometry": {"type": "Point", "coordinates": [381194.52, 3373787.97]}, "properties": {"cell_id": 3130, "max_wse_m": 4096.46}}, {"type": "Feature", "geometry": {"type": "Point", "coordinates": [381234.52, 3373787.97]}, "properties": {"cell_id": 3131, "max_wse_m": 4096.02}}, {"type": "Feature", "geometry": {"type": "Point", "coordinates": [381274.52, 3373787.97]}, "properties": {"cell_id": 3132, "max_wse_m": 4091.99}}, {"type": "Feature", "geometry": {"type": "Point", "coordinates": [381314.52, 3373787.97]}, "properties": {"cell_id": 3133, "max_wse_m": 4088.69}}, {"type": "Feature", "geometry": {"type": "Point", "coordinates": [381354.52, 3373787.97]}, "properties": {"cell_id": 3134, "max_wse_m": 4090.22}}, {"type": "Feature", "geometry": {"type": "Point", "coordinates": [381394.52, 3373787.97]}, "properties": {"cell_id": 3135, "max_wse_m": 4109.65}}, {"type": "Feature", "geometry": {"type": "Point", "coordinates": [381434.52, 3373787.97]}, "properties": {"cell_id": 3136, "max_wse_m": 4128.44}}, {"type": "Feature", "geometry": {"type": "Point", "coordinates": [381474.52, 3373787.97]}, "properties": {"cell_id": 3137, "max_wse_m": 4171.54}}, {"type": "Feature", "geometry": {"type": "Point", "coordinates": [381514.52, 3373787.97]}, "properties": {"cell_id": 3138, "max_wse_m": 4222.77}}, {"type": "Feature", "geometry": {"type": "Point", "coordinates": [381554.52, 3373787.97]}, "properties": {"cell_id": 3139, "max_wse_m": 4260.71}}, {"type": "Feature", "geometry": {"type": "Point", "coordinates": [381594.52, 3373787.97]}, "properties": {"cell_id": 3140, "max_wse_m": 4300.61}}, {"type": "Feature", "geometry": {"type": "Point", "coordinates": [381634.52, 3373787.97]}, "properties": {"cell_id": 3141, "max_wse_m": 4288.94}}, {"type": "Feature", "geometry": {"type": "Point", "coordinates": [381674.52, 3373787.97]}, "properties": {"cell_id": 3142, "max_wse_m": 4266.27}}, {"type": "Feature", "geometry": {"type": "Point", "coordinates": [381714.52, 3373787.97]}, "properties": {"cell_id": 3143, "max_wse_m": 4250.16}}, {"type": "Feature", "geometry": {"type": "Point", "coordinates": [381754.52, 3373787.97]}, "properties": {"cell_id": 3144, "max_wse_m": 4187.12}}, {"type": "Feature", "geometry": {"type": "Point", "coordinates": [381794.52, 3373787.97]}, "properties": {"cell_id": 3145, "max_wse_m": 4142.49}}, {"type": "Feature", "geometry": {"type": "Point", "coordinates": [381834.52, 3373787.97]}, "properties": {"cell_id": 3146, "max_wse_m": 4106.95}}, {"type": "Feature", "geometry": {"type": "Point", "coordinates": [381874.52, 3373787.97]}, "properties": {"cell_id": 3147, "max_wse_m": 4084.85}}, {"type": "Feature", "geometry": {"type": "Point", "coordinates": [371354.52, 3373747.97]}, "properties": {"cell_id": 3148, "max_wse_m": 1832.71}}, {"type": "Feature", "geometry": {"type": "Point", "coordinates": [371394.52, 3373747.97]}, "properties": {"cell_id": 3149, "max_wse_m": 1828.91}}, {"type": "Feature", "geometry": {"type": "Point", "coordinates": [371434.52, 3373747.97]}, "properties": {"cell_id": 3150, "max_wse_m": 1827.53}}, {"type": "Feature", "geometry": {"type": "Point", "coordinates": [371474.52, 3373747.97]}, "properties": {"cell_id": 3151, "max_wse_m": 1828.54}}, {"type": "Feature", "geometry": {"type": "Point", "coordinates": [371514.52, 3373747.97]}, "properties": {"cell_id": 3152, "max_wse_m": 1836.18}}, {"type": "Feature", "geometry": {"type": "Point", "coordinates": [371554.52, 3373747.97]}, "properties": {"cell_id": 3153, "max_wse_m": 1830.51}}, {"type": "Feature", "geometry": {"type": "Point", "coordinates": [371594.52, 3373747.97]}, "properties": {"cell_id": 3154, "max_wse_m": 1824.6}}, {"type": "Feature", "geometry": {"type": "Point", "coordinates": [371634.52, 3373747.97]}, "properties": {"cell_id": 3155, "max_wse_m": 1818.16}}, {"type": "Feature", "geometry": {"type": "Point", "coordinates": [371674.52, 3373747.97]}, "properties": {"cell_id": 3156, "max_wse_m": 1818.21}}, {"type": "Feature", "geometry": {"type": "Point", "coordinates": [371714.52, 3373747.97]}, "properties": {"cell_id": 3157, "max_wse_m": 1818.81}}, {"type": "Feature", "geometry": {"type": "Point", "coordinates": [371754.52, 3373747.97]}, "properties": {"cell_id": 3158, "max_wse_m": 1818.59}}, {"type": "Feature", "geometry": {"type": "Point", "coordinates": [371794.52, 3373747.97]}, "properties": {"cell_id": 3159, "max_wse_m": 1819.52}}, {"type": "Feature", "geometry": {"type": "Point", "coordinates": [371834.52, 3373747.97]}, "properties": {"cell_id": 3160, "max_wse_m": 1822.04}}, {"type": "Feature", "geometry": {"type": "Point", "coordinates": [372194.52, 3373747.97]}, "properties": {"cell_id": 3161, "max_wse_m": 1830.18}}, {"type": "Feature", "geometry": {"type": "Point", "coordinates": [372234.52, 3373747.97]}, "properties": {"cell_id": 3162, "max_wse_m": 1829.48}}, {"type": "Feature", "geometry": {"type": "Point", "coordinates": [372274.52, 3373747.97]}, "properties": {"cell_id": 3163, "max_wse_m": 1829.52}}, {"type": "Feature", "geometry": {"type": "Point", "coordinates": [372314.52, 3373747.97]}, "properties": {"cell_id": 3164, "max_wse_m": 1831.16}}, {"type": "Feature", "geometry": {"type": "Point", "coordinates": [372354.52, 3373747.97]}, "properties": {"cell_id": 3165, "max_wse_m": 1831.91}}, {"type": "Feature", "geometry": {"type": "Point", "coordinates": [372394.52, 3373747.97]}, "properties": {"cell_id": 3166, "max_wse_m": 1837.79}}, {"type": "Feature", "geometry": {"type": "Point", "coordinates": [372434.52, 3373747.97]}, "properties": {"cell_id": 3167, "max_wse_m": 1856.34}}, {"type": "Feature", "geometry": {"type": "Point", "coordinates": [372474.52, 3373747.97]}, "properties": {"cell_id": 3168, "max_wse_m": 1866.16}}, {"type": "Feature", "geometry": {"type": "Point", "coordinates": [372514.52, 3373747.97]}, "properties": {"cell_id": 3169, "max_wse_m": 1877.41}}, {"type": "Feature", "geometry": {"type": "Point", "coordinates": [372554.52, 3373747.97]}, "properties": {"cell_id": 3170, "max_wse_m": 1885.83}}, {"type": "Feature", "geometry": {"type": "Point", "coordinates": [372594.52, 3373747.97]}, "properties": {"cell_id": 3171, "max_wse_m": 1867.78}}, {"type": "Feature", "geometry": {"type": "Point", "coordinates": [372634.52, 3373747.97]}, "properties": {"cell_id": 3172, "max_wse_m": 1853.96}}, {"type": "Feature", "geometry": {"type": "Point", "coordinates": [372674.52, 3373747.97]}, "properties": {"cell_id": 3173, "max_wse_m": 1852.9}}, {"type": "Feature", "geometry": {"type": "Point", "coordinates": [372714.52, 3373747.97]}, "properties": {"cell_id": 3174, "max_wse_m": 1855.62}}, {"type": "Feature", "geometry": {"type": "Point", "coordinates": [372754.52, 3373747.97]}, "properties": {"cell_id": 3175, "max_wse_m": 1869.69}}, {"type": "Feature", "geometry": {"type": "Point", "coordinates": [372794.52, 3373747.97]}, "properties": {"cell_id": 3176, "max_wse_m": 1873.27}}, {"type": "Feature", "geometry": {"type": "Point", "coordinates": [372834.52, 3373747.97]}, "properties": {"cell_id": 3177, "max_wse_m": 1884.25}}, {"type": "Feature", "geometry": {"type": "Point", "coordinates": [372874.52, 3373747.97]}, "properties": {"cell_id": 3178, "max_wse_m": 1877.78}}, {"type": "Feature", "geometry": {"type": "Point", "coordinates": [372914.52, 3373747.97]}, "properties": {"cell_id": 3179, "max_wse_m": 1872.34}}, {"type": "Feature", "geometry": {"type": "Point", "coordinates": [372954.52, 3373747.97]}, "properties": {"cell_id": 3180, "max_wse_m": 1864.48}}, {"type": "Feature", "geometry": {"type": "Point", "coordinates": [372994.52, 3373747.97]}, "properties": {"cell_id": 3181, "max_wse_m": 1862.44}}, {"type": "Feature", "geometry": {"type": "Point", "coordinates": [373034.52, 3373747.97]}, "properties": {"cell_id": 3182, "max_wse_m": 1856.03}}, {"type": "Feature", "geometry": {"type": "Point", "coordinates": [373074.52, 3373747.97]}, "properties": {"cell_id": 3183, "max_wse_m": 1855.79}}, {"type": "Feature", "geometry": {"type": "Point", "coordinates": [373114.52, 3373747.97]}, "properties": {"cell_id": 3184, "max_wse_m": 1860.07}}, {"type": "Feature", "geometry": {"type": "Point", "coordinates": [373154.52, 3373747.97]}, "properties": {"cell_id": 3185, "max_wse_m": 1867.89}}, {"type": "Feature", "geometry": {"type": "Point", "coordinates": [373194.52, 3373747.97]}, "properties": {"cell_id": 3186, "max_wse_m": 1895.04}}, {"type": "Feature", "geometry": {"type": "Point", "coordinates": [373234.52, 3373747.97]}, "properties": {"cell_id": 3187, "max_wse_m": 1909.44}}, {"type": "Feature", "geometry": {"type": "Point", "coordinates": [373274.52, 3373747.97]}, "properties": {"cell_id": 3188, "max_wse_m": 1937.56}}, {"type": "Feature", "geometry": {"type": "Point", "coordinates": [373314.52, 3373747.97]}, "properties": {"cell_id": 3189, "max_wse_m": 1966.28}}, {"type": "Feature", "geometry": {"type": "Point", "coordinates": [373354.52, 3373747.97]}, "properties": {"cell_id": 3190, "max_wse_m": 1975.13}}, {"type": "Feature", "geometry": {"type": "Point", "coordinates": [373394.52, 3373747.97]}, "properties": {"cell_id": 3191, "max_wse_m": 1991.6}}, {"type": "Feature", "geometry": {"type": "Point", "coordinates": [373434.52, 3373747.97]}, "properties": {"cell_id": 3192, "max_wse_m": 1998.71}}, {"type": "Feature", "geometry": {"type": "Point", "coordinates": [373474.52, 3373747.97]}, "properties": {"cell_id": 3193, "max_wse_m": 2020.45}}, {"type": "Feature", "geometry": {"type": "Point", "coordinates": [373514.52, 3373747.97]}, "properties": {"cell_id": 3194, "max_wse_m": 2025.52}}, {"type": "Feature", "geometry": {"type": "Point", "coordinates": [373554.52, 3373747.97]}, "properties": {"cell_id": 3195, "max_wse_m": 2013.15}}, {"type": "Feature", "geometry": {"type": "Point", "coordinates": [373594.52, 3373747.97]}, "properties": {"cell_id": 3196, "max_wse_m": 2023.92}}, {"type": "Feature", "geometry": {"type": "Point", "coordinates": [373634.52, 3373747.97]}, "properties": {"cell_id": 3197, "max_wse_m": 1998.75}}, {"type": "Feature", "geometry": {"type": "Point", "coordinates": [373674.52, 3373747.97]}, "properties": {"cell_id": 3198, "max_wse_m": 1994.25}}, {"type": "Feature", "geometry": {"type": "Point", "coordinates": [373714.52, 3373747.97]}, "properties": {"cell_id": 3199, "max_wse_m": 1985.24}}, {"type": "Feature", "geometry": {"type": "Point", "coordinates": [373754.52, 3373747.97]}, "properties": {"cell_id": 3200, "max_wse_m": 1978.5}}, {"type": "Feature", "geometry": {"type": "Point", "coordinates": [373794.52, 3373747.97]}, "properties": {"cell_id": 3201, "max_wse_m": 1967.02}}, {"type": "Feature", "geometry": {"type": "Point", "coordinates": [373834.52, 3373747.97]}, "properties": {"cell_id": 3202, "max_wse_m": 1965.18}}, {"type": "Feature", "geometry": {"type": "Point", "coordinates": [373874.52, 3373747.97]}, "properties": {"cell_id": 3203, "max_wse_m": 1978.99}}, {"type": "Feature", "geometry": {"type": "Point", "coordinates": [373914.52, 3373747.97]}, "properties": {"cell_id": 3204, "max_wse_m": 1978.75}}, {"type": "Feature", "geometry": {"type": "Point", "coordinates": [373954.52, 3373747.97]}, "properties": {"cell_id": 3205, "max_wse_m": 1978.7}}, {"type": "Feature", "geometry": {"type": "Point", "coordinates": [373994.52, 3373747.97]}, "properties": {"cell_id": 3206, "max_wse_m": 2003.92}}, {"type": "Feature", "geometry": {"type": "Point", "coordinates": [374034.52, 3373747.97]}, "properties": {"cell_id": 3207, "max_wse_m": 2003.51}}, {"type": "Feature", "geometry": {"type": "Point", "coordinates": [374074.52, 3373747.97]}, "properties": {"cell_id": 3208, "max_wse_m": 2021.47}}, {"type": "Feature", "geometry": {"type": "Point", "coordinates": [374114.52, 3373747.97]}, "properties": {"cell_id": 3209, "max_wse_m": 2032.33}}, {"type": "Feature", "geometry": {"type": "Point", "coordinates": [374154.52, 3373747.97]}, "properties": {"cell_id": 3210, "max_wse_m": 2039.23}}, {"type": "Feature", "geometry": {"type": "Point", "coordinates": [374194.52, 3373747.97]}, "properties": {"cell_id": 3211, "max_wse_m": 2048.83}}, {"type": "Feature", "geometry": {"type": "Point", "coordinates": [374234.52, 3373747.97]}, "properties": {"cell_id": 3212, "max_wse_m": 2032.72}}, {"type": "Feature", "geometry": {"type": "Point", "coordinates": [374274.52, 3373747.97]}, "properties": {"cell_id": 3213, "max_wse_m": 2015.56}}, {"type": "Feature", "geometry": {"type": "Point", "coordinates": [374314.52, 3373747.97]}, "properties": {"cell_id": 3214, "max_wse_m": 2007.9}}, {"type": "Feature", "geometry": {"type": "Point", "coordinates": [374354.52, 3373747.97]}, "properties": {"cell_id": 3215, "max_wse_m": 1997.89}}, {"type": "Feature", "geometry": {"type": "Point", "coordinates": [374394.52, 3373747.97]}, "properties": {"cell_id": 3216, "max_wse_m": 1978.63}}, {"type": "Feature", "geometry": {"type": "Point", "coordinates": [374434.52, 3373747.97]}, "properties": {"cell_id": 3217, "max_wse_m": 1952.34}}, {"type": "Feature", "geometry": {"type": "Point", "coordinates": [374474.52, 3373747.97]}, "properties": {"cell_id": 3218, "max_wse_m": 1919.99}}, {"type": "Feature", "geometry": {"type": "Point", "coordinates": [374514.52, 3373747.97]}, "properties": {"cell_id": 3219, "max_wse_m": 1913.53}}, {"type": "Feature", "geometry": {"type": "Point", "coordinates": [374554.52, 3373747.97]}, "properties": {"cell_id": 3220, "max_wse_m": 1904.98}}, {"type": "Feature", "geometry": {"type": "Point", "coordinates": [374594.52, 3373747.97]}, "properties": {"cell_id": 3221, "max_wse_m": 1907.27}}, {"type": "Feature", "geometry": {"type": "Point", "coordinates": [374634.52, 3373747.97]}, "properties": {"cell_id": 3222, "max_wse_m": 1929.85}}, {"type": "Feature", "geometry": {"type": "Point", "coordinates": [374674.52, 3373747.97]}, "properties": {"cell_id": 3223, "max_wse_m": 1949.58}}, {"type": "Feature", "geometry": {"type": "Point", "coordinates": [374714.52, 3373747.97]}, "properties": {"cell_id": 3224, "max_wse_m": 1988.66}}, {"type": "Feature", "geometry": {"type": "Point", "coordinates": [374754.52, 3373747.97]}, "properties": {"cell_id": 3225, "max_wse_m": 2062.73}}, {"type": "Feature", "geometry": {"type": "Point", "coordinates": [374794.52, 3373747.97]}, "properties": {"cell_id": 3226, "max_wse_m": 2135.92}}, {"type": "Feature", "geometry": {"type": "Point", "coordinates": [374834.52, 3373747.97]}, "properties": {"cell_id": 3227, "max_wse_m": 2174.09}}, {"type": "Feature", "geometry": {"type": "Point", "coordinates": [374874.52, 3373747.97]}, "properties": {"cell_id": 3228, "max_wse_m": 2204.8}}, {"type": "Feature", "geometry": {"type": "Point", "coordinates": [374914.52, 3373747.97]}, "properties": {"cell_id": 3229, "max_wse_m": 2228.98}}, {"type": "Feature", "geometry": {"type": "Point", "coordinates": [374954.52, 3373747.97]}, "properties": {"cell_id": 3230, "max_wse_m": 2253.87}}, {"type": "Feature", "geometry": {"type": "Point", "coordinates": [374994.52, 3373747.97]}, "properties": {"cell_id": 3231, "max_wse_m": 2276.59}}, {"type": "Feature", "geometry": {"type": "Point", "coordinates": [375034.52, 3373747.97]}, "properties": {"cell_id": 3232, "max_wse_m": 2300.22}}, {"type": "Feature", "geometry": {"type": "Point", "coordinates": [378754.52, 3373747.97]}, "properties": {"cell_id": 3233, "max_wse_m": 3226.77}}, {"type": "Feature", "geometry": {"type": "Point", "coordinates": [378794.52, 3373747.97]}, "properties": {"cell_id": 3234, "max_wse_m": 3190.61}}, {"type": "Feature", "geometry": {"type": "Point", "coordinates": [378834.52, 3373747.97]}, "properties": {"cell_id": 3235, "max_wse_m": 3191.55}}, {"type": "Feature", "geometry": {"type": "Point", "coordinates": [378874.52, 3373747.97]}, "properties": {"cell_id": 3236, "max_wse_m": 3199.8}}, {"type": "Feature", "geometry": {"type": "Point", "coordinates": [378914.52, 3373747.97]}, "properties": {"cell_id": 3237, "max_wse_m": 3201.21}}, {"type": "Feature", "geometry": {"type": "Point", "coordinates": [378954.52, 3373747.97]}, "properties": {"cell_id": 3238, "max_wse_m": 3226.31}}, {"type": "Feature", "geometry": {"type": "Point", "coordinates": [378994.52, 3373747.97]}, "properties": {"cell_id": 3239, "max_wse_m": 3245.15}}, {"type": "Feature", "geometry": {"type": "Point", "coordinates": [379034.52, 3373747.97]}, "properties": {"cell_id": 3240, "max_wse_m": 3253.93}}, {"type": "Feature", "geometry": {"type": "Point", "coordinates": [379074.52, 3373747.97]}, "properties": {"cell_id": 3241, "max_wse_m": 3271.62}}, {"type": "Feature", "geometry": {"type": "Point", "coordinates": [379114.52, 3373747.97]}, "properties": {"cell_id": 3242, "max_wse_m": 3296.21}}, {"type": "Feature", "geometry": {"type": "Point", "coordinates": [379154.52, 3373747.97]}, "properties": {"cell_id": 3243, "max_wse_m": 3330.7}}, {"type": "Feature", "geometry": {"type": "Point", "coordinates": [379194.52, 3373747.97]}, "properties": {"cell_id": 3244, "max_wse_m": 3354.84}}, {"type": "Feature", "geometry": {"type": "Point", "coordinates": [379234.52, 3373747.97]}, "properties": {"cell_id": 3245, "max_wse_m": 3365.77}}, {"type": "Feature", "geometry": {"type": "Point", "coordinates": [379274.52, 3373747.97]}, "properties": {"cell_id": 3246, "max_wse_m": 3356.61}}, {"type": "Feature", "geometry": {"type": "Point", "coordinates": [379314.52, 3373747.97]}, "properties": {"cell_id": 3247, "max_wse_m": 3360.64}}, {"type": "Feature", "geometry": {"type": "Point", "coordinates": [379354.52, 3373747.97]}, "properties": {"cell_id": 3248, "max_wse_m": 3380.0}}, {"type": "Feature", "geometry": {"type": "Point", "coordinates": [379394.52, 3373747.97]}, "properties": {"cell_id": 3249, "max_wse_m": 3407.91}}, {"type": "Feature", "geometry": {"type": "Point", "coordinates": [379434.52, 3373747.97]}, "properties": {"cell_id": 3250, "max_wse_m": 3430.37}}, {"type": "Feature", "geometry": {"type": "Point", "coordinates": [379474.52, 3373747.97]}, "properties": {"cell_id": 3251, "max_wse_m": 3439.73}}, {"type": "Feature", "geometry": {"type": "Point", "coordinates": [379514.52, 3373747.97]}, "properties": {"cell_id": 3252, "max_wse_m": 3475.88}}, {"type": "Feature", "geometry": {"type": "Point", "coordinates": [379554.52, 3373747.97]}, "properties": {"cell_id": 3253, "max_wse_m": 3498.07}}, {"type": "Feature", "geometry": {"type": "Point", "coordinates": [379594.52, 3373747.97]}, "properties": {"cell_id": 3254, "max_wse_m": 3524.75}}, {"type": "Feature", "geometry": {"type": "Point", "coordinates": [379634.52, 3373747.97]}, "properties": {"cell_id": 3255, "max_wse_m": 3542.58}}, {"type": "Feature", "geometry": {"type": "Point", "coordinates": [379674.52, 3373747.97]}, "properties": {"cell_id": 3256, "max_wse_m": 3553.66}}, {"type": "Feature", "geometry": {"type": "Point", "coordinates": [379714.52, 3373747.97]}, "properties": {"cell_id": 3257, "max_wse_m": 3581.05}}, {"type": "Feature", "geometry": {"type": "Point", "coordinates": [379754.52, 3373747.97]}, "properties": {"cell_id": 3258, "max_wse_m": 3605.39}}, {"type": "Feature", "geometry": {"type": "Point", "coordinates": [379794.52, 3373747.97]}, "properties": {"cell_id": 3259, "max_wse_m": 3629.64}}, {"type": "Feature", "geometry": {"type": "Point", "coordinates": [379834.52, 3373747.97]}, "properties": {"cell_id": 3260, "max_wse_m": 3665.28}}, {"type": "Feature", "geometry": {"type": "Point", "coordinates": [379874.52, 3373747.97]}, "properties": {"cell_id": 3261, "max_wse_m": 3698.44}}, {"type": "Feature", "geometry": {"type": "Point", "coordinates": [379914.52, 3373747.97]}, "properties": {"cell_id": 3262, "max_wse_m": 3724.4}}, {"type": "Feature", "geometry": {"type": "Point", "coordinates": [379954.52, 3373747.97]}, "properties": {"cell_id": 3263, "max_wse_m": 3726.71}}, {"type": "Feature", "geometry": {"type": "Point", "coordinates": [379994.52, 3373747.97]}, "properties": {"cell_id": 3264, "max_wse_m": 3740.41}}, {"type": "Feature", "geometry": {"type": "Point", "coordinates": [380034.52, 3373747.97]}, "properties": {"cell_id": 3265, "max_wse_m": 3767.34}}, {"type": "Feature", "geometry": {"type": "Point", "coordinates": [380074.52, 3373747.97]}, "properties": {"cell_id": 3266, "max_wse_m": 3797.05}}, {"type": "Feature", "geometry": {"type": "Point", "coordinates": [380114.52, 3373747.97]}, "properties": {"cell_id": 3267, "max_wse_m": 3808.36}}, {"type": "Feature", "geometry": {"type": "Point", "coordinates": [380154.52, 3373747.97]}, "properties": {"cell_id": 3268, "max_wse_m": 3828.8}}, {"type": "Feature", "geometry": {"type": "Point", "coordinates": [380194.52, 3373747.97]}, "properties": {"cell_id": 3269, "max_wse_m": 3811.23}}, {"type": "Feature", "geometry": {"type": "Point", "coordinates": [380234.52, 3373747.97]}, "properties": {"cell_id": 3270, "max_wse_m": 3790.51}}, {"type": "Feature", "geometry": {"type": "Point", "coordinates": [380274.52, 3373747.97]}, "properties": {"cell_id": 3271, "max_wse_m": 3780.84}}, {"type": "Feature", "geometry": {"type": "Point", "coordinates": [380314.52, 3373747.97]}, "properties": {"cell_id": 3272, "max_wse_m": 3763.42}}, {"type": "Feature", "geometry": {"type": "Point", "coordinates": [380354.52, 3373747.97]}, "properties": {"cell_id": 3273, "max_wse_m": 3739.4}}, {"type": "Feature", "geometry": {"type": "Point", "coordinates": [380394.52, 3373747.97]}, "properties": {"cell_id": 3274, "max_wse_m": 3738.09}}, {"type": "Feature", "geometry": {"type": "Point", "coordinates": [380434.52, 3373747.97]}, "properties": {"cell_id": 3275, "max_wse_m": 3743.35}}, {"type": "Feature", "geometry": {"type": "Point", "coordinates": [380474.52, 3373747.97]}, "properties": {"cell_id": 3276, "max_wse_m": 3724.25}}, {"type": "Feature", "geometry": {"type": "Point", "coordinates": [380514.52, 3373747.97]}, "properties": {"cell_id": 3277, "max_wse_m": 3679.5}}, {"type": "Feature", "geometry": {"type": "Point", "coordinates": [380554.52, 3373747.97]}, "properties": {"cell_id": 3278, "max_wse_m": 3674.35}}, {"type": "Feature", "geometry": {"type": "Point", "coordinates": [380594.52, 3373747.97]}, "properties": {"cell_id": 3279, "max_wse_m": 3677.25}}, {"type": "Feature", "geometry": {"type": "Point", "coordinates": [380634.52, 3373747.97]}, "properties": {"cell_id": 3280, "max_wse_m": 3681.31}}, {"type": "Feature", "geometry": {"type": "Point", "coordinates": [380674.52, 3373747.97]}, "properties": {"cell_id": 3281, "max_wse_m": 3689.32}}, {"type": "Feature", "geometry": {"type": "Point", "coordinates": [380714.52, 3373747.97]}, "properties": {"cell_id": 3282, "max_wse_m": 3721.69}}, {"type": "Feature", "geometry": {"type": "Point", "coordinates": [380754.52, 3373747.97]}, "properties": {"cell_id": 3283, "max_wse_m": 3763.95}}, {"type": "Feature", "geometry": {"type": "Point", "coordinates": [380794.52, 3373747.97]}, "properties": {"cell_id": 3284, "max_wse_m": 3830.71}}, {"type": "Feature", "geometry": {"type": "Point", "coordinates": [380834.52, 3373747.97]}, "properties": {"cell_id": 3285, "max_wse_m": 3886.61}}, {"type": "Feature", "geometry": {"type": "Point", "coordinates": [380874.52, 3373747.97]}, "properties": {"cell_id": 3286, "max_wse_m": 3904.57}}, {"type": "Feature", "geometry": {"type": "Point", "coordinates": [380914.52, 3373747.97]}, "properties": {"cell_id": 3287, "max_wse_m": 3921.97}}, {"type": "Feature", "geometry": {"type": "Point", "coordinates": [380954.52, 3373747.97]}, "properties": {"cell_id": 3288, "max_wse_m": 3913.71}}, {"type": "Feature", "geometry": {"type": "Point", "coordinates": [380994.52, 3373747.97]}, "properties": {"cell_id": 3289, "max_wse_m": 3912.99}}, {"type": "Feature", "geometry": {"type": "Point", "coordinates": [381034.52, 3373747.97]}, "properties": {"cell_id": 3290, "max_wse_m": 3929.1}}, {"type": "Feature", "geometry": {"type": "Point", "coordinates": [381074.52, 3373747.97]}, "properties": {"cell_id": 3291, "max_wse_m": 3956.83}}, {"type": "Feature", "geometry": {"type": "Point", "coordinates": [381114.52, 3373747.97]}, "properties": {"cell_id": 3292, "max_wse_m": 3989.61}}, {"type": "Feature", "geometry": {"type": "Point", "coordinates": [381154.52, 3373747.97]}, "properties": {"cell_id": 3293, "max_wse_m": 4025.87}}, {"type": "Feature", "geometry": {"type": "Point", "coordinates": [381194.52, 3373747.97]}, "properties": {"cell_id": 3294, "max_wse_m": 4063.67}}, {"type": "Feature", "geometry": {"type": "Point", "coordinates": [381234.52, 3373747.97]}, "properties": {"cell_id": 3295, "max_wse_m": 4064.42}}, {"type": "Feature", "geometry": {"type": "Point", "coordinates": [381274.52, 3373747.97]}, "properties": {"cell_id": 3296, "max_wse_m": 4057.8}}, {"type": "Feature", "geometry": {"type": "Point", "coordinates": [381314.52, 3373747.97]}, "properties": {"cell_id": 3297, "max_wse_m": 4054.86}}, {"type": "Feature", "geometry": {"type": "Point", "coordinates": [381354.52, 3373747.97]}, "properties": {"cell_id": 3298, "max_wse_m": 4056.77}}, {"type": "Feature", "geometry": {"type": "Point", "coordinates": [381394.52, 3373747.97]}, "properties": {"cell_id": 3299, "max_wse_m": 4100.0}}, {"type": "Feature", "geometry": {"type": "Point", "coordinates": [381434.52, 3373747.97]}, "properties": {"cell_id": 3300, "max_wse_m": 4130.94}}, {"type": "Feature", "geometry": {"type": "Point", "coordinates": [381474.52, 3373747.97]}, "properties": {"cell_id": 3301, "max_wse_m": 4172.79}}, {"type": "Feature", "geometry": {"type": "Point", "coordinates": [381514.52, 3373747.97]}, "properties": {"cell_id": 3302, "max_wse_m": 4221.52}}, {"type": "Feature", "geometry": {"type": "Point", "coordinates": [381554.52, 3373747.97]}, "properties": {"cell_id": 3303, "max_wse_m": 4269.33}}, {"type": "Feature", "geometry": {"type": "Point", "coordinates": [381594.52, 3373747.97]}, "properties": {"cell_id": 3304, "max_wse_m": 4265.39}}, {"type": "Feature", "geometry": {"type": "Point", "coordinates": [381634.52, 3373747.97]}, "properties": {"cell_id": 3305, "max_wse_m": 4261.43}}, {"type": "Feature", "geometry": {"type": "Point", "coordinates": [381674.52, 3373747.97]}, "properties": {"cell_id": 3306, "max_wse_m": 4226.15}}, {"type": "Feature", "geometry": {"type": "Point", "coordinates": [381714.52, 3373747.97]}, "properties": {"cell_id": 3307, "max_wse_m": 4179.75}}, {"type": "Feature", "geometry": {"type": "Point", "coordinates": [381754.52, 3373747.97]}, "properties": {"cell_id": 3308, "max_wse_m": 4132.71}}, {"type": "Feature", "geometry": {"type": "Point", "coordinates": [381794.52, 3373747.97]}, "properties": {"cell_id": 3309, "max_wse_m": 4101.13}}, {"type": "Feature", "geometry": {"type": "Point", "coordinates": [381834.52, 3373747.97]}, "properties": {"cell_id": 3310, "max_wse_m": 4076.09}}, {"type": "Feature", "geometry": {"type": "Point", "coordinates": [381874.52, 3373747.97]}, "properties": {"cell_id": 3311, "max_wse_m": 4040.05}}, {"type": "Feature", "geometry": {"type": "Point", "coordinates": [371674.52, 3373707.97]}, "properties": {"cell_id": 3312, "max_wse_m": 1829.91}}, {"type": "Feature", "geometry": {"type": "Point", "coordinates": [371714.52, 3373707.97]}, "properties": {"cell_id": 3313, "max_wse_m": 1822.5}}, {"type": "Feature", "geometry": {"type": "Point", "coordinates": [371754.52, 3373707.97]}, "properties": {"cell_id": 3314, "max_wse_m": 1821.65}}, {"type": "Feature", "geometry": {"type": "Point", "coordinates": [372274.52, 3373707.97]}, "properties": {"cell_id": 3315, "max_wse_m": 1834.94}}, {"type": "Feature", "geometry": {"type": "Point", "coordinates": [372314.52, 3373707.97]}, "properties": {"cell_id": 3316, "max_wse_m": 1831.81}}, {"type": "Feature", "geometry": {"type": "Point", "coordinates": [372354.52, 3373707.97]}, "properties": {"cell_id": 3317, "max_wse_m": 1833.01}}, {"type": "Feature", "geometry": {"type": "Point", "coordinates": [372394.52, 3373707.97]}, "properties": {"cell_id": 3318, "max_wse_m": 1835.15}}, {"type": "Feature", "geometry": {"type": "Point", "coordinates": [372434.52, 3373707.97]}, "properties": {"cell_id": 3319, "max_wse_m": 1835.59}}, {"type": "Feature", "geometry": {"type": "Point", "coordinates": [372474.52, 3373707.97]}, "properties": {"cell_id": 3320, "max_wse_m": 1839.22}}, {"type": "Feature", "geometry": {"type": "Point", "coordinates": [372514.52, 3373707.97]}, "properties": {"cell_id": 3321, "max_wse_m": 1846.07}}, {"type": "Feature", "geometry": {"type": "Point", "coordinates": [372554.52, 3373707.97]}, "properties": {"cell_id": 3322, "max_wse_m": 1842.73}}, {"type": "Feature", "geometry": {"type": "Point", "coordinates": [372594.52, 3373707.97]}, "properties": {"cell_id": 3323, "max_wse_m": 1844.07}}, {"type": "Feature", "geometry": {"type": "Point", "coordinates": [372634.52, 3373707.97]}, "properties": {"cell_id": 3324, "max_wse_m": 1844.01}}, {"type": "Feature", "geometry": {"type": "Point", "coordinates": [372674.52, 3373707.97]}, "properties": {"cell_id": 3325, "max_wse_m": 1847.09}}, {"type": "Feature", "geometry": {"type": "Point", "coordinates": [372714.52, 3373707.97]}, "properties": {"cell_id": 3326, "max_wse_m": 1847.19}}, {"type": "Feature", "geometry": {"type": "Point", "coordinates": [372754.52, 3373707.97]}, "properties": {"cell_id": 3327, "max_wse_m": 1848.78}}, {"type": "Feature", "geometry": {"type": "Point", "coordinates": [372794.52, 3373707.97]}, "properties": {"cell_id": 3328, "max_wse_m": 1851.08}}, {"type": "Feature", "geometry": {"type": "Point", "coordinates": [372834.52, 3373707.97]}, "properties": {"cell_id": 3329, "max_wse_m": 1852.57}}, {"type": "Feature", "geometry": {"type": "Point", "coordinates": [372874.52, 3373707.97]}, "properties": {"cell_id": 3330, "max_wse_m": 1851.46}}, {"type": "Feature", "geometry": {"type": "Point", "coordinates": [372914.52, 3373707.97]}, "properties": {"cell_id": 3331, "max_wse_m": 1853.48}}, {"type": "Feature", "geometry": {"type": "Point", "coordinates": [372954.52, 3373707.97]}, "properties": {"cell_id": 3332, "max_wse_m": 1853.68}}, {"type": "Feature", "geometry": {"type": "Point", "coordinates": [372994.52, 3373707.97]}, "properties": {"cell_id": 3333, "max_wse_m": 1854.02}}, {"type": "Feature", "geometry": {"type": "Point", "coordinates": [373034.52, 3373707.97]}, "properties": {"cell_id": 3334, "max_wse_m": 1853.84}}, {"type": "Feature", "geometry": {"type": "Point", "coordinates": [373074.52, 3373707.97]}, "properties": {"cell_id": 3335, "max_wse_m": 1855.14}}, {"type": "Feature", "geometry": {"type": "Point", "coordinates": [373114.52, 3373707.97]}, "properties": {"cell_id": 3336, "max_wse_m": 1858.65}}, {"type": "Feature", "geometry": {"type": "Point", "coordinates": [373154.52, 3373707.97]}, "properties": {"cell_id": 3337, "max_wse_m": 1860.62}}, {"type": "Feature", "geometry": {"type": "Point", "coordinates": [373194.52, 3373707.97]}, "properties": {"cell_id": 3338, "max_wse_m": 1864.97}}, {"type": "Feature", "geometry": {"type": "Point", "coordinates": [373234.52, 3373707.97]}, "properties": {"cell_id": 3339, "max_wse_m": 1875.21}}, {"type": "Feature", "geometry": {"type": "Point", "coordinates": [373274.52, 3373707.97]}, "properties": {"cell_id": 3340, "max_wse_m": 1891.73}}, {"type": "Feature", "geometry": {"type": "Point", "coordinates": [373314.52, 3373707.97]}, "properties": {"cell_id": 3341, "max_wse_m": 1918.36}}, {"type": "Feature", "geometry": {"type": "Point", "coordinates": [373354.52, 3373707.97]}, "properties": {"cell_id": 3342, "max_wse_m": 1922.22}}, {"type": "Feature", "geometry": {"type": "Point", "coordinates": [373394.52, 3373707.97]}, "properties": {"cell_id": 3343, "max_wse_m": 1938.22}}, {"type": "Feature", "geometry": {"type": "Point", "coordinates": [373434.52, 3373707.97]}, "properties": {"cell_id": 3344, "max_wse_m": 1958.14}}, {"type": "Feature", "geometry": {"type": "Point", "coordinates": [373474.52, 3373707.97]}, "properties": {"cell_id": 3345, "max_wse_m": 1965.41}}, {"type": "Feature", "geometry": {"type": "Point", "coordinates": [373514.52, 3373707.97]}, "properties": {"cell_id": 3346, "max_wse_m": 1976.48}}, {"type": "Feature", "geometry": {"type": "Point", "coordinates": [373554.52, 3373707.97]}, "properties": {"cell_id": 3347, "max_wse_m": 1968.01}}, {"type": "Feature", "geometry": {"type": "Point", "coordinates": [373594.52, 3373707.97]}, "properties": {"cell_id": 3348, "max_wse_m": 1966.71}}, {"type": "Feature", "geometry": {"type": "Point", "coordinates": [373634.52, 3373707.97]}, "properties": {"cell_id": 3349, "max_wse_m": 1969.3}}, {"type": "Feature", "geometry": {"type": "Point", "coordinates": [373674.52, 3373707.97]}, "properties": {"cell_id": 3350, "max_wse_m": 1956.39}}, {"type": "Feature", "geometry": {"type": "Point", "coordinates": [373714.52, 3373707.97]}, "properties": {"cell_id": 3351, "max_wse_m": 1941.02}}, {"type": "Feature", "geometry": {"type": "Point", "coordinates": [373754.52, 3373707.97]}, "properties": {"cell_id": 3352, "max_wse_m": 1932.18}}, {"type": "Feature", "geometry": {"type": "Point", "coordinates": [373794.52, 3373707.97]}, "properties": {"cell_id": 3353, "max_wse_m": 1930.04}}, {"type": "Feature", "geometry": {"type": "Point", "coordinates": [373834.52, 3373707.97]}, "properties": {"cell_id": 3354, "max_wse_m": 1935.35}}, {"type": "Feature", "geometry": {"type": "Point", "coordinates": [373874.52, 3373707.97]}, "properties": {"cell_id": 3355, "max_wse_m": 1945.58}}, {"type": "Feature", "geometry": {"type": "Point", "coordinates": [373914.52, 3373707.97]}, "properties": {"cell_id": 3356, "max_wse_m": 1948.51}}, {"type": "Feature", "geometry": {"type": "Point", "coordinates": [373954.52, 3373707.97]}, "properties": {"cell_id": 3357, "max_wse_m": 1948.18}}, {"type": "Feature", "geometry": {"type": "Point", "coordinates": [373994.52, 3373707.97]}, "properties": {"cell_id": 3358, "max_wse_m": 1971.81}}, {"type": "Feature", "geometry": {"type": "Point", "coordinates": [374034.52, 3373707.97]}, "properties": {"cell_id": 3359, "max_wse_m": 1972.14}}, {"type": "Feature", "geometry": {"type": "Point", "coordinates": [374074.52, 3373707.97]}, "properties": {"cell_id": 3360, "max_wse_m": 1986.22}}, {"type": "Feature", "geometry": {"type": "Point", "coordinates": [374114.52, 3373707.97]}, "properties": {"cell_id": 3361, "max_wse_m": 1996.79}}, {"type": "Feature", "geometry": {"type": "Point", "coordinates": [374154.52, 3373707.97]}, "properties": {"cell_id": 3362, "max_wse_m": 2015.56}}, {"type": "Feature", "geometry": {"type": "Point", "coordinates": [374194.52, 3373707.97]}, "properties": {"cell_id": 3363, "max_wse_m": 2027.24}}, {"type": "Feature", "geometry": {"type": "Point", "coordinates": [374234.52, 3373707.97]}, "properties": {"cell_id": 3364, "max_wse_m": 2012.97}}, {"type": "Feature", "geometry": {"type": "Point", "coordinates": [374274.52, 3373707.97]}, "properties": {"cell_id": 3365, "max_wse_m": 1995.53}}, {"type": "Feature", "geometry": {"type": "Point", "coordinates": [374314.52, 3373707.97]}, "properties": {"cell_id": 3366, "max_wse_m": 1980.24}}, {"type": "Feature", "geometry": {"type": "Point", "coordinates": [374354.52, 3373707.97]}, "properties": {"cell_id": 3367, "max_wse_m": 1968.23}}, {"type": "Feature", "geometry": {"type": "Point", "coordinates": [374394.52, 3373707.97]}, "properties": {"cell_id": 3368, "max_wse_m": 1944.98}}, {"type": "Feature", "geometry": {"type": "Point", "coordinates": [374434.52, 3373707.97]}, "properties": {"cell_id": 3369, "max_wse_m": 1930.94}}, {"type": "Feature", "geometry": {"type": "Point", "coordinates": [374474.52, 3373707.97]}, "properties": {"cell_id": 3370, "max_wse_m": 1919.29}}, {"type": "Feature", "geometry": {"type": "Point", "coordinates": [374514.52, 3373707.97]}, "properties": {"cell_id": 3371, "max_wse_m": 1918.99}}, {"type": "Feature", "geometry": {"type": "Point", "coordinates": [374554.52, 3373707.97]}, "properties": {"cell_id": 3372, "max_wse_m": 1925.89}}, {"type": "Feature", "geometry": {"type": "Point", "coordinates": [374594.52, 3373707.97]}, "properties": {"cell_id": 3373, "max_wse_m": 1952.53}}, {"type": "Feature", "geometry": {"type": "Point", "coordinates": [374634.52, 3373707.97]}, "properties": {"cell_id": 3374, "max_wse_m": 1970.23}}, {"type": "Feature", "geometry": {"type": "Point", "coordinates": [374674.52, 3373707.97]}, "properties": {"cell_id": 3375, "max_wse_m": 1977.8}}, {"type": "Feature", "geometry": {"type": "Point", "coordinates": [374714.52, 3373707.97]}, "properties": {"cell_id": 3376, "max_wse_m": 2023.56}}, {"type": "Feature", "geometry": {"type": "Point", "coordinates": [374754.52, 3373707.97]}, "properties": {"cell_id": 3377, "max_wse_m": 2099.27}}, {"type": "Feature", "geometry": {"type": "Point", "coordinates": [374794.52, 3373707.97]}, "properties": {"cell_id": 3378, "max_wse_m": 2128.15}}, {"type": "Feature", "geometry": {"type": "Point", "coordinates": [374834.52, 3373707.97]}, "properties": {"cell_id": 3379, "max_wse_m": 2153.13}}, {"type": "Feature", "geometry": {"type": "Point", "coordinates": [374874.52, 3373707.97]}, "properties": {"cell_id": 3380, "max_wse_m": 2176.66}}, {"type": "Feature", "geometry": {"type": "Point", "coordinates": [374914.52, 3373707.97]}, "properties": {"cell_id": 3381, "max_wse_m": 2203.14}}, {"type": "Feature", "geometry": {"type": "Point", "coordinates": [374954.52, 3373707.97]}, "properties": {"cell_id": 3382, "max_wse_m": 2229.63}}, {"type": "Feature", "geometry": {"type": "Point", "coordinates": [374994.52, 3373707.97]}, "properties": {"cell_id": 3383, "max_wse_m": 2253.49}}, {"type": "Feature", "geometry": {"type": "Point", "coordinates": [375034.52, 3373707.97]}, "properties": {"cell_id": 3384, "max_wse_m": 2276.14}}, {"type": "Feature", "geometry": {"type": "Point", "coordinates": [375074.52, 3373707.97]}, "properties": {"cell_id": 3385, "max_wse_m": 2298.13}}, {"type": "Feature", "geometry": {"type": "Point", "coordinates": [378714.52, 3373707.97]}, "properties": {"cell_id": 3386, "max_wse_m": 3267.08}}, {"type": "Feature", "geometry": {"type": "Point", "coordinates": [378754.52, 3373707.97]}, "properties": {"cell_id": 3387, "max_wse_m": 3242.36}}, {"type": "Feature", "geometry": {"type": "Point", "coordinates": [378794.52, 3373707.97]}, "properties": {"cell_id": 3388, "max_wse_m": 3221.73}}, {"type": "Feature", "geometry": {"type": "Point", "coordinates": [378834.52, 3373707.97]}, "properties": {"cell_id": 3389, "max_wse_m": 3224.52}}, {"type": "Feature", "geometry": {"type": "Point", "coordinates": [378874.52, 3373707.97]}, "properties": {"cell_id": 3390, "max_wse_m": 3229.13}}, {"type": "Feature", "geometry": {"type": "Point", "coordinates": [378914.52, 3373707.97]}, "properties": {"cell_id": 3391, "max_wse_m": 3229.14}}, {"type": "Feature", "geometry": {"type": "Point", "coordinates": [378954.52, 3373707.97]}, "properties": {"cell_id": 3392, "max_wse_m": 3243.3}}, {"type": "Feature", "geometry": {"type": "Point", "coordinates": [378994.52, 3373707.97]}, "properties": {"cell_id": 3393, "max_wse_m": 3276.59}}, {"type": "Feature", "geometry": {"type": "Point", "coordinates": [379034.52, 3373707.97]}, "properties": {"cell_id": 3394, "max_wse_m": 3285.99}}, {"type": "Feature", "geometry": {"type": "Point", "coordinates": [379074.52, 3373707.97]}, "properties": {"cell_id": 3395, "max_wse_m": 3295.0}}, {"type": "Feature", "geometry": {"type": "Point", "coordinates": [379114.52, 3373707.97]}, "properties": {"cell_id": 3396, "max_wse_m": 3327.53}}, {"type": "Feature", "geometry": {"type": "Point", "coordinates": [379154.52, 3373707.97]}, "properties": {"cell_id": 3397, "max_wse_m": 3366.62}}, {"type": "Feature", "geometry": {"type": "Point", "coordinates": [379194.52, 3373707.97]}, "properties": {"cell_id": 3398, "max_wse_m": 3385.71}}, {"type": "Feature", "geometry": {"type": "Point", "coordinates": [379234.52, 3373707.97]}, "properties": {"cell_id": 3399, "max_wse_m": 3394.47}}, {"type": "Feature", "geometry": {"type": "Point", "coordinates": [379274.52, 3373707.97]}, "properties": {"cell_id": 3400, "max_wse_m": 3385.2}}, {"type": "Feature", "geometry": {"type": "Point", "coordinates": [379314.52, 3373707.97]}, "properties": {"cell_id": 3401, "max_wse_m": 3384.98}}, {"type": "Feature", "geometry": {"type": "Point", "coordinates": [379354.52, 3373707.97]}, "properties": {"cell_id": 3402, "max_wse_m": 3405.09}}, {"type": "Feature", "geometry": {"type": "Point", "coordinates": [379394.52, 3373707.97]}, "properties": {"cell_id": 3403, "max_wse_m": 3421.24}}, {"type": "Feature", "geometry": {"type": "Point", "coordinates": [379434.52, 3373707.97]}, "properties": {"cell_id": 3404, "max_wse_m": 3465.76}}, {"type": "Feature", "geometry": {"type": "Point", "coordinates": [379474.52, 3373707.97]}, "properties": {"cell_id": 3405, "max_wse_m": 3493.46}}, {"type": "Feature", "geometry": {"type": "Point", "coordinates": [379514.52, 3373707.97]}, "properties": {"cell_id": 3406, "max_wse_m": 3534.76}}, {"type": "Feature", "geometry": {"type": "Point", "coordinates": [379554.52, 3373707.97]}, "properties": {"cell_id": 3407, "max_wse_m": 3557.0}}, {"type": "Feature", "geometry": {"type": "Point", "coordinates": [379594.52, 3373707.97]}, "properties": {"cell_id": 3408, "max_wse_m": 3568.45}}, {"type": "Feature", "geometry": {"type": "Point", "coordinates": [379634.52, 3373707.97]}, "properties": {"cell_id": 3409, "max_wse_m": 3592.61}}, {"type": "Feature", "geometry": {"type": "Point", "coordinates": [379674.52, 3373707.97]}, "properties": {"cell_id": 3410, "max_wse_m": 3594.47}}, {"type": "Feature", "geometry": {"type": "Point", "coordinates": [379714.52, 3373707.97]}, "properties": {"cell_id": 3411, "max_wse_m": 3623.61}}, {"type": "Feature", "geometry": {"type": "Point", "coordinates": [379754.52, 3373707.97]}, "properties": {"cell_id": 3412, "max_wse_m": 3633.74}}, {"type": "Feature", "geometry": {"type": "Point", "coordinates": [379794.52, 3373707.97]}, "properties": {"cell_id": 3413, "max_wse_m": 3654.7}}, {"type": "Feature", "geometry": {"type": "Point", "coordinates": [379834.52, 3373707.97]}, "properties": {"cell_id": 3414, "max_wse_m": 3680.93}}, {"type": "Feature", "geometry": {"type": "Point", "coordinates": [379874.52, 3373707.97]}, "properties": {"cell_id": 3415, "max_wse_m": 3699.43}}, {"type": "Feature", "geometry": {"type": "Point", "coordinates": [379914.52, 3373707.97]}, "properties": {"cell_id": 3416, "max_wse_m": 3743.03}}, {"type": "Feature", "geometry": {"type": "Point", "coordinates": [379954.52, 3373707.97]}, "properties": {"cell_id": 3417, "max_wse_m": 3758.92}}, {"type": "Feature", "geometry": {"type": "Point", "coordinates": [379994.52, 3373707.97]}, "properties": {"cell_id": 3418, "max_wse_m": 3775.79}}, {"type": "Feature", "geometry": {"type": "Point", "coordinates": [380034.52, 3373707.97]}, "properties": {"cell_id": 3419, "max_wse_m": 3803.28}}, {"type": "Feature", "geometry": {"type": "Point", "coordinates": [380074.52, 3373707.97]}, "properties": {"cell_id": 3420, "max_wse_m": 3821.75}}, {"type": "Feature", "geometry": {"type": "Point", "coordinates": [380114.52, 3373707.97]}, "properties": {"cell_id": 3421, "max_wse_m": 3837.39}}, {"type": "Feature", "geometry": {"type": "Point", "coordinates": [380154.52, 3373707.97]}, "properties": {"cell_id": 3422, "max_wse_m": 3808.69}}, {"type": "Feature", "geometry": {"type": "Point", "coordinates": [380194.52, 3373707.97]}, "properties": {"cell_id": 3423, "max_wse_m": 3780.93}}, {"type": "Feature", "geometry": {"type": "Point", "coordinates": [380234.52, 3373707.97]}, "properties": {"cell_id": 3424, "max_wse_m": 3751.66}}, {"type": "Feature", "geometry": {"type": "Point", "coordinates": [380274.52, 3373707.97]}, "properties": {"cell_id": 3425, "max_wse_m": 3741.44}}, {"type": "Feature", "geometry": {"type": "Point", "coordinates": [380314.52, 3373707.97]}, "properties": {"cell_id": 3426, "max_wse_m": 3725.33}}, {"type": "Feature", "geometry": {"type": "Point", "coordinates": [380354.52, 3373707.97]}, "properties": {"cell_id": 3427, "max_wse_m": 3705.32}}, {"type": "Feature", "geometry": {"type": "Point", "coordinates": [380394.52, 3373707.97]}, "properties": {"cell_id": 3428, "max_wse_m": 3688.66}}, {"type": "Feature", "geometry": {"type": "Point", "coordinates": [380434.52, 3373707.97]}, "properties": {"cell_id": 3429, "max_wse_m": 3676.62}}, {"type": "Feature", "geometry": {"type": "Point", "coordinates": [380474.52, 3373707.97]}, "properties": {"cell_id": 3430, "max_wse_m": 3664.17}}, {"type": "Feature", "geometry": {"type": "Point", "coordinates": [380514.52, 3373707.97]}, "properties": {"cell_id": 3431, "max_wse_m": 3651.04}}, {"type": "Feature", "geometry": {"type": "Point", "coordinates": [380554.52, 3373707.97]}, "properties": {"cell_id": 3432, "max_wse_m": 3643.59}}, {"type": "Feature", "geometry": {"type": "Point", "coordinates": [380594.52, 3373707.97]}, "properties": {"cell_id": 3433, "max_wse_m": 3649.13}}, {"type": "Feature", "geometry": {"type": "Point", "coordinates": [380634.52, 3373707.97]}, "properties": {"cell_id": 3434, "max_wse_m": 3653.92}}, {"type": "Feature", "geometry": {"type": "Point", "coordinates": [380674.52, 3373707.97]}, "properties": {"cell_id": 3435, "max_wse_m": 3665.34}}, {"type": "Feature", "geometry": {"type": "Point", "coordinates": [380714.52, 3373707.97]}, "properties": {"cell_id": 3436, "max_wse_m": 3696.13}}, {"type": "Feature", "geometry": {"type": "Point", "coordinates": [380754.52, 3373707.97]}, "properties": {"cell_id": 3437, "max_wse_m": 3742.84}}, {"type": "Feature", "geometry": {"type": "Point", "coordinates": [380794.52, 3373707.97]}, "properties": {"cell_id": 3438, "max_wse_m": 3818.66}}, {"type": "Feature", "geometry": {"type": "Point", "coordinates": [380834.52, 3373707.97]}, "properties": {"cell_id": 3439, "max_wse_m": 3858.39}}, {"type": "Feature", "geometry": {"type": "Point", "coordinates": [380874.52, 3373707.97]}, "properties": {"cell_id": 3440, "max_wse_m": 3855.84}}, {"type": "Feature", "geometry": {"type": "Point", "coordinates": [380914.52, 3373707.97]}, "properties": {"cell_id": 3441, "max_wse_m": 3862.29}}, {"type": "Feature", "geometry": {"type": "Point", "coordinates": [380954.52, 3373707.97]}, "properties": {"cell_id": 3442, "max_wse_m": 3866.72}}, {"type": "Feature", "geometry": {"type": "Point", "coordinates": [380994.52, 3373707.97]}, "properties": {"cell_id": 3443, "max_wse_m": 3894.5}}, {"type": "Feature", "geometry": {"type": "Point", "coordinates": [381034.52, 3373707.97]}, "properties": {"cell_id": 3444, "max_wse_m": 3926.97}}, {"type": "Feature", "geometry": {"type": "Point", "coordinates": [381074.52, 3373707.97]}, "properties": {"cell_id": 3445, "max_wse_m": 3956.23}}, {"type": "Feature", "geometry": {"type": "Point", "coordinates": [381114.52, 3373707.97]}, "properties": {"cell_id": 3446, "max_wse_m": 3994.43}}, {"type": "Feature", "geometry": {"type": "Point", "coordinates": [381154.52, 3373707.97]}, "properties": {"cell_id": 3447, "max_wse_m": 4028.28}}, {"type": "Feature", "geometry": {"type": "Point", "coordinates": [381194.52, 3373707.97]}, "properties": {"cell_id": 3448, "max_wse_m": 4067.57}}, {"type": "Feature", "geometry": {"type": "Point", "coordinates": [381234.52, 3373707.97]}, "properties": {"cell_id": 3449, "max_wse_m": 4049.05}}, {"type": "Feature", "geometry": {"type": "Point", "coordinates": [381274.52, 3373707.97]}, "properties": {"cell_id": 3450, "max_wse_m": 4019.73}}, {"type": "Feature", "geometry": {"type": "Point", "coordinates": [381314.52, 3373707.97]}, "properties": {"cell_id": 3451, "max_wse_m": 4019.75}}, {"type": "Feature", "geometry": {"type": "Point", "coordinates": [381354.52, 3373707.97]}, "properties": {"cell_id": 3452, "max_wse_m": 4038.81}}, {"type": "Feature", "geometry": {"type": "Point", "coordinates": [381394.52, 3373707.97]}, "properties": {"cell_id": 3453, "max_wse_m": 4092.0}}, {"type": "Feature", "geometry": {"type": "Point", "coordinates": [381434.52, 3373707.97]}, "properties": {"cell_id": 3454, "max_wse_m": 4134.23}}, {"type": "Feature", "geometry": {"type": "Point", "coordinates": [381474.52, 3373707.97]}, "properties": {"cell_id": 3455, "max_wse_m": 4172.03}}, {"type": "Feature", "geometry": {"type": "Point", "coordinates": [381514.52, 3373707.97]}, "properties": {"cell_id": 3456, "max_wse_m": 4216.75}}, {"type": "Feature", "geometry": {"type": "Point", "coordinates": [381554.52, 3373707.97]}, "properties": {"cell_id": 3457, "max_wse_m": 4220.06}}, {"type": "Feature", "geometry": {"type": "Point", "coordinates": [381594.52, 3373707.97]}, "properties": {"cell_id": 3458, "max_wse_m": 4224.76}}, {"type": "Feature", "geometry": {"type": "Point", "coordinates": [381634.52, 3373707.97]}, "properties": {"cell_id": 3459, "max_wse_m": 4194.02}}, {"type": "Feature", "geometry": {"type": "Point", "coordinates": [381674.52, 3373707.97]}, "properties": {"cell_id": 3460, "max_wse_m": 4149.95}}, {"type": "Feature", "geometry": {"type": "Point", "coordinates": [381714.52, 3373707.97]}, "properties": {"cell_id": 3461, "max_wse_m": 4121.15}}, {"type": "Feature", "geometry": {"type": "Point", "coordinates": [381754.52, 3373707.97]}, "properties": {"cell_id": 3462, "max_wse_m": 4099.43}}, {"type": "Feature", "geometry": {"type": "Point", "coordinates": [381794.52, 3373707.97]}, "properties": {"cell_id": 3463, "max_wse_m": 4064.9}}, {"type": "Feature", "geometry": {"type": "Point", "coordinates": [381834.52, 3373707.97]}, "properties": {"cell_id": 3464, "max_wse_m": 4058.16}}, {"type": "Feature", "geometry": {"type": "Point", "coordinates": [381874.52, 3373707.97]}, "properties": {"cell_id": 3465, "max_wse_m": 4006.41}}, {"type": "Feature", "geometry": {"type": "Point", "coordinates": [372354.52, 3373667.97]}, "properties": {"cell_id": 3466, "max_wse_m": 1850.8}}, {"type": "Feature", "geometry": {"type": "Point", "coordinates": [372394.52, 3373667.97]}, "properties": {"cell_id": 3467, "max_wse_m": 1839.48}}, {"type": "Feature", "geometry": {"type": "Point", "coordinates": [372434.52, 3373667.97]}, "properties": {"cell_id": 3468, "max_wse_m": 1837.52}}, {"type": "Feature", "geometry": {"type": "Point", "coordinates": [372474.52, 3373667.97]}, "properties": {"cell_id": 3469, "max_wse_m": 1839.33}}, {"type": "Feature", "geometry": {"type": "Point", "coordinates": [372514.52, 3373667.97]}, "properties": {"cell_id": 3470, "max_wse_m": 1843.25}}, {"type": "Feature", "geometry": {"type": "Point", "coordinates": [372554.52, 3373667.97]}, "properties": {"cell_id": 3471, "max_wse_m": 1841.74}}, {"type": "Feature", "geometry": {"type": "Point", "coordinates": [372594.52, 3373667.97]}, "properties": {"cell_id": 3472, "max_wse_m": 1844.09}}, {"type": "Feature", "geometry": {"type": "Point", "coordinates": [372634.52, 3373667.97]}, "properties": {"cell_id": 3473, "max_wse_m": 1847.99}}, {"type": "Feature", "geometry": {"type": "Point", "coordinates": [372674.52, 3373667.97]}, "properties": {"cell_id": 3474, "max_wse_m": 1847.89}}, {"type": "Feature", "geometry": {"type": "Point", "coordinates": [372714.52, 3373667.97]}, "properties": {"cell_id": 3475, "max_wse_m": 1847.21}}, {"type": "Feature", "geometry": {"type": "Point", "coordinates": [372754.52, 3373667.97]}, "properties": {"cell_id": 3476, "max_wse_m": 1848.61}}, {"type": "Feature", "geometry": {"type": "Point", "coordinates": [372794.52, 3373667.97]}, "properties": {"cell_id": 3477, "max_wse_m": 1850.61}}, {"type": "Feature", "geometry": {"type": "Point", "coordinates": [372834.52, 3373667.97]}, "properties": {"cell_id": 3478, "max_wse_m": 1850.94}}, {"type": "Feature", "geometry": {"type": "Point", "coordinates": [372874.52, 3373667.97]}, "properties": {"cell_id": 3479, "max_wse_m": 1850.93}}, {"type": "Feature", "geometry": {"type": "Point", "coordinates": [372914.52, 3373667.97]}, "properties": {"cell_id": 3480, "max_wse_m": 1853.94}}, {"type": "Feature", "geometry": {"type": "Point", "coordinates": [372954.52, 3373667.97]}, "properties": {"cell_id": 3481, "max_wse_m": 1856.25}}, {"type": "Feature", "geometry": {"type": "Point", "coordinates": [372994.52, 3373667.97]}, "properties": {"cell_id": 3482, "max_wse_m": 1860.86}}, {"type": "Feature", "geometry": {"type": "Point", "coordinates": [373034.52, 3373667.97]}, "properties": {"cell_id": 3483, "max_wse_m": 1865.05}}, {"type": "Feature", "geometry": {"type": "Point", "coordinates": [373074.52, 3373667.97]}, "properties": {"cell_id": 3484, "max_wse_m": 1869.14}}, {"type": "Feature", "geometry": {"type": "Point", "coordinates": [373114.52, 3373667.97]}, "properties": {"cell_id": 3485, "max_wse_m": 1869.1}}, {"type": "Feature", "geometry": {"type": "Point", "coordinates": [373154.52, 3373667.97]}, "properties": {"cell_id": 3486, "max_wse_m": 1863.6}}, {"type": "Feature", "geometry": {"type": "Point", "coordinates": [373194.52, 3373667.97]}, "properties": {"cell_id": 3487, "max_wse_m": 1864.49}}, {"type": "Feature", "geometry": {"type": "Point", "coordinates": [373234.52, 3373667.97]}, "properties": {"cell_id": 3488, "max_wse_m": 1866.16}}, {"type": "Feature", "geometry": {"type": "Point", "coordinates": [373274.52, 3373667.97]}, "properties": {"cell_id": 3489, "max_wse_m": 1869.52}}, {"type": "Feature", "geometry": {"type": "Point", "coordinates": [373314.52, 3373667.97]}, "properties": {"cell_id": 3490, "max_wse_m": 1874.24}}, {"type": "Feature", "geometry": {"type": "Point", "coordinates": [373354.52, 3373667.97]}, "properties": {"cell_id": 3491, "max_wse_m": 1889.06}}, {"type": "Feature", "geometry": {"type": "Point", "coordinates": [373394.52, 3373667.97]}, "properties": {"cell_id": 3492, "max_wse_m": 1911.78}}, {"type": "Feature", "geometry": {"type": "Point", "coordinates": [373434.52, 3373667.97]}, "properties": {"cell_id": 3493, "max_wse_m": 1930.55}}, {"type": "Feature", "geometry": {"type": "Point", "coordinates": [373474.52, 3373667.97]}, "properties": {"cell_id": 3494, "max_wse_m": 1927.55}}, {"type": "Feature", "geometry": {"type": "Point", "coordinates": [373514.52, 3373667.97]}, "properties": {"cell_id": 3495, "max_wse_m": 1921.81}}, {"type": "Feature", "geometry": {"type": "Point", "coordinates": [373554.52, 3373667.97]}, "properties": {"cell_id": 3496, "max_wse_m": 1922.79}}, {"type": "Feature", "geometry": {"type": "Point", "coordinates": [373594.52, 3373667.97]}, "properties": {"cell_id": 3497, "max_wse_m": 1927.31}}, {"type": "Feature", "geometry": {"type": "Point", "coordinates": [373634.52, 3373667.97]}, "properties": {"cell_id": 3498, "max_wse_m": 1928.93}}, {"type": "Feature", "geometry": {"type": "Point", "coordinates": [373674.52, 3373667.97]}, "properties": {"cell_id": 3499, "max_wse_m": 1913.92}}, {"type": "Feature", "geometry": {"type": "Point", "coordinates": [373714.52, 3373667.97]}, "properties": {"cell_id": 3500, "max_wse_m": 1900.69}}, {"type": "Feature", "geometry": {"type": "Point", "coordinates": [373754.52, 3373667.97]}, "properties": {"cell_id": 3501, "max_wse_m": 1894.18}}, {"type": "Feature", "geometry": {"type": "Point", "coordinates": [373794.52, 3373667.97]}, "properties": {"cell_id": 3502, "max_wse_m": 1902.41}}, {"type": "Feature", "geometry": {"type": "Point", "coordinates": [373834.52, 3373667.97]}, "properties": {"cell_id": 3503, "max_wse_m": 1909.68}}, {"type": "Feature", "geometry": {"type": "Point", "coordinates": [373874.52, 3373667.97]}, "properties": {"cell_id": 3504, "max_wse_m": 1911.4}}, {"type": "Feature", "geometry": {"type": "Point", "coordinates": [373914.52, 3373667.97]}, "properties": {"cell_id": 3505, "max_wse_m": 1917.91}}, {"type": "Feature", "geometry": {"type": "Point", "coordinates": [373954.52, 3373667.97]}, "properties": {"cell_id": 3506, "max_wse_m": 1918.6}}, {"type": "Feature", "geometry": {"type": "Point", "coordinates": [373994.52, 3373667.97]}, "properties": {"cell_id": 3507, "max_wse_m": 1938.82}}, {"type": "Feature", "geometry": {"type": "Point", "coordinates": [374034.52, 3373667.97]}, "properties": {"cell_id": 3508, "max_wse_m": 1941.03}}, {"type": "Feature", "geometry": {"type": "Point", "coordinates": [374074.52, 3373667.97]}, "properties": {"cell_id": 3509, "max_wse_m": 1956.41}}, {"type": "Feature", "geometry": {"type": "Point", "coordinates": [374114.52, 3373667.97]}, "properties": {"cell_id": 3510, "max_wse_m": 1965.16}}, {"type": "Feature", "geometry": {"type": "Point", "coordinates": [374154.52, 3373667.97]}, "properties": {"cell_id": 3511, "max_wse_m": 1987.3}}, {"type": "Feature", "geometry": {"type": "Point", "coordinates": [374194.52, 3373667.97]}, "properties": {"cell_id": 3512, "max_wse_m": 2004.83}}, {"type": "Feature", "geometry": {"type": "Point", "coordinates": [374234.52, 3373667.97]}, "properties": {"cell_id": 3513, "max_wse_m": 1993.86}}, {"type": "Feature", "geometry": {"type": "Point", "coordinates": [374274.52, 3373667.97]}, "properties": {"cell_id": 3514, "max_wse_m": 1957.51}}, {"type": "Feature", "geometry": {"type": "Point", "coordinates": [374314.52, 3373667.97]}, "properties": {"cell_id": 3515, "max_wse_m": 1924.14}}, {"type": "Feature", "geometry": {"type": "Point", "coordinates": [374354.52, 3373667.97]}, "properties": {"cell_id": 3516, "max_wse_m": 1920.07}}, {"type": "Feature", "geometry": {"type": "Point", "coordinates": [374394.52, 3373667.97]}, "properties": {"cell_id": 3517, "max_wse_m": 1914.08}}, {"type": "Feature", "geometry": {"type": "Point", "coordinates": [374434.52, 3373667.97]}, "properties": {"cell_id": 3518, "max_wse_m": 1912.43}}, {"type": "Feature", "geometry": {"type": "Point", "coordinates": [374474.52, 3373667.97]}, "properties": {"cell_id": 3519, "max_wse_m": 1916.06}}, {"type": "Feature", "geometry": {"type": "Point", "coordinates": [374514.52, 3373667.97]}, "properties": {"cell_id": 3520, "max_wse_m": 1930.55}}, {"type": "Feature", "geometry": {"type": "Point", "coordinates": [374554.52, 3373667.97]}, "properties": {"cell_id": 3521, "max_wse_m": 1971.89}}, {"type": "Feature", "geometry": {"type": "Point", "coordinates": [374594.52, 3373667.97]}, "properties": {"cell_id": 3522, "max_wse_m": 1997.77}}, {"type": "Feature", "geometry": {"type": "Point", "coordinates": [374634.52, 3373667.97]}, "properties": {"cell_id": 3523, "max_wse_m": 1996.11}}, {"type": "Feature", "geometry": {"type": "Point", "coordinates": [374674.52, 3373667.97]}, "properties": {"cell_id": 3524, "max_wse_m": 2001.78}}, {"type": "Feature", "geometry": {"type": "Point", "coordinates": [374714.52, 3373667.97]}, "properties": {"cell_id": 3525, "max_wse_m": 2052.24}}, {"type": "Feature", "geometry": {"type": "Point", "coordinates": [374754.52, 3373667.97]}, "properties": {"cell_id": 3526, "max_wse_m": 2082.29}}, {"type": "Feature", "geometry": {"type": "Point", "coordinates": [374794.52, 3373667.97]}, "properties": {"cell_id": 3527, "max_wse_m": 2114.92}}, {"type": "Feature", "geometry": {"type": "Point", "coordinates": [374834.52, 3373667.97]}, "properties": {"cell_id": 3528, "max_wse_m": 2134.03}}, {"type": "Feature", "geometry": {"type": "Point", "coordinates": [374874.52, 3373667.97]}, "properties": {"cell_id": 3529, "max_wse_m": 2156.4}}, {"type": "Feature", "geometry": {"type": "Point", "coordinates": [374914.52, 3373667.97]}, "properties": {"cell_id": 3530, "max_wse_m": 2178.9}}, {"type": "Feature", "geometry": {"type": "Point", "coordinates": [374954.52, 3373667.97]}, "properties": {"cell_id": 3531, "max_wse_m": 2204.59}}, {"type": "Feature", "geometry": {"type": "Point", "coordinates": [374994.52, 3373667.97]}, "properties": {"cell_id": 3532, "max_wse_m": 2228.8}}, {"type": "Feature", "geometry": {"type": "Point", "coordinates": [375034.52, 3373667.97]}, "properties": {"cell_id": 3533, "max_wse_m": 2251.18}}, {"type": "Feature", "geometry": {"type": "Point", "coordinates": [375074.52, 3373667.97]}, "properties": {"cell_id": 3534, "max_wse_m": 2274.95}}, {"type": "Feature", "geometry": {"type": "Point", "coordinates": [375114.52, 3373667.97]}, "properties": {"cell_id": 3535, "max_wse_m": 2299.28}}, {"type": "Feature", "geometry": {"type": "Point", "coordinates": [378674.52, 3373667.97]}, "properties": {"cell_id": 3536, "max_wse_m": 3306.63}}, {"type": "Feature", "geometry": {"type": "Point", "coordinates": [378714.52, 3373667.97]}, "properties": {"cell_id": 3537, "max_wse_m": 3292.36}}, {"type": "Feature", "geometry": {"type": "Point", "coordinates": [378754.52, 3373667.97]}, "properties": {"cell_id": 3538, "max_wse_m": 3260.26}}, {"type": "Feature", "geometry": {"type": "Point", "coordinates": [378794.52, 3373667.97]}, "properties": {"cell_id": 3539, "max_wse_m": 3236.3}}, {"type": "Feature", "geometry": {"type": "Point", "coordinates": [378834.52, 3373667.97]}, "properties": {"cell_id": 3540, "max_wse_m": 3253.43}}, {"type": "Feature", "geometry": {"type": "Point", "coordinates": [378874.52, 3373667.97]}, "properties": {"cell_id": 3541, "max_wse_m": 3259.86}}, {"type": "Feature", "geometry": {"type": "Point", "coordinates": [378914.52, 3373667.97]}, "properties": {"cell_id": 3542, "max_wse_m": 3259.87}}, {"type": "Feature", "geometry": {"type": "Point", "coordinates": [378954.52, 3373667.97]}, "properties": {"cell_id": 3543, "max_wse_m": 3262.35}}, {"type": "Feature", "geometry": {"type": "Point", "coordinates": [378994.52, 3373667.97]}, "properties": {"cell_id": 3544, "max_wse_m": 3295.26}}, {"type": "Feature", "geometry": {"type": "Point", "coordinates": [379034.52, 3373667.97]}, "properties": {"cell_id": 3545, "max_wse_m": 3311.23}}, {"type": "Feature", "geometry": {"type": "Point", "coordinates": [379074.52, 3373667.97]}, "properties": {"cell_id": 3546, "max_wse_m": 3314.98}}, {"type": "Feature", "geometry": {"type": "Point", "coordinates": [379114.52, 3373667.97]}, "properties": {"cell_id": 3547, "max_wse_m": 3340.64}}, {"type": "Feature", "geometry": {"type": "Point", "coordinates": [379154.52, 3373667.97]}, "properties": {"cell_id": 3548, "max_wse_m": 3386.85}}, {"type": "Feature", "geometry": {"type": "Point", "coordinates": [379194.52, 3373667.97]}, "properties": {"cell_id": 3549, "max_wse_m": 3412.07}}, {"type": "Feature", "geometry": {"type": "Point", "coordinates": [379234.52, 3373667.97]}, "properties": {"cell_id": 3550, "max_wse_m": 3417.16}}, {"type": "Feature", "geometry": {"type": "Point", "coordinates": [379274.52, 3373667.97]}, "properties": {"cell_id": 3551, "max_wse_m": 3419.15}}, {"type": "Feature", "geometry": {"type": "Point", "coordinates": [379314.52, 3373667.97]}, "properties": {"cell_id": 3552, "max_wse_m": 3421.35}}, {"type": "Feature", "geometry": {"type": "Point", "coordinates": [379354.52, 3373667.97]}, "properties": {"cell_id": 3553, "max_wse_m": 3441.31}}, {"type": "Feature", "geometry": {"type": "Point", "coordinates": [379394.52, 3373667.97]}, "properties": {"cell_id": 3554, "max_wse_m": 3452.08}}, {"type": "Feature", "geometry": {"type": "Point", "coordinates": [379434.52, 3373667.97]}, "properties": {"cell_id": 3555, "max_wse_m": 3493.59}}, {"type": "Feature", "geometry": {"type": "Point", "coordinates": [379474.52, 3373667.97]}, "properties": {"cell_id": 3556, "max_wse_m": 3528.55}}, {"type": "Feature", "geometry": {"type": "Point", "coordinates": [379514.52, 3373667.97]}, "properties": {"cell_id": 3557, "max_wse_m": 3580.35}}, {"type": "Feature", "geometry": {"type": "Point", "coordinates": [379554.52, 3373667.97]}, "properties": {"cell_id": 3558, "max_wse_m": 3602.22}}, {"type": "Feature", "geometry": {"type": "Point", "coordinates": [379594.52, 3373667.97]}, "properties": {"cell_id": 3559, "max_wse_m": 3604.43}}, {"type": "Feature", "geometry": {"type": "Point", "coordinates": [379634.52, 3373667.97]}, "properties": {"cell_id": 3560, "max_wse_m": 3629.3}}, {"type": "Feature", "geometry": {"type": "Point", "coordinates": [379674.52, 3373667.97]}, "properties": {"cell_id": 3561, "max_wse_m": 3631.1}}, {"type": "Feature", "geometry": {"type": "Point", "coordinates": [379714.52, 3373667.97]}, "properties": {"cell_id": 3562, "max_wse_m": 3653.32}}, {"type": "Feature", "geometry": {"type": "Point", "coordinates": [379754.52, 3373667.97]}, "properties": {"cell_id": 3563, "max_wse_m": 3683.14}}, {"type": "Feature", "geometry": {"type": "Point", "coordinates": [379794.52, 3373667.97]}, "properties": {"cell_id": 3564, "max_wse_m": 3697.83}}, {"type": "Feature", "geometry": {"type": "Point", "coordinates": [379834.52, 3373667.97]}, "properties": {"cell_id": 3565, "max_wse_m": 3711.52}}, {"type": "Feature", "geometry": {"type": "Point", "coordinates": [379874.52, 3373667.97]}, "properties": {"cell_id": 3566, "max_wse_m": 3727.51}}, {"type": "Feature", "geometry": {"type": "Point", "coordinates": [379914.52, 3373667.97]}, "properties": {"cell_id": 3567, "max_wse_m": 3758.19}}, {"type": "Feature", "geometry": {"type": "Point", "coordinates": [379954.52, 3373667.97]}, "properties": {"cell_id": 3568, "max_wse_m": 3790.54}}, {"type": "Feature", "geometry": {"type": "Point", "coordinates": [379994.52, 3373667.97]}, "properties": {"cell_id": 3569, "max_wse_m": 3811.97}}, {"type": "Feature", "geometry": {"type": "Point", "coordinates": [380034.52, 3373667.97]}, "properties": {"cell_id": 3570, "max_wse_m": 3820.8}}, {"type": "Feature", "geometry": {"type": "Point", "coordinates": [380074.52, 3373667.97]}, "properties": {"cell_id": 3571, "max_wse_m": 3822.95}}, {"type": "Feature", "geometry": {"type": "Point", "coordinates": [380114.52, 3373667.97]}, "properties": {"cell_id": 3572, "max_wse_m": 3815.76}}, {"type": "Feature", "geometry": {"type": "Point", "coordinates": [380154.52, 3373667.97]}, "properties": {"cell_id": 3573, "max_wse_m": 3786.52}}, {"type": "Feature", "geometry": {"type": "Point", "coordinates": [380194.52, 3373667.97]}, "properties": {"cell_id": 3574, "max_wse_m": 3750.97}}, {"type": "Feature", "geometry": {"type": "Point", "coordinates": [380234.52, 3373667.97]}, "properties": {"cell_id": 3575, "max_wse_m": 3726.6}}, {"type": "Feature", "geometry": {"type": "Point", "coordinates": [380274.52, 3373667.97]}, "properties": {"cell_id": 3576, "max_wse_m": 3708.9}}, {"type": "Feature", "geometry": {"type": "Point", "coordinates": [380314.52, 3373667.97]}, "properties": {"cell_id": 3577, "max_wse_m": 3708.66}}, {"type": "Feature", "geometry": {"type": "Point", "coordinates": [380354.52, 3373667.97]}, "properties": {"cell_id": 3578, "max_wse_m": 3668.52}}, {"type": "Feature", "geometry": {"type": "Point", "coordinates": [380394.52, 3373667.97]}, "properties": {"cell_id": 3579, "max_wse_m": 3651.33}}, {"type": "Feature", "geometry": {"type": "Point", "coordinates": [380434.52, 3373667.97]}, "properties": {"cell_id": 3580, "max_wse_m": 3640.28}}, {"type": "Feature", "geometry": {"type": "Point", "coordinates": [380474.52, 3373667.97]}, "properties": {"cell_id": 3581, "max_wse_m": 3623.15}}, {"type": "Feature", "geometry": {"type": "Point", "coordinates": [380514.52, 3373667.97]}, "properties": {"cell_id": 3582, "max_wse_m": 3612.26}}, {"type": "Feature", "geometry": {"type": "Point", "coordinates": [380554.52, 3373667.97]}, "properties": {"cell_id": 3583, "max_wse_m": 3612.6}}, {"type": "Feature", "geometry": {"type": "Point", "coordinates": [380594.52, 3373667.97]}, "properties": {"cell_id": 3584, "max_wse_m": 3621.33}}, {"type": "Feature", "geometry": {"type": "Point", "coordinates": [380634.52, 3373667.97]}, "properties": {"cell_id": 3585, "max_wse_m": 3628.9}}, {"type": "Feature", "geometry": {"type": "Point", "coordinates": [380674.52, 3373667.97]}, "properties": {"cell_id": 3586, "max_wse_m": 3646.79}}, {"type": "Feature", "geometry": {"type": "Point", "coordinates": [380714.52, 3373667.97]}, "properties": {"cell_id": 3587, "max_wse_m": 3683.62}}, {"type": "Feature", "geometry": {"type": "Point", "coordinates": [380754.52, 3373667.97]}, "properties": {"cell_id": 3588, "max_wse_m": 3731.81}}, {"type": "Feature", "geometry": {"type": "Point", "coordinates": [380794.52, 3373667.97]}, "properties": {"cell_id": 3589, "max_wse_m": 3799.6}}, {"type": "Feature", "geometry": {"type": "Point", "coordinates": [380834.52, 3373667.97]}, "properties": {"cell_id": 3590, "max_wse_m": 3820.28}}, {"type": "Feature", "geometry": {"type": "Point", "coordinates": [380874.52, 3373667.97]}, "properties": {"cell_id": 3591, "max_wse_m": 3814.61}}, {"type": "Feature", "geometry": {"type": "Point", "coordinates": [380914.52, 3373667.97]}, "properties": {"cell_id": 3592, "max_wse_m": 3823.65}}, {"type": "Feature", "geometry": {"type": "Point", "coordinates": [380954.52, 3373667.97]}, "properties": {"cell_id": 3593, "max_wse_m": 3859.74}}, {"type": "Feature", "geometry": {"type": "Point", "coordinates": [380994.52, 3373667.97]}, "properties": {"cell_id": 3594, "max_wse_m": 3894.47}}, {"type": "Feature", "geometry": {"type": "Point", "coordinates": [381034.52, 3373667.97]}, "properties": {"cell_id": 3595, "max_wse_m": 3929.7}}, {"type": "Feature", "geometry": {"type": "Point", "coordinates": [381074.52, 3373667.97]}, "properties": {"cell_id": 3596, "max_wse_m": 3987.7}}, {"type": "Feature", "geometry": {"type": "Point", "coordinates": [381114.52, 3373667.97]}, "properties": {"cell_id": 3597, "max_wse_m": 4047.1}}, {"type": "Feature", "geometry": {"type": "Point", "coordinates": [381154.52, 3373667.97]}, "properties": {"cell_id": 3598, "max_wse_m": 4037.9}}, {"type": "Feature", "geometry": {"type": "Point", "coordinates": [381194.52, 3373667.97]}, "properties": {"cell_id": 3599, "max_wse_m": 4043.1}}, {"type": "Feature", "geometry": {"type": "Point", "coordinates": [381234.52, 3373667.97]}, "properties": {"cell_id": 3600, "max_wse_m": 4014.6}}, {"type": "Feature", "geometry": {"type": "Point", "coordinates": [381274.52, 3373667.97]}, "properties": {"cell_id": 3601, "max_wse_m": 3990.59}}, {"type": "Feature", "geometry": {"type": "Point", "coordinates": [381314.52, 3373667.97]}, "properties": {"cell_id": 3602, "max_wse_m": 3994.68}}, {"type": "Feature", "geometry": {"type": "Point", "coordinates": [381354.52, 3373667.97]}, "properties": {"cell_id": 3603, "max_wse_m": 4020.62}}, {"type": "Feature", "geometry": {"type": "Point", "coordinates": [381394.52, 3373667.97]}, "properties": {"cell_id": 3604, "max_wse_m": 4051.51}}, {"type": "Feature", "geometry": {"type": "Point", "coordinates": [381434.52, 3373667.97]}, "properties": {"cell_id": 3605, "max_wse_m": 4088.12}}, {"type": "Feature", "geometry": {"type": "Point", "coordinates": [381474.52, 3373667.97]}, "properties": {"cell_id": 3606, "max_wse_m": 4102.03}}, {"type": "Feature", "geometry": {"type": "Point", "coordinates": [381514.52, 3373667.97]}, "properties": {"cell_id": 3607, "max_wse_m": 4112.49}}, {"type": "Feature", "geometry": {"type": "Point", "coordinates": [381554.52, 3373667.97]}, "properties": {"cell_id": 3608, "max_wse_m": 4157.07}}, {"type": "Feature", "geometry": {"type": "Point", "coordinates": [381594.52, 3373667.97]}, "properties": {"cell_id": 3609, "max_wse_m": 4192.86}}, {"type": "Feature", "geometry": {"type": "Point", "coordinates": [381634.52, 3373667.97]}, "properties": {"cell_id": 3610, "max_wse_m": 4160.09}}, {"type": "Feature", "geometry": {"type": "Point", "coordinates": [381674.52, 3373667.97]}, "properties": {"cell_id": 3611, "max_wse_m": 4127.87}}, {"type": "Feature", "geometry": {"type": "Point", "coordinates": [381714.52, 3373667.97]}, "properties": {"cell_id": 3612, "max_wse_m": 4100.65}}, {"type": "Feature", "geometry": {"type": "Point", "coordinates": [381754.52, 3373667.97]}, "properties": {"cell_id": 3613, "max_wse_m": 4070.2}}, {"type": "Feature", "geometry": {"type": "Point", "coordinates": [381794.52, 3373667.97]}, "properties": {"cell_id": 3614, "max_wse_m": 4040.16}}, {"type": "Feature", "geometry": {"type": "Point", "coordinates": [381834.52, 3373667.97]}, "properties": {"cell_id": 3615, "max_wse_m": 4013.39}}, {"type": "Feature", "geometry": {"type": "Point", "coordinates": [381874.52, 3373667.97]}, "properties": {"cell_id": 3616, "max_wse_m": 3980.22}}, {"type": "Feature", "geometry": {"type": "Point", "coordinates": [373194.52, 3373627.97]}, "properties": {"cell_id": 3617, "max_wse_m": 1873.05}}, {"type": "Feature", "geometry": {"type": "Point", "coordinates": [373234.52, 3373627.97]}, "properties": {"cell_id": 3618, "max_wse_m": 1869.18}}, {"type": "Feature", "geometry": {"type": "Point", "coordinates": [373274.52, 3373627.97]}, "properties": {"cell_id": 3619, "max_wse_m": 1869.28}}, {"type": "Feature", "geometry": {"type": "Point", "coordinates": [373314.52, 3373627.97]}, "properties": {"cell_id": 3620, "max_wse_m": 1871.79}}, {"type": "Feature", "geometry": {"type": "Point", "coordinates": [373354.52, 3373627.97]}, "properties": {"cell_id": 3621, "max_wse_m": 1873.38}}, {"type": "Feature", "geometry": {"type": "Point", "coordinates": [373394.52, 3373627.97]}, "properties": {"cell_id": 3622, "max_wse_m": 1885.93}}, {"type": "Feature", "geometry": {"type": "Point", "coordinates": [373434.52, 3373627.97]}, "properties": {"cell_id": 3623, "max_wse_m": 1893.53}}, {"type": "Feature", "geometry": {"type": "Point", "coordinates": [373474.52, 3373627.97]}, "properties": {"cell_id": 3624, "max_wse_m": 1890.6}}, {"type": "Feature", "geometry": {"type": "Point", "coordinates": [373514.52, 3373627.97]}, "properties": {"cell_id": 3625, "max_wse_m": 1890.72}}, {"type": "Feature", "geometry": {"type": "Point", "coordinates": [373554.52, 3373627.97]}, "properties": {"cell_id": 3626, "max_wse_m": 1896.89}}, {"type": "Feature", "geometry": {"type": "Point", "coordinates": [373594.52, 3373627.97]}, "properties": {"cell_id": 3627, "max_wse_m": 1888.89}}, {"type": "Feature", "geometry": {"type": "Point", "coordinates": [373634.52, 3373627.97]}, "properties": {"cell_id": 3628, "max_wse_m": 1884.71}}, {"type": "Feature", "geometry": {"type": "Point", "coordinates": [373674.52, 3373627.97]}, "properties": {"cell_id": 3629, "max_wse_m": 1884.81}}, {"type": "Feature", "geometry": {"type": "Point", "coordinates": [373714.52, 3373627.97]}, "properties": {"cell_id": 3630, "max_wse_m": 1886.36}}, {"type": "Feature", "geometry": {"type": "Point", "coordinates": [373754.52, 3373627.97]}, "properties": {"cell_id": 3631, "max_wse_m": 1886.22}}, {"type": "Feature", "geometry": {"type": "Point", "coordinates": [373794.52, 3373627.97]}, "properties": {"cell_id": 3632, "max_wse_m": 1890.24}}, {"type": "Feature", "geometry": {"type": "Point", "coordinates": [373834.52, 3373627.97]}, "properties": {"cell_id": 3633, "max_wse_m": 1893.31}}, {"type": "Feature", "geometry": {"type": "Point", "coordinates": [373874.52, 3373627.97]}, "properties": {"cell_id": 3634, "max_wse_m": 1894.23}}, {"type": "Feature", "geometry": {"type": "Point", "coordinates": [373914.52, 3373627.97]}, "properties": {"cell_id": 3635, "max_wse_m": 1894.3}}, {"type": "Feature", "geometry": {"type": "Point", "coordinates": [373954.52, 3373627.97]}, "properties": {"cell_id": 3636, "max_wse_m": 1893.92}}, {"type": "Feature", "geometry": {"type": "Point", "coordinates": [373994.52, 3373627.97]}, "properties": {"cell_id": 3637, "max_wse_m": 1894.51}}, {"type": "Feature", "geometry": {"type": "Point", "coordinates": [374034.52, 3373627.97]}, "properties": {"cell_id": 3638, "max_wse_m": 1894.83}}, {"type": "Feature", "geometry": {"type": "Point", "coordinates": [374074.52, 3373627.97]}, "properties": {"cell_id": 3639, "max_wse_m": 1900.17}}, {"type": "Feature", "geometry": {"type": "Point", "coordinates": [374114.52, 3373627.97]}, "properties": {"cell_id": 3640, "max_wse_m": 1927.39}}, {"type": "Feature", "geometry": {"type": "Point", "coordinates": [374154.52, 3373627.97]}, "properties": {"cell_id": 3641, "max_wse_m": 1942.45}}, {"type": "Feature", "geometry": {"type": "Point", "coordinates": [374194.52, 3373627.97]}, "properties": {"cell_id": 3642, "max_wse_m": 1967.8}}, {"type": "Feature", "geometry": {"type": "Point", "coordinates": [374234.52, 3373627.97]}, "properties": {"cell_id": 3643, "max_wse_m": 1958.97}}, {"type": "Feature", "geometry": {"type": "Point", "coordinates": [374274.52, 3373627.97]}, "properties": {"cell_id": 3644, "max_wse_m": 1924.43}}, {"type": "Feature", "geometry": {"type": "Point", "coordinates": [374314.52, 3373627.97]}, "properties": {"cell_id": 3645, "max_wse_m": 1907.02}}, {"type": "Feature", "geometry": {"type": "Point", "coordinates": [374354.52, 3373627.97]}, "properties": {"cell_id": 3646, "max_wse_m": 1905.8}}, {"type": "Feature", "geometry": {"type": "Point", "coordinates": [374394.52, 3373627.97]}, "properties": {"cell_id": 3647, "max_wse_m": 1907.71}}, {"type": "Feature", "geometry": {"type": "Point", "coordinates": [374434.52, 3373627.97]}, "properties": {"cell_id": 3648, "max_wse_m": 1911.51}}, {"type": "Feature", "geometry": {"type": "Point", "coordinates": [374474.52, 3373627.97]}, "properties": {"cell_id": 3649, "max_wse_m": 1919.07}}, {"type": "Feature", "geometry": {"type": "Point", "coordinates": [374514.52, 3373627.97]}, "properties": {"cell_id": 3650, "max_wse_m": 1961.3}}, {"type": "Feature", "geometry": {"type": "Point", "coordinates": [374554.52, 3373627.97]}, "properties": {"cell_id": 3651, "max_wse_m": 1984.55}}, {"type": "Feature", "geometry": {"type": "Point", "coordinates": [374594.52, 3373627.97]}, "properties": {"cell_id": 3652, "max_wse_m": 2016.7}}, {"type": "Feature", "geometry": {"type": "Point", "coordinates": [374634.52, 3373627.97]}, "properties": {"cell_id": 3653, "max_wse_m": 2027.31}}, {"type": "Feature", "geometry": {"type": "Point", "coordinates": [374674.52, 3373627.97]}, "properties": {"cell_id": 3654, "max_wse_m": 2039.53}}, {"type": "Feature", "geometry": {"type": "Point", "coordinates": [374714.52, 3373627.97]}, "properties": {"cell_id": 3655, "max_wse_m": 2060.61}}, {"type": "Feature", "geometry": {"type": "Point", "coordinates": [374754.52, 3373627.97]}, "properties": {"cell_id": 3656, "max_wse_m": 2082.34}}, {"type": "Feature", "geometry": {"type": "Point", "coordinates": [374794.52, 3373627.97]}, "properties": {"cell_id": 3657, "max_wse_m": 2105.56}}, {"type": "Feature", "geometry": {"type": "Point", "coordinates": [374834.52, 3373627.97]}, "properties": {"cell_id": 3658, "max_wse_m": 2122.8}}, {"type": "Feature", "geometry": {"type": "Point", "coordinates": [374874.52, 3373627.97]}, "properties": {"cell_id": 3659, "max_wse_m": 2149.17}}, {"type": "Feature", "geometry": {"type": "Point", "coordinates": [374914.52, 3373627.97]}, "properties": {"cell_id": 3660, "max_wse_m": 2174.21}}, {"type": "Feature", "geometry": {"type": "Point", "coordinates": [374954.52, 3373627.97]}, "properties": {"cell_id": 3661, "max_wse_m": 2193.91}}, {"type": "Feature", "geometry": {"type": "Point", "coordinates": [374994.52, 3373627.97]}, "properties": {"cell_id": 3662, "max_wse_m": 2211.03}}, {"type": "Feature", "geometry": {"type": "Point", "coordinates": [375034.52, 3373627.97]}, "properties": {"cell_id": 3663, "max_wse_m": 2235.14}}, {"type": "Feature", "geometry": {"type": "Point", "coordinates": [375074.52, 3373627.97]}, "properties": {"cell_id": 3664, "max_wse_m": 2260.47}}, {"type": "Feature", "geometry": {"type": "Point", "coordinates": [375114.52, 3373627.97]}, "properties": {"cell_id": 3665, "max_wse_m": 2286.95}}, {"type": "Feature", "geometry": {"type": "Point", "coordinates": [378634.52, 3373627.97]}, "properties": {"cell_id": 3666, "max_wse_m": 3337.41}}, {"type": "Feature", "geometry": {"type": "Point", "coordinates": [378674.52, 3373627.97]}, "properties": {"cell_id": 3667, "max_wse_m": 3327.01}}, {"type": "Feature", "geometry": {"type": "Point", "coordinates": [378714.52, 3373627.97]}, "properties": {"cell_id": 3668, "max_wse_m": 3309.53}}, {"type": "Feature", "geometry": {"type": "Point", "coordinates": [378754.52, 3373627.97]}, "properties": {"cell_id": 3669, "max_wse_m": 3285.75}}, {"type": "Feature", "geometry": {"type": "Point", "coordinates": [378794.52, 3373627.97]}, "properties": {"cell_id": 3670, "max_wse_m": 3258.28}}, {"type": "Feature", "geometry": {"type": "Point", "coordinates": [378834.52, 3373627.97]}, "properties": {"cell_id": 3671, "max_wse_m": 3280.17}}, {"type": "Feature", "geometry": {"type": "Point", "coordinates": [378874.52, 3373627.97]}, "properties": {"cell_id": 3672, "max_wse_m": 3291.42}}, {"type": "Feature", "geometry": {"type": "Point", "coordinates": [378914.52, 3373627.97]}, "properties": {"cell_id": 3673, "max_wse_m": 3282.74}}, {"type": "Feature", "geometry": {"type": "Point", "coordinates": [378954.52, 3373627.97]}, "properties": {"cell_id": 3674, "max_wse_m": 3285.63}}, {"type": "Feature", "geometry": {"type": "Point", "coordinates": [378994.52, 3373627.97]}, "properties": {"cell_id": 3675, "max_wse_m": 3322.37}}, {"type": "Feature", "geometry": {"type": "Point", "coordinates": [379034.52, 3373627.97]}, "properties": {"cell_id": 3676, "max_wse_m": 3333.24}}, {"type": "Feature", "geometry": {"type": "Point", "coordinates": [379074.52, 3373627.97]}, "properties": {"cell_id": 3677, "max_wse_m": 3344.95}}, {"type": "Feature", "geometry": {"type": "Point", "coordinates": [379114.52, 3373627.97]}, "properties": {"cell_id": 3678, "max_wse_m": 3366.04}}, {"type": "Feature", "geometry": {"type": "Point", "coordinates": [379154.52, 3373627.97]}, "properties": {"cell_id": 3679, "max_wse_m": 3392.22}}, {"type": "Feature", "geometry": {"type": "Point", "coordinates": [379194.52, 3373627.97]}, "properties": {"cell_id": 3680, "max_wse_m": 3434.81}}, {"type": "Feature", "geometry": {"type": "Point", "coordinates": [379234.52, 3373627.97]}, "properties": {"cell_id": 3681, "max_wse_m": 3449.95}}, {"type": "Feature", "geometry": {"type": "Point", "coordinates": [379274.52, 3373627.97]}, "properties": {"cell_id": 3682, "max_wse_m": 3447.61}}, {"type": "Feature", "geometry": {"type": "Point", "coordinates": [379314.52, 3373627.97]}, "properties": {"cell_id": 3683, "max_wse_m": 3451.75}}, {"type": "Feature", "geometry": {"type": "Point", "coordinates": [379354.52, 3373627.97]}, "properties": {"cell_id": 3684, "max_wse_m": 3471.73}}, {"type": "Feature", "geometry": {"type": "Point", "coordinates": [379394.52, 3373627.97]}, "properties": {"cell_id": 3685, "max_wse_m": 3490.24}}, {"type": "Feature", "geometry": {"type": "Point", "coordinates": [379434.52, 3373627.97]}, "properties": {"cell_id": 3686, "max_wse_m": 3513.9}}, {"type": "Feature", "geometry": {"type": "Point", "coordinates": [379474.52, 3373627.97]}, "properties": {"cell_id": 3687, "max_wse_m": 3542.04}}, {"type": "Feature", "geometry": {"type": "Point", "coordinates": [379514.52, 3373627.97]}, "properties": {"cell_id": 3688, "max_wse_m": 3601.14}}, {"type": "Feature", "geometry": {"type": "Point", "coordinates": [379554.52, 3373627.97]}, "properties": {"cell_id": 3689, "max_wse_m": 3629.55}}, {"type": "Feature", "geometry": {"type": "Point", "coordinates": [379594.52, 3373627.97]}, "properties": {"cell_id": 3690, "max_wse_m": 3640.41}}, {"type": "Feature", "geometry": {"type": "Point", "coordinates": [379634.52, 3373627.97]}, "properties": {"cell_id": 3691, "max_wse_m": 3673.19}}, {"type": "Feature", "geometry": {"type": "Point", "coordinates": [379674.52, 3373627.97]}, "properties": {"cell_id": 3692, "max_wse_m": 3673.93}}, {"type": "Feature", "geometry": {"type": "Point", "coordinates": [379714.52, 3373627.97]}, "properties": {"cell_id": 3693, "max_wse_m": 3697.68}}, {"type": "Feature", "geometry": {"type": "Point", "coordinates": [379754.52, 3373627.97]}, "properties": {"cell_id": 3694, "max_wse_m": 3729.49}}, {"type": "Feature", "geometry": {"type": "Point", "coordinates": [379794.52, 3373627.97]}, "properties": {"cell_id": 3695, "max_wse_m": 3727.59}}, {"type": "Feature", "geometry": {"type": "Point", "coordinates": [379834.52, 3373627.97]}, "properties": {"cell_id": 3696, "max_wse_m": 3738.1}}, {"type": "Feature", "geometry": {"type": "Point", "coordinates": [379874.52, 3373627.97]}, "properties": {"cell_id": 3697, "max_wse_m": 3763.05}}, {"type": "Feature", "geometry": {"type": "Point", "coordinates": [379914.52, 3373627.97]}, "properties": {"cell_id": 3698, "max_wse_m": 3788.89}}, {"type": "Feature", "geometry": {"type": "Point", "coordinates": [379954.52, 3373627.97]}, "properties": {"cell_id": 3699, "max_wse_m": 3799.53}}, {"type": "Feature", "geometry": {"type": "Point", "coordinates": [379994.52, 3373627.97]}, "properties": {"cell_id": 3700, "max_wse_m": 3784.89}}, {"type": "Feature", "geometry": {"type": "Point", "coordinates": [380034.52, 3373627.97]}, "properties": {"cell_id": 3701, "max_wse_m": 3769.94}}, {"type": "Feature", "geometry": {"type": "Point", "coordinates": [380074.52, 3373627.97]}, "properties": {"cell_id": 3702, "max_wse_m": 3770.35}}, {"type": "Feature", "geometry": {"type": "Point", "coordinates": [380114.52, 3373627.97]}, "properties": {"cell_id": 3703, "max_wse_m": 3759.91}}, {"type": "Feature", "geometry": {"type": "Point", "coordinates": [380154.52, 3373627.97]}, "properties": {"cell_id": 3704, "max_wse_m": 3760.31}}, {"type": "Feature", "geometry": {"type": "Point", "coordinates": [380194.52, 3373627.97]}, "properties": {"cell_id": 3705, "max_wse_m": 3730.93}}, {"type": "Feature", "geometry": {"type": "Point", "coordinates": [380234.52, 3373627.97]}, "properties": {"cell_id": 3706, "max_wse_m": 3701.46}}, {"type": "Feature", "geometry": {"type": "Point", "coordinates": [380274.52, 3373627.97]}, "properties": {"cell_id": 3707, "max_wse_m": 3678.99}}, {"type": "Feature", "geometry": {"type": "Point", "coordinates": [380314.52, 3373627.97]}, "properties": {"cell_id": 3708, "max_wse_m": 3675.33}}, {"type": "Feature", "geometry": {"type": "Point", "coordinates": [380354.52, 3373627.97]}, "properties": {"cell_id": 3709, "max_wse_m": 3642.25}}, {"type": "Feature", "geometry": {"type": "Point", "coordinates": [380394.52, 3373627.97]}, "properties": {"cell_id": 3710, "max_wse_m": 3617.39}}, {"type": "Feature", "geometry": {"type": "Point", "coordinates": [380434.52, 3373627.97]}, "properties": {"cell_id": 3711, "max_wse_m": 3590.9}}, {"type": "Feature", "geometry": {"type": "Point", "coordinates": [380474.52, 3373627.97]}, "properties": {"cell_id": 3712, "max_wse_m": 3582.07}}, {"type": "Feature", "geometry": {"type": "Point", "coordinates": [380514.52, 3373627.97]}, "properties": {"cell_id": 3713, "max_wse_m": 3578.91}}, {"type": "Feature", "geometry": {"type": "Point", "coordinates": [380554.52, 3373627.97]}, "properties": {"cell_id": 3714, "max_wse_m": 3584.7}}, {"type": "Feature", "geometry": {"type": "Point", "coordinates": [380594.52, 3373627.97]}, "properties": {"cell_id": 3715, "max_wse_m": 3595.36}}, {"type": "Feature", "geometry": {"type": "Point", "coordinates": [380634.52, 3373627.97]}, "properties": {"cell_id": 3716, "max_wse_m": 3605.49}}, {"type": "Feature", "geometry": {"type": "Point", "coordinates": [380674.52, 3373627.97]}, "properties": {"cell_id": 3717, "max_wse_m": 3623.75}}, {"type": "Feature", "geometry": {"type": "Point", "coordinates": [380714.52, 3373627.97]}, "properties": {"cell_id": 3718, "max_wse_m": 3669.81}}, {"type": "Feature", "geometry": {"type": "Point", "coordinates": [380754.52, 3373627.97]}, "properties": {"cell_id": 3719, "max_wse_m": 3698.97}}, {"type": "Feature", "geometry": {"type": "Point", "coordinates": [380794.52, 3373627.97]}, "properties": {"cell_id": 3720, "max_wse_m": 3754.04}}, {"type": "Feature", "geometry": {"type": "Point", "coordinates": [380834.52, 3373627.97]}, "properties": {"cell_id": 3721, "max_wse_m": 3754.36}}, {"type": "Feature", "geometry": {"type": "Point", "coordinates": [380874.52, 3373627.97]}, "properties": {"cell_id": 3722, "max_wse_m": 3778.77}}, {"type": "Feature", "geometry": {"type": "Point", "coordinates": [380914.52, 3373627.97]}, "properties": {"cell_id": 3723, "max_wse_m": 3821.07}}, {"type": "Feature", "geometry": {"type": "Point", "coordinates": [380954.52, 3373627.97]}, "properties": {"cell_id": 3724, "max_wse_m": 3853.69}}, {"type": "Feature", "geometry": {"type": "Point", "coordinates": [380994.52, 3373627.97]}, "properties": {"cell_id": 3725, "max_wse_m": 3890.84}}, {"type": "Feature", "geometry": {"type": "Point", "coordinates": [381034.52, 3373627.97]}, "properties": {"cell_id": 3726, "max_wse_m": 3914.69}}, {"type": "Feature", "geometry": {"type": "Point", "coordinates": [381074.52, 3373627.97]}, "properties": {"cell_id": 3727, "max_wse_m": 3961.4}}, {"type": "Feature", "geometry": {"type": "Point", "coordinates": [381114.52, 3373627.97]}, "properties": {"cell_id": 3728, "max_wse_m": 4001.67}}, {"type": "Feature", "geometry": {"type": "Point", "coordinates": [381154.52, 3373627.97]}, "properties": {"cell_id": 3729, "max_wse_m": 3992.9}}, {"type": "Feature", "geometry": {"type": "Point", "coordinates": [381194.52, 3373627.97]}, "properties": {"cell_id": 3730, "max_wse_m": 3977.58}}, {"type": "Feature", "geometry": {"type": "Point", "coordinates": [381234.52, 3373627.97]}, "properties": {"cell_id": 3731, "max_wse_m": 3958.59}}, {"type": "Feature", "geometry": {"type": "Point", "coordinates": [381274.52, 3373627.97]}, "properties": {"cell_id": 3732, "max_wse_m": 3957.93}}, {"type": "Feature", "geometry": {"type": "Point", "coordinates": [381314.52, 3373627.97]}, "properties": {"cell_id": 3733, "max_wse_m": 3982.2}}, {"type": "Feature", "geometry": {"type": "Point", "coordinates": [381354.52, 3373627.97]}, "properties": {"cell_id": 3734, "max_wse_m": 4003.18}}, {"type": "Feature", "geometry": {"type": "Point", "coordinates": [381394.52, 3373627.97]}, "properties": {"cell_id": 3735, "max_wse_m": 4029.11}}, {"type": "Feature", "geometry": {"type": "Point", "coordinates": [381434.52, 3373627.97]}, "properties": {"cell_id": 3736, "max_wse_m": 4056.3}}, {"type": "Feature", "geometry": {"type": "Point", "coordinates": [381474.52, 3373627.97]}, "properties": {"cell_id": 3737, "max_wse_m": 4083.76}}, {"type": "Feature", "geometry": {"type": "Point", "coordinates": [381514.52, 3373627.97]}, "properties": {"cell_id": 3738, "max_wse_m": 4100.88}}, {"type": "Feature", "geometry": {"type": "Point", "coordinates": [381554.52, 3373627.97]}, "properties": {"cell_id": 3739, "max_wse_m": 4147.25}}, {"type": "Feature", "geometry": {"type": "Point", "coordinates": [381594.52, 3373627.97]}, "properties": {"cell_id": 3740, "max_wse_m": 4160.5}}, {"type": "Feature", "geometry": {"type": "Point", "coordinates": [381634.52, 3373627.97]}, "properties": {"cell_id": 3741, "max_wse_m": 4129.22}}, {"type": "Feature", "geometry": {"type": "Point", "coordinates": [381674.52, 3373627.97]}, "properties": {"cell_id": 3742, "max_wse_m": 4102.61}}, {"type": "Feature", "geometry": {"type": "Point", "coordinates": [381714.52, 3373627.97]}, "properties": {"cell_id": 3743, "max_wse_m": 4072.7}}, {"type": "Feature", "geometry": {"type": "Point", "coordinates": [381754.52, 3373627.97]}, "properties": {"cell_id": 3744, "max_wse_m": 4044.34}}, {"type": "Feature", "geometry": {"type": "Point", "coordinates": [381794.52, 3373627.97]}, "properties": {"cell_id": 3745, "max_wse_m": 4020.49}}, {"type": "Feature", "geometry": {"type": "Point", "coordinates": [381834.52, 3373627.97]}, "properties": {"cell_id": 3746, "max_wse_m": 3992.17}}, {"type": "Feature", "geometry": {"type": "Point", "coordinates": [381874.52, 3373627.97]}, "properties": {"cell_id": 3747, "max_wse_m": 3960.23}}, {"type": "Feature", "geometry": {"type": "Point", "coordinates": [373314.52, 3373587.97]}, "properties": {"cell_id": 3748, "max_wse_m": 1874.34}}, {"type": "Feature", "geometry": {"type": "Point", "coordinates": [373354.52, 3373587.97]}, "properties": {"cell_id": 3749, "max_wse_m": 1872.58}}, {"type": "Feature", "geometry": {"type": "Point", "coordinates": [373394.52, 3373587.97]}, "properties": {"cell_id": 3750, "max_wse_m": 1871.79}}, {"type": "Feature", "geometry": {"type": "Point", "coordinates": [373434.52, 3373587.97]}, "properties": {"cell_id": 3751, "max_wse_m": 1874.59}}, {"type": "Feature", "geometry": {"type": "Point", "coordinates": [373474.52, 3373587.97]}, "properties": {"cell_id": 3752, "max_wse_m": 1877.89}}, {"type": "Feature", "geometry": {"type": "Point", "coordinates": [373514.52, 3373587.97]}, "properties": {"cell_id": 3753, "max_wse_m": 1875.88}}, {"type": "Feature", "geometry": {"type": "Point", "coordinates": [373554.52, 3373587.97]}, "properties": {"cell_id": 3754, "max_wse_m": 1882.48}}, {"type": "Feature", "geometry": {"type": "Point", "coordinates": [373594.52, 3373587.97]}, "properties": {"cell_id": 3755, "max_wse_m": 1882.21}}, {"type": "Feature", "geometry": {"type": "Point", "coordinates": [373634.52, 3373587.97]}, "properties": {"cell_id": 3756, "max_wse_m": 1883.8}}, {"type": "Feature", "geometry": {"type": "Point", "coordinates": [373674.52, 3373587.97]}, "properties": {"cell_id": 3757, "max_wse_m": 1884.84}}, {"type": "Feature", "geometry": {"type": "Point", "coordinates": [373714.52, 3373587.97]}, "properties": {"cell_id": 3758, "max_wse_m": 1889.4}}, {"type": "Feature", "geometry": {"type": "Point", "coordinates": [373754.52, 3373587.97]}, "properties": {"cell_id": 3759, "max_wse_m": 1891.22}}, {"type": "Feature", "geometry": {"type": "Point", "coordinates": [373794.52, 3373587.97]}, "properties": {"cell_id": 3760, "max_wse_m": 1890.36}}, {"type": "Feature", "geometry": {"type": "Point", "coordinates": [373834.52, 3373587.97]}, "properties": {"cell_id": 3761, "max_wse_m": 1890.9}}, {"type": "Feature", "geometry": {"type": "Point", "coordinates": [373914.52, 3373587.97]}, "properties": {"cell_id": 3762, "max_wse_m": 1891.2}}, {"type": "Feature", "geometry": {"type": "Point", "coordinates": [373954.52, 3373587.97]}, "properties": {"cell_id": 3763, "max_wse_m": 1891.85}}, {"type": "Feature", "geometry": {"type": "Point", "coordinates": [373994.52, 3373587.97]}, "properties": {"cell_id": 3764, "max_wse_m": 1893.24}}, {"type": "Feature", "geometry": {"type": "Point", "coordinates": [374034.52, 3373587.97]}, "properties": {"cell_id": 3765, "max_wse_m": 1893.85}}, {"type": "Feature", "geometry": {"type": "Point", "coordinates": [374074.52, 3373587.97]}, "properties": {"cell_id": 3766, "max_wse_m": 1895.67}}, {"type": "Feature", "geometry": {"type": "Point", "coordinates": [374114.52, 3373587.97]}, "properties": {"cell_id": 3767, "max_wse_m": 1896.19}}, {"type": "Feature", "geometry": {"type": "Point", "coordinates": [374154.52, 3373587.97]}, "properties": {"cell_id": 3768, "max_wse_m": 1900.62}}, {"type": "Feature", "geometry": {"type": "Point", "coordinates": [374194.52, 3373587.97]}, "properties": {"cell_id": 3769, "max_wse_m": 1920.6}}, {"type": "Feature", "geometry": {"type": "Point", "coordinates": [374234.52, 3373587.97]}, "properties": {"cell_id": 3770, "max_wse_m": 1933.35}}, {"type": "Feature", "geometry": {"type": "Point", "coordinates": [374274.52, 3373587.97]}, "properties": {"cell_id": 3771, "max_wse_m": 1907.72}}, {"type": "Feature", "geometry": {"type": "Point", "coordinates": [374314.52, 3373587.97]}, "properties": {"cell_id": 3772, "max_wse_m": 1903.91}}, {"type": "Feature", "geometry": {"type": "Point", "coordinates": [374354.52, 3373587.97]}, "properties": {"cell_id": 3773, "max_wse_m": 1905.33}}, {"type": "Feature", "geometry": {"type": "Point", "coordinates": [374394.52, 3373587.97]}, "properties": {"cell_id": 3774, "max_wse_m": 1908.45}}, {"type": "Feature", "geometry": {"type": "Point", "coordinates": [374434.52, 3373587.97]}, "properties": {"cell_id": 3775, "max_wse_m": 1920.06}}, {"type": "Feature", "geometry": {"type": "Point", "coordinates": [374474.52, 3373587.97]}, "properties": {"cell_id": 3776, "max_wse_m": 1941.81}}, {"type": "Feature", "geometry": {"type": "Point", "coordinates": [374514.52, 3373587.97]}, "properties": {"cell_id": 3777, "max_wse_m": 1967.68}}, {"type": "Feature", "geometry": {"type": "Point", "coordinates": [374554.52, 3373587.97]}, "properties": {"cell_id": 3778, "max_wse_m": 1984.73}}, {"type": "Feature", "geometry": {"type": "Point", "coordinates": [374594.52, 3373587.97]}, "properties": {"cell_id": 3779, "max_wse_m": 1998.28}}, {"type": "Feature", "geometry": {"type": "Point", "coordinates": [374634.52, 3373587.97]}, "properties": {"cell_id": 3780, "max_wse_m": 2009.82}}, {"type": "Feature", "geometry": {"type": "Point", "coordinates": [374674.52, 3373587.97]}, "properties": {"cell_id": 3781, "max_wse_m": 2028.33}}, {"type": "Feature", "geometry": {"type": "Point", "coordinates": [374714.52, 3373587.97]}, "properties": {"cell_id": 3782, "max_wse_m": 2054.13}}, {"type": "Feature", "geometry": {"type": "Point", "coordinates": [374754.52, 3373587.97]}, "properties": {"cell_id": 3783, "max_wse_m": 2075.6}}, {"type": "Feature", "geometry": {"type": "Point", "coordinates": [374794.52, 3373587.97]}, "properties": {"cell_id": 3784, "max_wse_m": 2090.65}}, {"type": "Feature", "geometry": {"type": "Point", "coordinates": [374834.52, 3373587.97]}, "properties": {"cell_id": 3785, "max_wse_m": 2116.59}}, {"type": "Feature", "geometry": {"type": "Point", "coordinates": [374874.52, 3373587.97]}, "properties": {"cell_id": 3786, "max_wse_m": 2140.03}}, {"type": "Feature", "geometry": {"type": "Point", "coordinates": [374914.52, 3373587.97]}, "properties": {"cell_id": 3787, "max_wse_m": 2157.38}}, {"type": "Feature", "geometry": {"type": "Point", "coordinates": [374954.52, 3373587.97]}, "properties": {"cell_id": 3788, "max_wse_m": 2169.73}}, {"type": "Feature", "geometry": {"type": "Point", "coordinates": [374994.52, 3373587.97]}, "properties": {"cell_id": 3789, "max_wse_m": 2198.71}}, {"type": "Feature", "geometry": {"type": "Point", "coordinates": [375034.52, 3373587.97]}, "properties": {"cell_id": 3790, "max_wse_m": 2222.95}}, {"type": "Feature", "geometry": {"type": "Point", "coordinates": [375074.52, 3373587.97]}, "properties": {"cell_id": 3791, "max_wse_m": 2245.04}}, {"type": "Feature", "geometry": {"type": "Point", "coordinates": [375114.52, 3373587.97]}, "properties": {"cell_id": 3792, "max_wse_m": 2269.92}}, {"type": "Feature", "geometry": {"type": "Point", "coordinates": [375154.52, 3373587.97]}, "properties": {"cell_id": 3793, "max_wse_m": 2294.83}}, {"type": "Feature", "geometry": {"type": "Point", "coordinates": [378594.52, 3373587.97]}, "properties": {"cell_id": 3794, "max_wse_m": 3369.28}}, {"type": "Feature", "geometry": {"type": "Point", "coordinates": [378634.52, 3373587.97]}, "properties": {"cell_id": 3795, "max_wse_m": 3357.75}}, {"type": "Feature", "geometry": {"type": "Point", "coordinates": [378674.52, 3373587.97]}, "properties": {"cell_id": 3796, "max_wse_m": 3347.3}}, {"type": "Feature", "geometry": {"type": "Point", "coordinates": [378714.52, 3373587.97]}, "properties": {"cell_id": 3797, "max_wse_m": 3335.38}}, {"type": "Feature", "geometry": {"type": "Point", "coordinates": [378754.52, 3373587.97]}, "properties": {"cell_id": 3798, "max_wse_m": 3306.98}}, {"type": "Feature", "geometry": {"type": "Point", "coordinates": [378794.52, 3373587.97]}, "properties": {"cell_id": 3799, "max_wse_m": 3297.31}}, {"type": "Feature", "geometry": {"type": "Point", "coordinates": [378834.52, 3373587.97]}, "properties": {"cell_id": 3800, "max_wse_m": 3309.16}}, {"type": "Feature", "geometry": {"type": "Point", "coordinates": [378874.52, 3373587.97]}, "properties": {"cell_id": 3801, "max_wse_m": 3314.67}}, {"type": "Feature", "geometry": {"type": "Point", "coordinates": [378914.52, 3373587.97]}, "properties": {"cell_id": 3802, "max_wse_m": 3308.97}}, {"type": "Feature", "geometry": {"type": "Point", "coordinates": [378954.52, 3373587.97]}, "properties": {"cell_id": 3803, "max_wse_m": 3309.08}}, {"type": "Feature", "geometry": {"type": "Point", "coordinates": [378994.52, 3373587.97]}, "properties": {"cell_id": 3804, "max_wse_m": 3349.41}}, {"type": "Feature", "geometry": {"type": "Point", "coordinates": [379034.52, 3373587.97]}, "properties": {"cell_id": 3805, "max_wse_m": 3359.61}}, {"type": "Feature", "geometry": {"type": "Point", "coordinates": [379074.52, 3373587.97]}, "properties": {"cell_id": 3806, "max_wse_m": 3368.24}}, {"type": "Feature", "geometry": {"type": "Point", "coordinates": [379114.52, 3373587.97]}, "properties": {"cell_id": 3807, "max_wse_m": 3397.74}}, {"type": "Feature", "geometry": {"type": "Point", "coordinates": [379154.52, 3373587.97]}, "properties": {"cell_id": 3808, "max_wse_m": 3428.72}}, {"type": "Feature", "geometry": {"type": "Point", "coordinates": [379194.52, 3373587.97]}, "properties": {"cell_id": 3809, "max_wse_m": 3440.4}}, {"type": "Feature", "geometry": {"type": "Point", "coordinates": [379234.52, 3373587.97]}, "properties": {"cell_id": 3810, "max_wse_m": 3477.09}}, {"type": "Feature", "geometry": {"type": "Point", "coordinates": [379274.52, 3373587.97]}, "properties": {"cell_id": 3811, "max_wse_m": 3479.0}}, {"type": "Feature", "geometry": {"type": "Point", "coordinates": [379314.52, 3373587.97]}, "properties": {"cell_id": 3812, "max_wse_m": 3480.99}}, {"type": "Feature", "geometry": {"type": "Point", "coordinates": [379354.52, 3373587.97]}, "properties": {"cell_id": 3813, "max_wse_m": 3505.93}}, {"type": "Feature", "geometry": {"type": "Point", "coordinates": [379394.52, 3373587.97]}, "properties": {"cell_id": 3814, "max_wse_m": 3522.32}}, {"type": "Feature", "geometry": {"type": "Point", "coordinates": [379434.52, 3373587.97]}, "properties": {"cell_id": 3815, "max_wse_m": 3552.78}}, {"type": "Feature", "geometry": {"type": "Point", "coordinates": [379474.52, 3373587.97]}, "properties": {"cell_id": 3816, "max_wse_m": 3575.22}}, {"type": "Feature", "geometry": {"type": "Point", "coordinates": [379514.52, 3373587.97]}, "properties": {"cell_id": 3817, "max_wse_m": 3627.27}}, {"type": "Feature", "geometry": {"type": "Point", "coordinates": [379554.52, 3373587.97]}, "properties": {"cell_id": 3818, "max_wse_m": 3659.37}}, {"type": "Feature", "geometry": {"type": "Point", "coordinates": [379594.52, 3373587.97]}, "properties": {"cell_id": 3819, "max_wse_m": 3680.95}}, {"type": "Feature", "geometry": {"type": "Point", "coordinates": [379634.52, 3373587.97]}, "properties": {"cell_id": 3820, "max_wse_m": 3715.73}}, {"type": "Feature", "geometry": {"type": "Point", "coordinates": [379674.52, 3373587.97]}, "properties": {"cell_id": 3821, "max_wse_m": 3718.84}}, {"type": "Feature", "geometry": {"type": "Point", "coordinates": [379714.52, 3373587.97]}, "properties": {"cell_id": 3822, "max_wse_m": 3763.68}}, {"type": "Feature", "geometry": {"type": "Point", "coordinates": [379754.52, 3373587.97]}, "properties": {"cell_id": 3823, "max_wse_m": 3761.22}}, {"type": "Feature", "geometry": {"type": "Point", "coordinates": [379794.52, 3373587.97]}, "properties": {"cell_id": 3824, "max_wse_m": 3761.26}}, {"type": "Feature", "geometry": {"type": "Point", "coordinates": [379834.52, 3373587.97]}, "properties": {"cell_id": 3825, "max_wse_m": 3774.5}}, {"type": "Feature", "geometry": {"type": "Point", "coordinates": [379874.52, 3373587.97]}, "properties": {"cell_id": 3826, "max_wse_m": 3780.95}}, {"type": "Feature", "geometry": {"type": "Point", "coordinates": [379914.52, 3373587.97]}, "properties": {"cell_id": 3827, "max_wse_m": 3767.3}}, {"type": "Feature", "geometry": {"type": "Point", "coordinates": [379954.52, 3373587.97]}, "properties": {"cell_id": 3828, "max_wse_m": 3758.73}}, {"type": "Feature", "geometry": {"type": "Point", "coordinates": [379994.52, 3373587.97]}, "properties": {"cell_id": 3829, "max_wse_m": 3751.58}}, {"type": "Feature", "geometry": {"type": "Point", "coordinates": [380034.52, 3373587.97]}, "properties": {"cell_id": 3830, "max_wse_m": 3729.71}}, {"type": "Feature", "geometry": {"type": "Point", "coordinates": [380074.52, 3373587.97]}, "properties": {"cell_id": 3831, "max_wse_m": 3715.9}}, {"type": "Feature", "geometry": {"type": "Point", "coordinates": [380114.52, 3373587.97]}, "properties": {"cell_id": 3832, "max_wse_m": 3715.66}}, {"type": "Feature", "geometry": {"type": "Point", "coordinates": [380154.52, 3373587.97]}, "properties": {"cell_id": 3833, "max_wse_m": 3727.08}}, {"type": "Feature", "geometry": {"type": "Point", "coordinates": [380194.52, 3373587.97]}, "properties": {"cell_id": 3834, "max_wse_m": 3715.56}}, {"type": "Feature", "geometry": {"type": "Point", "coordinates": [380234.52, 3373587.97]}, "properties": {"cell_id": 3835, "max_wse_m": 3683.48}}, {"type": "Feature", "geometry": {"type": "Point", "coordinates": [380274.52, 3373587.97]}, "properties": {"cell_id": 3836, "max_wse_m": 3656.82}}, {"type": "Feature", "geometry": {"type": "Point", "coordinates": [380314.52, 3373587.97]}, "properties": {"cell_id": 3837, "max_wse_m": 3642.36}}, {"type": "Feature", "geometry": {"type": "Point", "coordinates": [380354.52, 3373587.97]}, "properties": {"cell_id": 3838, "max_wse_m": 3633.2}}, {"type": "Feature", "geometry": {"type": "Point", "coordinates": [380394.52, 3373587.97]}, "properties": {"cell_id": 3839, "max_wse_m": 3601.69}}, {"type": "Feature", "geometry": {"type": "Point", "coordinates": [380434.52, 3373587.97]}, "properties": {"cell_id": 3840, "max_wse_m": 3558.18}}, {"type": "Feature", "geometry": {"type": "Point", "coordinates": [380474.52, 3373587.97]}, "properties": {"cell_id": 3841, "max_wse_m": 3545.09}}, {"type": "Feature", "geometry": {"type": "Point", "coordinates": [380514.52, 3373587.97]}, "properties": {"cell_id": 3842, "max_wse_m": 3547.53}}, {"type": "Feature", "geometry": {"type": "Point", "coordinates": [380554.52, 3373587.97]}, "properties": {"cell_id": 3843, "max_wse_m": 3557.02}}, {"type": "Feature", "geometry": {"type": "Point", "coordinates": [380594.52, 3373587.97]}, "properties": {"cell_id": 3844, "max_wse_m": 3567.67}}, {"type": "Feature", "geometry": {"type": "Point", "coordinates": [380634.52, 3373587.97]}, "properties": {"cell_id": 3845, "max_wse_m": 3598.16}}, {"type": "Feature", "geometry": {"type": "Point", "coordinates": [380674.52, 3373587.97]}, "properties": {"cell_id": 3846, "max_wse_m": 3623.69}}, {"type": "Feature", "geometry": {"type": "Point", "coordinates": [380714.52, 3373587.97]}, "properties": {"cell_id": 3847, "max_wse_m": 3653.48}}, {"type": "Feature", "geometry": {"type": "Point", "coordinates": [380754.52, 3373587.97]}, "properties": {"cell_id": 3848, "max_wse_m": 3683.15}}, {"type": "Feature", "geometry": {"type": "Point", "coordinates": [380794.52, 3373587.97]}, "properties": {"cell_id": 3849, "max_wse_m": 3715.11}}, {"type": "Feature", "geometry": {"type": "Point", "coordinates": [380834.52, 3373587.97]}, "properties": {"cell_id": 3850, "max_wse_m": 3745.01}}, {"type": "Feature", "geometry": {"type": "Point", "coordinates": [380874.52, 3373587.97]}, "properties": {"cell_id": 3851, "max_wse_m": 3777.63}}, {"type": "Feature", "geometry": {"type": "Point", "coordinates": [380914.52, 3373587.97]}, "properties": {"cell_id": 3852, "max_wse_m": 3813.56}}, {"type": "Feature", "geometry": {"type": "Point", "coordinates": [380954.52, 3373587.97]}, "properties": {"cell_id": 3853, "max_wse_m": 3851.39}}, {"type": "Feature", "geometry": {"type": "Point", "coordinates": [380994.52, 3373587.97]}, "properties": {"cell_id": 3854, "max_wse_m": 3883.59}}, {"type": "Feature", "geometry": {"type": "Point", "coordinates": [381034.52, 3373587.97]}, "properties": {"cell_id": 3855, "max_wse_m": 3911.7}}, {"type": "Feature", "geometry": {"type": "Point", "coordinates": [381074.52, 3373587.97]}, "properties": {"cell_id": 3856, "max_wse_m": 3944.18}}, {"type": "Feature", "geometry": {"type": "Point", "coordinates": [381114.52, 3373587.97]}, "properties": {"cell_id": 3857, "max_wse_m": 3946.12}}, {"type": "Feature", "geometry": {"type": "Point", "coordinates": [381154.52, 3373587.97]}, "properties": {"cell_id": 3858, "max_wse_m": 3944.49}}, {"type": "Feature", "geometry": {"type": "Point", "coordinates": [381194.52, 3373587.97]}, "properties": {"cell_id": 3859, "max_wse_m": 3942.98}}, {"type": "Feature", "geometry": {"type": "Point", "coordinates": [381234.52, 3373587.97]}, "properties": {"cell_id": 3860, "max_wse_m": 3931.78}}, {"type": "Feature", "geometry": {"type": "Point", "coordinates": [381274.52, 3373587.97]}, "properties": {"cell_id": 3861, "max_wse_m": 3933.77}}, {"type": "Feature", "geometry": {"type": "Point", "coordinates": [381314.52, 3373587.97]}, "properties": {"cell_id": 3862, "max_wse_m": 3954.02}}, {"type": "Feature", "geometry": {"type": "Point", "coordinates": [381354.52, 3373587.97]}, "properties": {"cell_id": 3863, "max_wse_m": 3991.13}}, {"type": "Feature", "geometry": {"type": "Point", "coordinates": [381394.52, 3373587.97]}, "properties": {"cell_id": 3864, "max_wse_m": 4027.0}}, {"type": "Feature", "geometry": {"type": "Point", "coordinates": [381434.52, 3373587.97]}, "properties": {"cell_id": 3865, "max_wse_m": 4056.01}}, {"type": "Feature", "geometry": {"type": "Point", "coordinates": [381474.52, 3373587.97]}, "properties": {"cell_id": 3866, "max_wse_m": 4082.0}}, {"type": "Feature", "geometry": {"type": "Point", "coordinates": [381514.52, 3373587.97]}, "properties": {"cell_id": 3867, "max_wse_m": 4109.48}}, {"type": "Feature", "geometry": {"type": "Point", "coordinates": [381554.52, 3373587.97]}, "properties": {"cell_id": 3868, "max_wse_m": 4155.54}}, {"type": "Feature", "geometry": {"type": "Point", "coordinates": [381594.52, 3373587.97]}, "properties": {"cell_id": 3869, "max_wse_m": 4144.77}}, {"type": "Feature", "geometry": {"type": "Point", "coordinates": [381634.52, 3373587.97]}, "properties": {"cell_id": 3870, "max_wse_m": 4106.69}}, {"type": "Feature", "geometry": {"type": "Point", "coordinates": [381674.52, 3373587.97]}, "properties": {"cell_id": 3871, "max_wse_m": 4081.2}}, {"type": "Feature", "geometry": {"type": "Point", "coordinates": [381714.52, 3373587.97]}, "properties": {"cell_id": 3872, "max_wse_m": 4049.0}}, {"type": "Feature", "geometry": {"type": "Point", "coordinates": [381754.52, 3373587.97]}, "properties": {"cell_id": 3873, "max_wse_m": 4021.78}}, {"type": "Feature", "geometry": {"type": "Point", "coordinates": [381794.52, 3373587.97]}, "properties": {"cell_id": 3874, "max_wse_m": 3995.06}}, {"type": "Feature", "geometry": {"type": "Point", "coordinates": [381834.52, 3373587.97]}, "properties": {"cell_id": 3875, "max_wse_m": 3954.93}}, {"type": "Feature", "geometry": {"type": "Point", "coordinates": [381874.52, 3373587.97]}, "properties": {"cell_id": 3876, "max_wse_m": 3908.72}}, {"type": "Feature", "geometry": {"type": "Point", "coordinates": [381914.52, 3373587.97]}, "properties": {"cell_id": 3877, "max_wse_m": 3908.43}}, {"type": "Feature", "geometry": {"type": "Point", "coordinates": [373394.52, 3373547.97]}, "properties": {"cell_id": 3878, "max_wse_m": 1873.32}}, {"type": "Feature", "geometry": {"type": "Point", "coordinates": [373434.52, 3373547.97]}, "properties": {"cell_id": 3879, "max_wse_m": 1873.87}}, {"type": "Feature", "geometry": {"type": "Point", "coordinates": [373474.52, 3373547.97]}, "properties": {"cell_id": 3880, "max_wse_m": 1877.33}}, {"type": "Feature", "geometry": {"type": "Point", "coordinates": [373514.52, 3373547.97]}, "properties": {"cell_id": 3881, "max_wse_m": 1875.83}}, {"type": "Feature", "geometry": {"type": "Point", "coordinates": [373554.52, 3373547.97]}, "properties": {"cell_id": 3882, "max_wse_m": 1881.95}}, {"type": "Feature", "geometry": {"type": "Point", "coordinates": [374074.52, 3373547.97]}, "properties": {"cell_id": 3883, "max_wse_m": 1897.93}}, {"type": "Feature", "geometry": {"type": "Point", "coordinates": [374114.52, 3373547.97]}, "properties": {"cell_id": 3884, "max_wse_m": 1897.89}}, {"type": "Feature", "geometry": {"type": "Point", "coordinates": [374154.52, 3373547.97]}, "properties": {"cell_id": 3885, "max_wse_m": 1897.6}}, {"type": "Feature", "geometry": {"type": "Point", "coordinates": [374194.52, 3373547.97]}, "properties": {"cell_id": 3886, "max_wse_m": 1897.96}}, {"type": "Feature", "geometry": {"type": "Point", "coordinates": [374234.52, 3373547.97]}, "properties": {"cell_id": 3887, "max_wse_m": 1900.51}}, {"type": "Feature", "geometry": {"type": "Point", "coordinates": [374274.52, 3373547.97]}, "properties": {"cell_id": 3888, "max_wse_m": 1901.06}}, {"type": "Feature", "geometry": {"type": "Point", "coordinates": [374314.52, 3373547.97]}, "properties": {"cell_id": 3889, "max_wse_m": 1902.61}}, {"type": "Feature", "geometry": {"type": "Point", "coordinates": [374354.52, 3373547.97]}, "properties": {"cell_id": 3890, "max_wse_m": 1905.92}}, {"type": "Feature", "geometry": {"type": "Point", "coordinates": [374394.52, 3373547.97]}, "properties": {"cell_id": 3891, "max_wse_m": 1910.79}}, {"type": "Feature", "geometry": {"type": "Point", "coordinates": [374434.52, 3373547.97]}, "properties": {"cell_id": 3892, "max_wse_m": 1914.27}}, {"type": "Feature", "geometry": {"type": "Point", "coordinates": [374474.52, 3373547.97]}, "properties": {"cell_id": 3893, "max_wse_m": 1925.16}}, {"type": "Feature", "geometry": {"type": "Point", "coordinates": [374514.52, 3373547.97]}, "properties": {"cell_id": 3894, "max_wse_m": 1935.96}}, {"type": "Feature", "geometry": {"type": "Point", "coordinates": [374554.52, 3373547.97]}, "properties": {"cell_id": 3895, "max_wse_m": 1963.43}}, {"type": "Feature", "geometry": {"type": "Point", "coordinates": [374594.52, 3373547.97]}, "properties": {"cell_id": 3896, "max_wse_m": 1978.7}}, {"type": "Feature", "geometry": {"type": "Point", "coordinates": [374634.52, 3373547.97]}, "properties": {"cell_id": 3897, "max_wse_m": 1989.82}}, {"type": "Feature", "geometry": {"type": "Point", "coordinates": [374674.52, 3373547.97]}, "properties": {"cell_id": 3898, "max_wse_m": 2003.6}}, {"type": "Feature", "geometry": {"type": "Point", "coordinates": [374714.52, 3373547.97]}, "properties": {"cell_id": 3899, "max_wse_m": 2029.68}}, {"type": "Feature", "geometry": {"type": "Point", "coordinates": [374754.52, 3373547.97]}, "properties": {"cell_id": 3900, "max_wse_m": 2050.58}}, {"type": "Feature", "geometry": {"type": "Point", "coordinates": [374794.52, 3373547.97]}, "properties": {"cell_id": 3901, "max_wse_m": 2071.12}}, {"type": "Feature", "geometry": {"type": "Point", "coordinates": [374834.52, 3373547.97]}, "properties": {"cell_id": 3902, "max_wse_m": 2097.4}}, {"type": "Feature", "geometry": {"type": "Point", "coordinates": [374874.52, 3373547.97]}, "properties": {"cell_id": 3903, "max_wse_m": 2118.92}}, {"type": "Feature", "geometry": {"type": "Point", "coordinates": [374914.52, 3373547.97]}, "properties": {"cell_id": 3904, "max_wse_m": 2133.32}}, {"type": "Feature", "geometry": {"type": "Point", "coordinates": [374954.52, 3373547.97]}, "properties": {"cell_id": 3905, "max_wse_m": 2160.81}}, {"type": "Feature", "geometry": {"type": "Point", "coordinates": [374994.52, 3373547.97]}, "properties": {"cell_id": 3906, "max_wse_m": 2186.47}}, {"type": "Feature", "geometry": {"type": "Point", "coordinates": [375034.52, 3373547.97]}, "properties": {"cell_id": 3907, "max_wse_m": 2203.58}}, {"type": "Feature", "geometry": {"type": "Point", "coordinates": [375074.52, 3373547.97]}, "properties": {"cell_id": 3908, "max_wse_m": 2228.47}}, {"type": "Feature", "geometry": {"type": "Point", "coordinates": [375114.52, 3373547.97]}, "properties": {"cell_id": 3909, "max_wse_m": 2253.98}}, {"type": "Feature", "geometry": {"type": "Point", "coordinates": [375154.52, 3373547.97]}, "properties": {"cell_id": 3910, "max_wse_m": 2282.28}}, {"type": "Feature", "geometry": {"type": "Point", "coordinates": [378594.52, 3373547.97]}, "properties": {"cell_id": 3911, "max_wse_m": 3381.35}}, {"type": "Feature", "geometry": {"type": "Point", "coordinates": [378634.52, 3373547.97]}, "properties": {"cell_id": 3912, "max_wse_m": 3381.35}}, {"type": "Feature", "geometry": {"type": "Point", "coordinates": [378674.52, 3373547.97]}, "properties": {"cell_id": 3913, "max_wse_m": 3374.03}}, {"type": "Feature", "geometry": {"type": "Point", "coordinates": [378714.52, 3373547.97]}, "properties": {"cell_id": 3914, "max_wse_m": 3351.87}}, {"type": "Feature", "geometry": {"type": "Point", "coordinates": [378754.52, 3373547.97]}, "properties": {"cell_id": 3915, "max_wse_m": 3339.83}}, {"type": "Feature", "geometry": {"type": "Point", "coordinates": [378794.52, 3373547.97]}, "properties": {"cell_id": 3916, "max_wse_m": 3329.52}}, {"type": "Feature", "geometry": {"type": "Point", "coordinates": [378834.52, 3373547.97]}, "properties": {"cell_id": 3917, "max_wse_m": 3337.35}}, {"type": "Feature", "geometry": {"type": "Point", "coordinates": [378874.52, 3373547.97]}, "properties": {"cell_id": 3918, "max_wse_m": 3348.56}}, {"type": "Feature", "geometry": {"type": "Point", "coordinates": [378914.52, 3373547.97]}, "properties": {"cell_id": 3919, "max_wse_m": 3331.58}}, {"type": "Feature", "geometry": {"type": "Point", "coordinates": [378954.52, 3373547.97]}, "properties": {"cell_id": 3920, "max_wse_m": 3334.42}}, {"type": "Feature", "geometry": {"type": "Point", "coordinates": [378994.52, 3373547.97]}, "properties": {"cell_id": 3921, "max_wse_m": 3374.15}}, {"type": "Feature", "geometry": {"type": "Point", "coordinates": [379034.52, 3373547.97]}, "properties": {"cell_id": 3922, "max_wse_m": 3390.08}}, {"type": "Feature", "geometry": {"type": "Point", "coordinates": [379074.52, 3373547.97]}, "properties": {"cell_id": 3923, "max_wse_m": 3411.02}}, {"type": "Feature", "geometry": {"type": "Point", "coordinates": [379114.52, 3373547.97]}, "properties": {"cell_id": 3924, "max_wse_m": 3450.51}}, {"type": "Feature", "geometry": {"type": "Point", "coordinates": [379154.52, 3373547.97]}, "properties": {"cell_id": 3925, "max_wse_m": 3458.46}}, {"type": "Feature", "geometry": {"type": "Point", "coordinates": [379194.52, 3373547.97]}, "properties": {"cell_id": 3926, "max_wse_m": 3472.21}}, {"type": "Feature", "geometry": {"type": "Point", "coordinates": [379234.52, 3373547.97]}, "properties": {"cell_id": 3927, "max_wse_m": 3507.99}}, {"type": "Feature", "geometry": {"type": "Point", "coordinates": [379274.52, 3373547.97]}, "properties": {"cell_id": 3928, "max_wse_m": 3508.88}}, {"type": "Feature", "geometry": {"type": "Point", "coordinates": [379314.52, 3373547.97]}, "properties": {"cell_id": 3929, "max_wse_m": 3522.57}}, {"type": "Feature", "geometry": {"type": "Point", "coordinates": [379354.52, 3373547.97]}, "properties": {"cell_id": 3930, "max_wse_m": 3540.87}}, {"type": "Feature", "geometry": {"type": "Point", "coordinates": [379394.52, 3373547.97]}, "properties": {"cell_id": 3931, "max_wse_m": 3550.86}}, {"type": "Feature", "geometry": {"type": "Point", "coordinates": [379434.52, 3373547.97]}, "properties": {"cell_id": 3932, "max_wse_m": 3578.81}}, {"type": "Feature", "geometry": {"type": "Point", "coordinates": [379474.52, 3373547.97]}, "properties": {"cell_id": 3933, "max_wse_m": 3617.78}}, {"type": "Feature", "geometry": {"type": "Point", "coordinates": [379514.52, 3373547.97]}, "properties": {"cell_id": 3934, "max_wse_m": 3647.05}}, {"type": "Feature", "geometry": {"type": "Point", "coordinates": [379554.52, 3373547.97]}, "properties": {"cell_id": 3935, "max_wse_m": 3689.34}}, {"type": "Feature", "geometry": {"type": "Point", "coordinates": [379594.52, 3373547.97]}, "properties": {"cell_id": 3936, "max_wse_m": 3713.18}}, {"type": "Feature", "geometry": {"type": "Point", "coordinates": [379634.52, 3373547.97]}, "properties": {"cell_id": 3937, "max_wse_m": 3746.51}}, {"type": "Feature", "geometry": {"type": "Point", "coordinates": [379674.52, 3373547.97]}, "properties": {"cell_id": 3938, "max_wse_m": 3774.02}}, {"type": "Feature", "geometry": {"type": "Point", "coordinates": [379714.52, 3373547.97]}, "properties": {"cell_id": 3939, "max_wse_m": 3793.88}}, {"type": "Feature", "geometry": {"type": "Point", "coordinates": [379754.52, 3373547.97]}, "properties": {"cell_id": 3940, "max_wse_m": 3796.15}}, {"type": "Feature", "geometry": {"type": "Point", "coordinates": [379794.52, 3373547.97]}, "properties": {"cell_id": 3941, "max_wse_m": 3796.08}}, {"type": "Feature", "geometry": {"type": "Point", "coordinates": [379834.52, 3373547.97]}, "properties": {"cell_id": 3942, "max_wse_m": 3778.39}}, {"type": "Feature", "geometry": {"type": "Point", "coordinates": [379874.52, 3373547.97]}, "properties": {"cell_id": 3943, "max_wse_m": 3751.1}}, {"type": "Feature", "geometry": {"type": "Point", "coordinates": [379914.52, 3373547.97]}, "properties": {"cell_id": 3944, "max_wse_m": 3735.12}}, {"type": "Feature", "geometry": {"type": "Point", "coordinates": [379954.52, 3373547.97]}, "properties": {"cell_id": 3945, "max_wse_m": 3732.3}}, {"type": "Feature", "geometry": {"type": "Point", "coordinates": [379994.52, 3373547.97]}, "properties": {"cell_id": 3946, "max_wse_m": 3712.57}}, {"type": "Feature", "geometry": {"type": "Point", "coordinates": [380034.52, 3373547.97]}, "properties": {"cell_id": 3947, "max_wse_m": 3701.09}}, {"type": "Feature", "geometry": {"type": "Point", "coordinates": [380074.52, 3373547.97]}, "properties": {"cell_id": 3948, "max_wse_m": 3685.22}}, {"type": "Feature", "geometry": {"type": "Point", "coordinates": [380114.52, 3373547.97]}, "properties": {"cell_id": 3949, "max_wse_m": 3680.42}}, {"type": "Feature", "geometry": {"type": "Point", "coordinates": [380154.52, 3373547.97]}, "properties": {"cell_id": 3950, "max_wse_m": 3688.51}}, {"type": "Feature", "geometry": {"type": "Point", "coordinates": [380194.52, 3373547.97]}, "properties": {"cell_id": 3951, "max_wse_m": 3695.42}}, {"type": "Feature", "geometry": {"type": "Point", "coordinates": [380234.52, 3373547.97]}, "properties": {"cell_id": 3952, "max_wse_m": 3668.81}}, {"type": "Feature", "geometry": {"type": "Point", "coordinates": [380274.52, 3373547.97]}, "properties": {"cell_id": 3953, "max_wse_m": 3637.45}}, {"type": "Feature", "geometry": {"type": "Point", "coordinates": [380314.52, 3373547.97]}, "properties": {"cell_id": 3954, "max_wse_m": 3608.93}}, {"type": "Feature", "geometry": {"type": "Point", "coordinates": [380354.52, 3373547.97]}, "properties": {"cell_id": 3955, "max_wse_m": 3599.77}}, {"type": "Feature", "geometry": {"type": "Point", "coordinates": [380394.52, 3373547.97]}, "properties": {"cell_id": 3956, "max_wse_m": 3562.84}}, {"type": "Feature", "geometry": {"type": "Point", "coordinates": [380434.52, 3373547.97]}, "properties": {"cell_id": 3957, "max_wse_m": 3514.01}}, {"type": "Feature", "geometry": {"type": "Point", "coordinates": [380474.52, 3373547.97]}, "properties": {"cell_id": 3958, "max_wse_m": 3514.0}}, {"type": "Feature", "geometry": {"type": "Point", "coordinates": [380514.52, 3373547.97]}, "properties": {"cell_id": 3959, "max_wse_m": 3520.53}}, {"type": "Feature", "geometry": {"type": "Point", "coordinates": [380554.52, 3373547.97]}, "properties": {"cell_id": 3960, "max_wse_m": 3529.33}}, {"type": "Feature", "geometry": {"type": "Point", "coordinates": [380594.52, 3373547.97]}, "properties": {"cell_id": 3961, "max_wse_m": 3561.7}}, {"type": "Feature", "geometry": {"type": "Point", "coordinates": [380634.52, 3373547.97]}, "properties": {"cell_id": 3962, "max_wse_m": 3601.26}}, {"type": "Feature", "geometry": {"type": "Point", "coordinates": [380674.52, 3373547.97]}, "properties": {"cell_id": 3963, "max_wse_m": 3626.12}}, {"type": "Feature", "geometry": {"type": "Point", "coordinates": [380714.52, 3373547.97]}, "properties": {"cell_id": 3964, "max_wse_m": 3653.85}}, {"type": "Feature", "geometry": {"type": "Point", "coordinates": [380754.52, 3373547.97]}, "properties": {"cell_id": 3965, "max_wse_m": 3685.24}}, {"type": "Feature", "geometry": {"type": "Point", "coordinates": [380794.52, 3373547.97]}, "properties": {"cell_id": 3966, "max_wse_m": 3717.34}}, {"type": "Feature", "geometry": {"type": "Point", "coordinates": [380834.52, 3373547.97]}, "properties": {"cell_id": 3967, "max_wse_m": 3753.72}}, {"type": "Feature", "geometry": {"type": "Point", "coordinates": [380874.52, 3373547.97]}, "properties": {"cell_id": 3968, "max_wse_m": 3799.96}}, {"type": "Feature", "geometry": {"type": "Point", "coordinates": [380914.52, 3373547.97]}, "properties": {"cell_id": 3969, "max_wse_m": 3835.07}}, {"type": "Feature", "geometry": {"type": "Point", "coordinates": [380954.52, 3373547.97]}, "properties": {"cell_id": 3970, "max_wse_m": 3868.28}}, {"type": "Feature", "geometry": {"type": "Point", "coordinates": [380994.52, 3373547.97]}, "properties": {"cell_id": 3971, "max_wse_m": 3890.26}}, {"type": "Feature", "geometry": {"type": "Point", "coordinates": [381034.52, 3373547.97]}, "properties": {"cell_id": 3972, "max_wse_m": 3930.2}}, {"type": "Feature", "geometry": {"type": "Point", "coordinates": [381074.52, 3373547.97]}, "properties": {"cell_id": 3973, "max_wse_m": 3960.18}}, {"type": "Feature", "geometry": {"type": "Point", "coordinates": [381114.52, 3373547.97]}, "properties": {"cell_id": 3974, "max_wse_m": 3868.83}}, {"type": "Feature", "geometry": {"type": "Point", "coordinates": [381154.52, 3373547.97]}, "properties": {"cell_id": 3975, "max_wse_m": 3876.53}}, {"type": "Feature", "geometry": {"type": "Point", "coordinates": [381194.52, 3373547.97]}, "properties": {"cell_id": 3976, "max_wse_m": 3908.81}}, {"type": "Feature", "geometry": {"type": "Point", "coordinates": [381234.52, 3373547.97]}, "properties": {"cell_id": 3977, "max_wse_m": 3909.33}}, {"type": "Feature", "geometry": {"type": "Point", "coordinates": [381274.52, 3373547.97]}, "properties": {"cell_id": 3978, "max_wse_m": 3916.97}}, {"type": "Feature", "geometry": {"type": "Point", "coordinates": [381314.52, 3373547.97]}, "properties": {"cell_id": 3979, "max_wse_m": 3953.98}}, {"type": "Feature", "geometry": {"type": "Point", "coordinates": [381354.52, 3373547.97]}, "properties": {"cell_id": 3980, "max_wse_m": 3999.68}}, {"type": "Feature", "geometry": {"type": "Point", "coordinates": [381394.52, 3373547.97]}, "properties": {"cell_id": 3981, "max_wse_m": 4038.48}}, {"type": "Feature", "geometry": {"type": "Point", "coordinates": [381434.52, 3373547.97]}, "properties": {"cell_id": 3982, "max_wse_m": 4064.35}}, {"type": "Feature", "geometry": {"type": "Point", "coordinates": [381474.52, 3373547.97]}, "properties": {"cell_id": 3983, "max_wse_m": 4123.74}}, {"type": "Feature", "geometry": {"type": "Point", "coordinates": [381514.52, 3373547.97]}, "properties": {"cell_id": 3984, "max_wse_m": 4152.04}}, {"type": "Feature", "geometry": {"type": "Point", "coordinates": [381554.52, 3373547.97]}, "properties": {"cell_id": 3985, "max_wse_m": 4140.32}}, {"type": "Feature", "geometry": {"type": "Point", "coordinates": [381594.52, 3373547.97]}, "properties": {"cell_id": 3986, "max_wse_m": 4089.73}}, {"type": "Feature", "geometry": {"type": "Point", "coordinates": [381634.52, 3373547.97]}, "properties": {"cell_id": 3987, "max_wse_m": 4034.51}}, {"type": "Feature", "geometry": {"type": "Point", "coordinates": [381674.52, 3373547.97]}, "properties": {"cell_id": 3988, "max_wse_m": 4017.99}}, {"type": "Feature", "geometry": {"type": "Point", "coordinates": [381714.52, 3373547.97]}, "properties": {"cell_id": 3989, "max_wse_m": 4000.66}}, {"type": "Feature", "geometry": {"type": "Point", "coordinates": [381754.52, 3373547.97]}, "properties": {"cell_id": 3990, "max_wse_m": 3968.77}}, {"type": "Feature", "geometry": {"type": "Point", "coordinates": [381794.52, 3373547.97]}, "properties": {"cell_id": 3991, "max_wse_m": 3917.51}}, {"type": "Feature", "geometry": {"type": "Point", "coordinates": [381834.52, 3373547.97]}, "properties": {"cell_id": 3992, "max_wse_m": 3881.29}}, {"type": "Feature", "geometry": {"type": "Point", "coordinates": [381874.52, 3373547.97]}, "properties": {"cell_id": 3993, "max_wse_m": 3860.17}}, {"type": "Feature", "geometry": {"type": "Point", "coordinates": [381914.52, 3373547.97]}, "properties": {"cell_id": 3994, "max_wse_m": 3876.49}}, {"type": "Feature", "geometry": {"type": "Point", "coordinates": [374234.52, 3373507.97]}, "properties": {"cell_id": 3995, "max_wse_m": 1899.72}}, {"type": "Feature", "geometry": {"type": "Point", "coordinates": [374274.52, 3373507.97]}, "properties": {"cell_id": 3996, "max_wse_m": 1901.59}}, {"type": "Feature", "geometry": {"type": "Point", "coordinates": [374314.52, 3373507.97]}, "properties": {"cell_id": 3997, "max_wse_m": 1912.13}}, {"type": "Feature", "geometry": {"type": "Point", "coordinates": [374354.52, 3373507.97]}, "properties": {"cell_id": 3998, "max_wse_m": 1916.67}}, {"type": "Feature", "geometry": {"type": "Point", "coordinates": [374394.52, 3373507.97]}, "properties": {"cell_id": 3999, "max_wse_m": 1912.29}}, {"type": "Feature", "geometry": {"type": "Point", "coordinates": [374434.52, 3373507.97]}, "properties": {"cell_id": 4000, "max_wse_m": 1913.64}}, {"type": "Feature", "geometry": {"type": "Point", "coordinates": [374474.52, 3373507.97]}, "properties": {"cell_id": 4001, "max_wse_m": 1916.54}}, {"type": "Feature", "geometry": {"type": "Point", "coordinates": [374514.52, 3373507.97]}, "properties": {"cell_id": 4002, "max_wse_m": 1917.9}}, {"type": "Feature", "geometry": {"type": "Point", "coordinates": [374554.52, 3373507.97]}, "properties": {"cell_id": 4003, "max_wse_m": 1931.67}}, {"type": "Feature", "geometry": {"type": "Point", "coordinates": [374594.52, 3373507.97]}, "properties": {"cell_id": 4004, "max_wse_m": 1955.53}}, {"type": "Feature", "geometry": {"type": "Point", "coordinates": [374634.52, 3373507.97]}, "properties": {"cell_id": 4005, "max_wse_m": 1966.04}}, {"type": "Feature", "geometry": {"type": "Point", "coordinates": [374674.52, 3373507.97]}, "properties": {"cell_id": 4006, "max_wse_m": 1982.55}}, {"type": "Feature", "geometry": {"type": "Point", "coordinates": [374714.52, 3373507.97]}, "properties": {"cell_id": 4007, "max_wse_m": 2003.65}}, {"type": "Feature", "geometry": {"type": "Point", "coordinates": [374754.52, 3373507.97]}, "properties": {"cell_id": 4008, "max_wse_m": 2025.83}}, {"type": "Feature", "geometry": {"type": "Point", "coordinates": [374794.52, 3373507.97]}, "properties": {"cell_id": 4009, "max_wse_m": 2050.75}}, {"type": "Feature", "geometry": {"type": "Point", "coordinates": [374834.52, 3373507.97]}, "properties": {"cell_id": 4010, "max_wse_m": 2078.94}}, {"type": "Feature", "geometry": {"type": "Point", "coordinates": [374874.52, 3373507.97]}, "properties": {"cell_id": 4011, "max_wse_m": 2100.81}}, {"type": "Feature", "geometry": {"type": "Point", "coordinates": [374914.52, 3373507.97]}, "properties": {"cell_id": 4012, "max_wse_m": 2121.17}}, {"type": "Feature", "geometry": {"type": "Point", "coordinates": [374954.52, 3373507.97]}, "properties": {"cell_id": 4013, "max_wse_m": 2141.91}}, {"type": "Feature", "geometry": {"type": "Point", "coordinates": [374994.52, 3373507.97]}, "properties": {"cell_id": 4014, "max_wse_m": 2165.75}}, {"type": "Feature", "geometry": {"type": "Point", "coordinates": [375034.52, 3373507.97]}, "properties": {"cell_id": 4015, "max_wse_m": 2188.8}}, {"type": "Feature", "geometry": {"type": "Point", "coordinates": [375074.52, 3373507.97]}, "properties": {"cell_id": 4016, "max_wse_m": 2214.69}}, {"type": "Feature", "geometry": {"type": "Point", "coordinates": [375114.52, 3373507.97]}, "properties": {"cell_id": 4017, "max_wse_m": 2246.04}}, {"type": "Feature", "geometry": {"type": "Point", "coordinates": [375154.52, 3373507.97]}, "properties": {"cell_id": 4018, "max_wse_m": 2279.54}}, {"type": "Feature", "geometry": {"type": "Point", "coordinates": [375194.52, 3373507.97]}, "properties": {"cell_id": 4019, "max_wse_m": 2310.56}}, {"type": "Feature", "geometry": {"type": "Point", "coordinates": [378554.52, 3373507.97]}, "properties": {"cell_id": 4020, "max_wse_m": 3391.13}}, {"type": "Feature", "geometry": {"type": "Point", "coordinates": [378594.52, 3373507.97]}, "properties": {"cell_id": 4021, "max_wse_m": 3395.03}}, {"type": "Feature", "geometry": {"type": "Point", "coordinates": [378634.52, 3373507.97]}, "properties": {"cell_id": 4022, "max_wse_m": 3399.13}}, {"type": "Feature", "geometry": {"type": "Point", "coordinates": [378674.52, 3373507.97]}, "properties": {"cell_id": 4023, "max_wse_m": 3392.91}}, {"type": "Feature", "geometry": {"type": "Point", "coordinates": [378714.52, 3373507.97]}, "properties": {"cell_id": 4024, "max_wse_m": 3361.43}}, {"type": "Feature", "geometry": {"type": "Point", "coordinates": [378754.52, 3373507.97]}, "properties": {"cell_id": 4025, "max_wse_m": 3355.87}}, {"type": "Feature", "geometry": {"type": "Point", "coordinates": [378794.52, 3373507.97]}, "properties": {"cell_id": 4026, "max_wse_m": 3351.43}}, {"type": "Feature", "geometry": {"type": "Point", "coordinates": [378834.52, 3373507.97]}, "properties": {"cell_id": 4027, "max_wse_m": 3356.97}}, {"type": "Feature", "geometry": {"type": "Point", "coordinates": [378874.52, 3373507.97]}, "properties": {"cell_id": 4028, "max_wse_m": 3362.89}}, {"type": "Feature", "geometry": {"type": "Point", "coordinates": [378914.52, 3373507.97]}, "properties": {"cell_id": 4029, "max_wse_m": 3354.2}}, {"type": "Feature", "geometry": {"type": "Point", "coordinates": [378954.52, 3373507.97]}, "properties": {"cell_id": 4030, "max_wse_m": 3355.22}}, {"type": "Feature", "geometry": {"type": "Point", "coordinates": [378994.52, 3373507.97]}, "properties": {"cell_id": 4031, "max_wse_m": 3396.84}}, {"type": "Feature", "geometry": {"type": "Point", "coordinates": [379034.52, 3373507.97]}, "properties": {"cell_id": 4032, "max_wse_m": 3427.24}}, {"type": "Feature", "geometry": {"type": "Point", "coordinates": [379074.52, 3373507.97]}, "properties": {"cell_id": 4033, "max_wse_m": 3442.34}}, {"type": "Feature", "geometry": {"type": "Point", "coordinates": [379114.52, 3373507.97]}, "properties": {"cell_id": 4034, "max_wse_m": 3487.85}}, {"type": "Feature", "geometry": {"type": "Point", "coordinates": [379154.52, 3373507.97]}, "properties": {"cell_id": 4035, "max_wse_m": 3485.55}}, {"type": "Feature", "geometry": {"type": "Point", "coordinates": [379194.52, 3373507.97]}, "properties": {"cell_id": 4036, "max_wse_m": 3485.66}}, {"type": "Feature", "geometry": {"type": "Point", "coordinates": [379234.52, 3373507.97]}, "properties": {"cell_id": 4037, "max_wse_m": 3541.29}}, {"type": "Feature", "geometry": {"type": "Point", "coordinates": [379274.52, 3373507.97]}, "properties": {"cell_id": 4038, "max_wse_m": 3543.0}}, {"type": "Feature", "geometry": {"type": "Point", "coordinates": [379314.52, 3373507.97]}, "properties": {"cell_id": 4039, "max_wse_m": 3556.93}}, {"type": "Feature", "geometry": {"type": "Point", "coordinates": [379354.52, 3373507.97]}, "properties": {"cell_id": 4040, "max_wse_m": 3569.6}}, {"type": "Feature", "geometry": {"type": "Point", "coordinates": [379394.52, 3373507.97]}, "properties": {"cell_id": 4041, "max_wse_m": 3573.25}}, {"type": "Feature", "geometry": {"type": "Point", "coordinates": [379434.52, 3373507.97]}, "properties": {"cell_id": 4042, "max_wse_m": 3612.18}}, {"type": "Feature", "geometry": {"type": "Point", "coordinates": [379474.52, 3373507.97]}, "properties": {"cell_id": 4043, "max_wse_m": 3647.64}}, {"type": "Feature", "geometry": {"type": "Point", "coordinates": [379514.52, 3373507.97]}, "properties": {"cell_id": 4044, "max_wse_m": 3672.93}}, {"type": "Feature", "geometry": {"type": "Point", "coordinates": [379554.52, 3373507.97]}, "properties": {"cell_id": 4045, "max_wse_m": 3719.43}}, {"type": "Feature", "geometry": {"type": "Point", "coordinates": [379594.52, 3373507.97]}, "properties": {"cell_id": 4046, "max_wse_m": 3740.74}}, {"type": "Feature", "geometry": {"type": "Point", "coordinates": [379634.52, 3373507.97]}, "properties": {"cell_id": 4047, "max_wse_m": 3768.93}}, {"type": "Feature", "geometry": {"type": "Point", "coordinates": [379674.52, 3373507.97]}, "properties": {"cell_id": 4048, "max_wse_m": 3774.33}}, {"type": "Feature", "geometry": {"type": "Point", "coordinates": [379714.52, 3373507.97]}, "properties": {"cell_id": 4049, "max_wse_m": 3777.4}}, {"type": "Feature", "geometry": {"type": "Point", "coordinates": [379754.52, 3373507.97]}, "properties": {"cell_id": 4050, "max_wse_m": 3795.22}}, {"type": "Feature", "geometry": {"type": "Point", "coordinates": [379794.52, 3373507.97]}, "properties": {"cell_id": 4051, "max_wse_m": 3781.87}}, {"type": "Feature", "geometry": {"type": "Point", "coordinates": [379834.52, 3373507.97]}, "properties": {"cell_id": 4052, "max_wse_m": 3758.03}}, {"type": "Feature", "geometry": {"type": "Point", "coordinates": [379874.52, 3373507.97]}, "properties": {"cell_id": 4053, "max_wse_m": 3733.13}}, {"type": "Feature", "geometry": {"type": "Point", "coordinates": [379914.52, 3373507.97]}, "properties": {"cell_id": 4054, "max_wse_m": 3701.8}}, {"type": "Feature", "geometry": {"type": "Point", "coordinates": [379954.52, 3373507.97]}, "properties": {"cell_id": 4055, "max_wse_m": 3686.85}}, {"type": "Feature", "geometry": {"type": "Point", "coordinates": [379994.52, 3373507.97]}, "properties": {"cell_id": 4056, "max_wse_m": 3682.19}}, {"type": "Feature", "geometry": {"type": "Point", "coordinates": [380034.52, 3373507.97]}, "properties": {"cell_id": 4057, "max_wse_m": 3670.45}}, {"type": "Feature", "geometry": {"type": "Point", "coordinates": [380074.52, 3373507.97]}, "properties": {"cell_id": 4058, "max_wse_m": 3659.43}}, {"type": "Feature", "geometry": {"type": "Point", "coordinates": [380114.52, 3373507.97]}, "properties": {"cell_id": 4059, "max_wse_m": 3645.43}}, {"type": "Feature", "geometry": {"type": "Point", "coordinates": [380154.52, 3373507.97]}, "properties": {"cell_id": 4060, "max_wse_m": 3644.01}}, {"type": "Feature", "geometry": {"type": "Point", "coordinates": [380194.52, 3373507.97]}, "properties": {"cell_id": 4061, "max_wse_m": 3649.36}}, {"type": "Feature", "geometry": {"type": "Point", "coordinates": [380234.52, 3373507.97]}, "properties": {"cell_id": 4062, "max_wse_m": 3634.18}}, {"type": "Feature", "geometry": {"type": "Point", "coordinates": [380274.52, 3373507.97]}, "properties": {"cell_id": 4063, "max_wse_m": 3608.05}}, {"type": "Feature", "geometry": {"type": "Point", "coordinates": [380314.52, 3373507.97]}, "properties": {"cell_id": 4064, "max_wse_m": 3584.98}}, {"type": "Feature", "geometry": {"type": "Point", "coordinates": [380354.52, 3373507.97]}, "properties": {"cell_id": 4065, "max_wse_m": 3566.7}}, {"type": "Feature", "geometry": {"type": "Point", "coordinates": [380394.52, 3373507.97]}, "properties": {"cell_id": 4066, "max_wse_m": 3518.37}}, {"type": "Feature", "geometry": {"type": "Point", "coordinates": [380434.52, 3373507.97]}, "properties": {"cell_id": 4067, "max_wse_m": 3483.76}}, {"type": "Feature", "geometry": {"type": "Point", "coordinates": [380474.52, 3373507.97]}, "properties": {"cell_id": 4068, "max_wse_m": 3484.14}}, {"type": "Feature", "geometry": {"type": "Point", "coordinates": [380514.52, 3373507.97]}, "properties": {"cell_id": 4069, "max_wse_m": 3494.31}}, {"type": "Feature", "geometry": {"type": "Point", "coordinates": [380554.52, 3373507.97]}, "properties": {"cell_id": 4070, "max_wse_m": 3507.27}}, {"type": "Feature", "geometry": {"type": "Point", "coordinates": [380594.52, 3373507.97]}, "properties": {"cell_id": 4071, "max_wse_m": 3540.64}}, {"type": "Feature", "geometry": {"type": "Point", "coordinates": [380634.52, 3373507.97]}, "properties": {"cell_id": 4072, "max_wse_m": 3609.53}}, {"type": "Feature", "geometry": {"type": "Point", "coordinates": [380674.52, 3373507.97]}, "properties": {"cell_id": 4073, "max_wse_m": 3640.92}}, {"type": "Feature", "geometry": {"type": "Point", "coordinates": [380714.52, 3373507.97]}, "properties": {"cell_id": 4074, "max_wse_m": 3671.29}}, {"type": "Feature", "geometry": {"type": "Point", "coordinates": [380754.52, 3373507.97]}, "properties": {"cell_id": 4075, "max_wse_m": 3720.6}}, {"type": "Feature", "geometry": {"type": "Point", "coordinates": [380794.52, 3373507.97]}, "properties": {"cell_id": 4076, "max_wse_m": 3746.66}}, {"type": "Feature", "geometry": {"type": "Point", "coordinates": [380834.52, 3373507.97]}, "properties": {"cell_id": 4077, "max_wse_m": 3780.53}}, {"type": "Feature", "geometry": {"type": "Point", "coordinates": [380874.52, 3373507.97]}, "properties": {"cell_id": 4078, "max_wse_m": 3819.4}}, {"type": "Feature", "geometry": {"type": "Point", "coordinates": [380914.52, 3373507.97]}, "properties": {"cell_id": 4079, "max_wse_m": 3840.08}}, {"type": "Feature", "geometry": {"type": "Point", "coordinates": [380954.52, 3373507.97]}, "properties": {"cell_id": 4080, "max_wse_m": 3841.7}}, {"type": "Feature", "geometry": {"type": "Point", "coordinates": [380994.52, 3373507.97]}, "properties": {"cell_id": 4081, "max_wse_m": 3885.51}}, {"type": "Feature", "geometry": {"type": "Point", "coordinates": [381034.52, 3373507.97]}, "properties": {"cell_id": 4082, "max_wse_m": 3934.06}}, {"type": "Feature", "geometry": {"type": "Point", "coordinates": [381074.52, 3373507.97]}, "properties": {"cell_id": 4083, "max_wse_m": 3925.6}}, {"type": "Feature", "geometry": {"type": "Point", "coordinates": [381114.52, 3373507.97]}, "properties": {"cell_id": 4084, "max_wse_m": 3863.77}}, {"type": "Feature", "geometry": {"type": "Point", "coordinates": [381154.52, 3373507.97]}, "properties": {"cell_id": 4085, "max_wse_m": 3875.72}}, {"type": "Feature", "geometry": {"type": "Point", "coordinates": [381194.52, 3373507.97]}, "properties": {"cell_id": 4086, "max_wse_m": 3876.11}}, {"type": "Feature", "geometry": {"type": "Point", "coordinates": [381234.52, 3373507.97]}, "properties": {"cell_id": 4087, "max_wse_m": 3877.82}}, {"type": "Feature", "geometry": {"type": "Point", "coordinates": [381274.52, 3373507.97]}, "properties": {"cell_id": 4088, "max_wse_m": 3917.16}}, {"type": "Feature", "geometry": {"type": "Point", "coordinates": [381314.52, 3373507.97]}, "properties": {"cell_id": 4089, "max_wse_m": 3969.18}}, {"type": "Feature", "geometry": {"type": "Point", "coordinates": [381354.52, 3373507.97]}, "properties": {"cell_id": 4090, "max_wse_m": 4023.72}}, {"type": "Feature", "geometry": {"type": "Point", "coordinates": [381394.52, 3373507.97]}, "properties": {"cell_id": 4091, "max_wse_m": 4062.43}}, {"type": "Feature", "geometry": {"type": "Point", "coordinates": [381434.52, 3373507.97]}, "properties": {"cell_id": 4092, "max_wse_m": 4103.93}}, {"type": "Feature", "geometry": {"type": "Point", "coordinates": [381474.52, 3373507.97]}, "properties": {"cell_id": 4093, "max_wse_m": 4151.52}}, {"type": "Feature", "geometry": {"type": "Point", "coordinates": [381514.52, 3373507.97]}, "properties": {"cell_id": 4094, "max_wse_m": 4104.37}}, {"type": "Feature", "geometry": {"type": "Point", "coordinates": [381554.52, 3373507.97]}, "properties": {"cell_id": 4095, "max_wse_m": 4062.96}}, {"type": "Feature", "geometry": {"type": "Point", "coordinates": [381594.52, 3373507.97]}, "properties": {"cell_id": 4096, "max_wse_m": 4017.33}}, {"type": "Feature", "geometry": {"type": "Point", "coordinates": [381634.52, 3373507.97]}, "properties": {"cell_id": 4097, "max_wse_m": 3986.16}}, {"type": "Feature", "geometry": {"type": "Point", "coordinates": [381674.52, 3373507.97]}, "properties": {"cell_id": 4098, "max_wse_m": 3959.0}}, {"type": "Feature", "geometry": {"type": "Point", "coordinates": [381714.52, 3373507.97]}, "properties": {"cell_id": 4099, "max_wse_m": 3926.12}}, {"type": "Feature", "geometry": {"type": "Point", "coordinates": [381754.52, 3373507.97]}, "properties": {"cell_id": 4100, "max_wse_m": 3895.83}}, {"type": "Feature", "geometry": {"type": "Point", "coordinates": [381794.52, 3373507.97]}, "properties": {"cell_id": 4101, "max_wse_m": 3844.42}}, {"type": "Feature", "geometry": {"type": "Point", "coordinates": [381834.52, 3373507.97]}, "properties": {"cell_id": 4102, "max_wse_m": 3826.42}}, {"type": "Feature", "geometry": {"type": "Point", "coordinates": [381874.52, 3373507.97]}, "properties": {"cell_id": 4103, "max_wse_m": 3828.3}}, {"type": "Feature", "geometry": {"type": "Point", "coordinates": [381914.52, 3373507.97]}, "properties": {"cell_id": 4104, "max_wse_m": 3812.43}}, {"type": "Feature", "geometry": {"type": "Point", "coordinates": [374474.52, 3373467.97]}, "properties": {"cell_id": 4105, "max_wse_m": 1916.19}}, {"type": "Feature", "geometry": {"type": "Point", "coordinates": [374514.52, 3373467.97]}, "properties": {"cell_id": 4106, "max_wse_m": 1917.47}}, {"type": "Feature", "geometry": {"type": "Point", "coordinates": [374554.52, 3373467.97]}, "properties": {"cell_id": 4107, "max_wse_m": 1920.02}}, {"type": "Feature", "geometry": {"type": "Point", "coordinates": [374594.52, 3373467.97]}, "properties": {"cell_id": 4108, "max_wse_m": 1927.94}}, {"type": "Feature", "geometry": {"type": "Point", "coordinates": [374634.52, 3373467.97]}, "properties": {"cell_id": 4109, "max_wse_m": 1955.01}}, {"type": "Feature", "geometry": {"type": "Point", "coordinates": [374674.52, 3373467.97]}, "properties": {"cell_id": 4110, "max_wse_m": 1968.88}}, {"type": "Feature", "geometry": {"type": "Point", "coordinates": [374714.52, 3373467.97]}, "properties": {"cell_id": 4111, "max_wse_m": 1987.12}}, {"type": "Feature", "geometry": {"type": "Point", "coordinates": [374754.52, 3373467.97]}, "properties": {"cell_id": 4112, "max_wse_m": 2010.15}}, {"type": "Feature", "geometry": {"type": "Point", "coordinates": [374794.52, 3373467.97]}, "properties": {"cell_id": 4113, "max_wse_m": 2031.33}}, {"type": "Feature", "geometry": {"type": "Point", "coordinates": [374834.52, 3373467.97]}, "properties": {"cell_id": 4114, "max_wse_m": 2063.33}}, {"type": "Feature", "geometry": {"type": "Point", "coordinates": [374874.52, 3373467.97]}, "properties": {"cell_id": 4115, "max_wse_m": 2089.74}}, {"type": "Feature", "geometry": {"type": "Point", "coordinates": [374914.52, 3373467.97]}, "properties": {"cell_id": 4116, "max_wse_m": 2113.04}}, {"type": "Feature", "geometry": {"type": "Point", "coordinates": [374954.52, 3373467.97]}, "properties": {"cell_id": 4117, "max_wse_m": 2134.37}}, {"type": "Feature", "geometry": {"type": "Point", "coordinates": [374994.52, 3373467.97]}, "properties": {"cell_id": 4118, "max_wse_m": 2153.99}}, {"type": "Feature", "geometry": {"type": "Point", "coordinates": [375034.52, 3373467.97]}, "properties": {"cell_id": 4119, "max_wse_m": 2181.09}}, {"type": "Feature", "geometry": {"type": "Point", "coordinates": [375074.52, 3373467.97]}, "properties": {"cell_id": 4120, "max_wse_m": 2211.89}}, {"type": "Feature", "geometry": {"type": "Point", "coordinates": [375114.52, 3373467.97]}, "properties": {"cell_id": 4121, "max_wse_m": 2243.12}}, {"type": "Feature", "geometry": {"type": "Point", "coordinates": [375154.52, 3373467.97]}, "properties": {"cell_id": 4122, "max_wse_m": 2280.23}}, {"type": "Feature", "geometry": {"type": "Point", "coordinates": [375194.52, 3373467.97]}, "properties": {"cell_id": 4123, "max_wse_m": 2330.75}}, {"type": "Feature", "geometry": {"type": "Point", "coordinates": [375234.52, 3373467.97]}, "properties": {"cell_id": 4124, "max_wse_m": 2391.65}}, {"type": "Feature", "geometry": {"type": "Point", "coordinates": [378514.52, 3373467.97]}, "properties": {"cell_id": 4125, "max_wse_m": 3415.51}}, {"type": "Feature", "geometry": {"type": "Point", "coordinates": [378554.52, 3373467.97]}, "properties": {"cell_id": 4126, "max_wse_m": 3420.91}}, {"type": "Feature", "geometry": {"type": "Point", "coordinates": [378594.52, 3373467.97]}, "properties": {"cell_id": 4127, "max_wse_m": 3414.68}}, {"type": "Feature", "geometry": {"type": "Point", "coordinates": [378634.52, 3373467.97]}, "properties": {"cell_id": 4128, "max_wse_m": 3412.55}}, {"type": "Feature", "geometry": {"type": "Point", "coordinates": [378674.52, 3373467.97]}, "properties": {"cell_id": 4129, "max_wse_m": 3406.6}}, {"type": "Feature", "geometry": {"type": "Point", "coordinates": [378714.52, 3373467.97]}, "properties": {"cell_id": 4130, "max_wse_m": 3381.66}}, {"type": "Feature", "geometry": {"type": "Point", "coordinates": [378754.52, 3373467.97]}, "properties": {"cell_id": 4131, "max_wse_m": 3380.81}}, {"type": "Feature", "geometry": {"type": "Point", "coordinates": [378794.52, 3373467.97]}, "properties": {"cell_id": 4132, "max_wse_m": 3379.97}}, {"type": "Feature", "geometry": {"type": "Point", "coordinates": [378834.52, 3373467.97]}, "properties": {"cell_id": 4133, "max_wse_m": 3384.47}}, {"type": "Feature", "geometry": {"type": "Point", "coordinates": [378874.52, 3373467.97]}, "properties": {"cell_id": 4134, "max_wse_m": 3382.78}}, {"type": "Feature", "geometry": {"type": "Point", "coordinates": [378914.52, 3373467.97]}, "properties": {"cell_id": 4135, "max_wse_m": 3379.62}}, {"type": "Feature", "geometry": {"type": "Point", "coordinates": [378954.52, 3373467.97]}, "properties": {"cell_id": 4136, "max_wse_m": 3387.04}}, {"type": "Feature", "geometry": {"type": "Point", "coordinates": [378994.52, 3373467.97]}, "properties": {"cell_id": 4137, "max_wse_m": 3402.86}}, {"type": "Feature", "geometry": {"type": "Point", "coordinates": [379034.52, 3373467.97]}, "properties": {"cell_id": 4138, "max_wse_m": 3442.29}}, {"type": "Feature", "geometry": {"type": "Point", "coordinates": [379074.52, 3373467.97]}, "properties": {"cell_id": 4139, "max_wse_m": 3471.74}}, {"type": "Feature", "geometry": {"type": "Point", "coordinates": [379114.52, 3373467.97]}, "properties": {"cell_id": 4140, "max_wse_m": 3501.09}}, {"type": "Feature", "geometry": {"type": "Point", "coordinates": [379154.52, 3373467.97]}, "properties": {"cell_id": 4141, "max_wse_m": 3515.73}}, {"type": "Feature", "geometry": {"type": "Point", "coordinates": [379194.52, 3373467.97]}, "properties": {"cell_id": 4142, "max_wse_m": 3520.05}}, {"type": "Feature", "geometry": {"type": "Point", "coordinates": [379234.52, 3373467.97]}, "properties": {"cell_id": 4143, "max_wse_m": 3563.83}}, {"type": "Feature", "geometry": {"type": "Point", "coordinates": [379274.52, 3373467.97]}, "properties": {"cell_id": 4144, "max_wse_m": 3574.44}}, {"type": "Feature", "geometry": {"type": "Point", "coordinates": [379314.52, 3373467.97]}, "properties": {"cell_id": 4145, "max_wse_m": 3592.86}}, {"type": "Feature", "geometry": {"type": "Point", "coordinates": [379354.52, 3373467.97]}, "properties": {"cell_id": 4146, "max_wse_m": 3597.08}}, {"type": "Feature", "geometry": {"type": "Point", "coordinates": [379394.52, 3373467.97]}, "properties": {"cell_id": 4147, "max_wse_m": 3610.05}}, {"type": "Feature", "geometry": {"type": "Point", "coordinates": [379434.52, 3373467.97]}, "properties": {"cell_id": 4148, "max_wse_m": 3648.41}}, {"type": "Feature", "geometry": {"type": "Point", "coordinates": [379474.52, 3373467.97]}, "properties": {"cell_id": 4149, "max_wse_m": 3676.72}}, {"type": "Feature", "geometry": {"type": "Point", "coordinates": [379514.52, 3373467.97]}, "properties": {"cell_id": 4150, "max_wse_m": 3703.58}}, {"type": "Feature", "geometry": {"type": "Point", "coordinates": [379554.52, 3373467.97]}, "properties": {"cell_id": 4151, "max_wse_m": 3731.38}}, {"type": "Feature", "geometry": {"type": "Point", "coordinates": [379594.52, 3373467.97]}, "properties": {"cell_id": 4152, "max_wse_m": 3769.85}}, {"type": "Feature", "geometry": {"type": "Point", "coordinates": [379634.52, 3373467.97]}, "properties": {"cell_id": 4153, "max_wse_m": 3756.53}}, {"type": "Feature", "geometry": {"type": "Point", "coordinates": [379674.52, 3373467.97]}, "properties": {"cell_id": 4154, "max_wse_m": 3745.8}}, {"type": "Feature", "geometry": {"type": "Point", "coordinates": [379714.52, 3373467.97]}, "properties": {"cell_id": 4155, "max_wse_m": 3749.75}}, {"type": "Feature", "geometry": {"type": "Point", "coordinates": [379754.52, 3373467.97]}, "properties": {"cell_id": 4156, "max_wse_m": 3763.81}}, {"type": "Feature", "geometry": {"type": "Point", "coordinates": [379794.52, 3373467.97]}, "properties": {"cell_id": 4157, "max_wse_m": 3753.05}}, {"type": "Feature", "geometry": {"type": "Point", "coordinates": [379834.52, 3373467.97]}, "properties": {"cell_id": 4158, "max_wse_m": 3732.94}}, {"type": "Feature", "geometry": {"type": "Point", "coordinates": [379874.52, 3373467.97]}, "properties": {"cell_id": 4159, "max_wse_m": 3712.42}}, {"type": "Feature", "geometry": {"type": "Point", "coordinates": [379914.52, 3373467.97]}, "properties": {"cell_id": 4160, "max_wse_m": 3684.55}}, {"type": "Feature", "geometry": {"type": "Point", "coordinates": [379954.52, 3373467.97]}, "properties": {"cell_id": 4161, "max_wse_m": 3658.48}}, {"type": "Feature", "geometry": {"type": "Point", "coordinates": [379994.52, 3373467.97]}, "properties": {"cell_id": 4162, "max_wse_m": 3640.93}}, {"type": "Feature", "geometry": {"type": "Point", "coordinates": [380034.52, 3373467.97]}, "properties": {"cell_id": 4163, "max_wse_m": 3643.02}}, {"type": "Feature", "geometry": {"type": "Point", "coordinates": [380074.52, 3373467.97]}, "properties": {"cell_id": 4164, "max_wse_m": 3638.5}}, {"type": "Feature", "geometry": {"type": "Point", "coordinates": [380114.52, 3373467.97]}, "properties": {"cell_id": 4165, "max_wse_m": 3615.47}}, {"type": "Feature", "geometry": {"type": "Point", "coordinates": [380154.52, 3373467.97]}, "properties": {"cell_id": 4166, "max_wse_m": 3604.71}}, {"type": "Feature", "geometry": {"type": "Point", "coordinates": [380194.52, 3373467.97]}, "properties": {"cell_id": 4167, "max_wse_m": 3602.55}}, {"type": "Feature", "geometry": {"type": "Point", "coordinates": [380234.52, 3373467.97]}, "properties": {"cell_id": 4168, "max_wse_m": 3597.99}}, {"type": "Feature", "geometry": {"type": "Point", "coordinates": [380274.52, 3373467.97]}, "properties": {"cell_id": 4169, "max_wse_m": 3573.08}}, {"type": "Feature", "geometry": {"type": "Point", "coordinates": [380314.52, 3373467.97]}, "properties": {"cell_id": 4170, "max_wse_m": 3546.53}}, {"type": "Feature", "geometry": {"type": "Point", "coordinates": [380354.52, 3373467.97]}, "properties": {"cell_id": 4171, "max_wse_m": 3509.47}}, {"type": "Feature", "geometry": {"type": "Point", "coordinates": [380394.52, 3373467.97]}, "properties": {"cell_id": 4172, "max_wse_m": 3470.98}}, {"type": "Feature", "geometry": {"type": "Point", "coordinates": [380434.52, 3373467.97]}, "properties": {"cell_id": 4173, "max_wse_m": 3452.06}}, {"type": "Feature", "geometry": {"type": "Point", "coordinates": [380474.52, 3373467.97]}, "properties": {"cell_id": 4174, "max_wse_m": 3458.78}}, {"type": "Feature", "geometry": {"type": "Point", "coordinates": [380514.52, 3373467.97]}, "properties": {"cell_id": 4175, "max_wse_m": 3469.92}}, {"type": "Feature", "geometry": {"type": "Point", "coordinates": [380554.52, 3373467.97]}, "properties": {"cell_id": 4176, "max_wse_m": 3488.36}}, {"type": "Feature", "geometry": {"type": "Point", "coordinates": [380594.52, 3373467.97]}, "properties": {"cell_id": 4177, "max_wse_m": 3526.34}}, {"type": "Feature", "geometry": {"type": "Point", "coordinates": [380634.52, 3373467.97]}, "properties": {"cell_id": 4178, "max_wse_m": 3604.53}}, {"type": "Feature", "geometry": {"type": "Point", "coordinates": [380674.52, 3373467.97]}, "properties": {"cell_id": 4179, "max_wse_m": 3660.56}}, {"type": "Feature", "geometry": {"type": "Point", "coordinates": [380714.52, 3373467.97]}, "properties": {"cell_id": 4180, "max_wse_m": 3706.86}}, {"type": "Feature", "geometry": {"type": "Point", "coordinates": [380754.52, 3373467.97]}, "properties": {"cell_id": 4181, "max_wse_m": 3733.36}}, {"type": "Feature", "geometry": {"type": "Point", "coordinates": [380794.52, 3373467.97]}, "properties": {"cell_id": 4182, "max_wse_m": 3774.87}}, {"type": "Feature", "geometry": {"type": "Point", "coordinates": [380834.52, 3373467.97]}, "properties": {"cell_id": 4183, "max_wse_m": 3786.47}}, {"type": "Feature", "geometry": {"type": "Point", "coordinates": [380874.52, 3373467.97]}, "properties": {"cell_id": 4184, "max_wse_m": 3803.32}}, {"type": "Feature", "geometry": {"type": "Point", "coordinates": [380914.52, 3373467.97]}, "properties": {"cell_id": 4185, "max_wse_m": 3796.71}}, {"type": "Feature", "geometry": {"type": "Point", "coordinates": [380954.52, 3373467.97]}, "properties": {"cell_id": 4186, "max_wse_m": 3799.6}}, {"type": "Feature", "geometry": {"type": "Point", "coordinates": [380994.52, 3373467.97]}, "properties": {"cell_id": 4187, "max_wse_m": 3846.38}}, {"type": "Feature", "geometry": {"type": "Point", "coordinates": [381034.52, 3373467.97]}, "properties": {"cell_id": 4188, "max_wse_m": 3915.23}}, {"type": "Feature", "geometry": {"type": "Point", "coordinates": [381074.52, 3373467.97]}, "properties": {"cell_id": 4189, "max_wse_m": 3905.15}}, {"type": "Feature", "geometry": {"type": "Point", "coordinates": [381114.52, 3373467.97]}, "properties": {"cell_id": 4190, "max_wse_m": 3864.2}}, {"type": "Feature", "geometry": {"type": "Point", "coordinates": [381154.52, 3373467.97]}, "properties": {"cell_id": 4191, "max_wse_m": 3848.42}}, {"type": "Feature", "geometry": {"type": "Point", "coordinates": [381194.52, 3373467.97]}, "properties": {"cell_id": 4192, "max_wse_m": 3847.8}}, {"type": "Feature", "geometry": {"type": "Point", "coordinates": [381234.52, 3373467.97]}, "properties": {"cell_id": 4193, "max_wse_m": 3860.92}}, {"type": "Feature", "geometry": {"type": "Point", "coordinates": [381274.52, 3373467.97]}, "properties": {"cell_id": 4194, "max_wse_m": 3918.13}}, {"type": "Feature", "geometry": {"type": "Point", "coordinates": [381314.52, 3373467.97]}, "properties": {"cell_id": 4195, "max_wse_m": 3990.67}}, {"type": "Feature", "geometry": {"type": "Point", "coordinates": [381354.52, 3373467.97]}, "properties": {"cell_id": 4196, "max_wse_m": 4052.83}}, {"type": "Feature", "geometry": {"type": "Point", "coordinates": [381394.52, 3373467.97]}, "properties": {"cell_id": 4197, "max_wse_m": 4082.82}}, {"type": "Feature", "geometry": {"type": "Point", "coordinates": [381434.52, 3373467.97]}, "properties": {"cell_id": 4198, "max_wse_m": 4095.19}}, {"type": "Feature", "geometry": {"type": "Point", "coordinates": [381474.52, 3373467.97]}, "properties": {"cell_id": 4199, "max_wse_m": 4085.11}}, {"type": "Feature", "geometry": {"type": "Point", "coordinates": [381514.52, 3373467.97]}, "properties": {"cell_id": 4200, "max_wse_m": 4054.34}}, {"type": "Feature", "geometry": {"type": "Point", "coordinates": [381554.52, 3373467.97]}, "properties": {"cell_id": 4201, "max_wse_m": 4023.76}}, {"type": "Feature", "geometry": {"type": "Point", "coordinates": [381594.52, 3373467.97]}, "properties": {"cell_id": 4202, "max_wse_m": 3980.98}}, {"type": "Feature", "geometry": {"type": "Point", "coordinates": [381634.52, 3373467.97]}, "properties": {"cell_id": 4203, "max_wse_m": 3953.22}}, {"type": "Feature", "geometry": {"type": "Point", "coordinates": [381674.52, 3373467.97]}, "properties": {"cell_id": 4204, "max_wse_m": 3930.11}}, {"type": "Feature", "geometry": {"type": "Point", "coordinates": [381714.52, 3373467.97]}, "properties": {"cell_id": 4205, "max_wse_m": 3903.45}}, {"type": "Feature", "geometry": {"type": "Point", "coordinates": [381754.52, 3373467.97]}, "properties": {"cell_id": 4206, "max_wse_m": 3871.85}}, {"type": "Feature", "geometry": {"type": "Point", "coordinates": [381794.52, 3373467.97]}, "properties": {"cell_id": 4207, "max_wse_m": 3809.31}}, {"type": "Feature", "geometry": {"type": "Point", "coordinates": [381834.52, 3373467.97]}, "properties": {"cell_id": 4208, "max_wse_m": 3760.1}}, {"type": "Feature", "geometry": {"type": "Point", "coordinates": [381874.52, 3373467.97]}, "properties": {"cell_id": 4209, "max_wse_m": 3753.44}}, {"type": "Feature", "geometry": {"type": "Point", "coordinates": [381914.52, 3373467.97]}, "properties": {"cell_id": 4210, "max_wse_m": 3774.88}}, {"type": "Feature", "geometry": {"type": "Point", "coordinates": [374514.52, 3373427.97]}, "properties": {"cell_id": 4211, "max_wse_m": 1920.18}}, {"type": "Feature", "geometry": {"type": "Point", "coordinates": [374554.52, 3373427.97]}, "properties": {"cell_id": 4212, "max_wse_m": 1920.07}}, {"type": "Feature", "geometry": {"type": "Point", "coordinates": [374594.52, 3373427.97]}, "properties": {"cell_id": 4213, "max_wse_m": 1923.08}}, {"type": "Feature", "geometry": {"type": "Point", "coordinates": [374634.52, 3373427.97]}, "properties": {"cell_id": 4214, "max_wse_m": 1928.96}}, {"type": "Feature", "geometry": {"type": "Point", "coordinates": [374674.52, 3373427.97]}, "properties": {"cell_id": 4215, "max_wse_m": 1952.13}}, {"type": "Feature", "geometry": {"type": "Point", "coordinates": [374714.52, 3373427.97]}, "properties": {"cell_id": 4216, "max_wse_m": 1972.99}}, {"type": "Feature", "geometry": {"type": "Point", "coordinates": [374754.52, 3373427.97]}, "properties": {"cell_id": 4217, "max_wse_m": 1999.26}}, {"type": "Feature", "geometry": {"type": "Point", "coordinates": [374794.52, 3373427.97]}, "properties": {"cell_id": 4218, "max_wse_m": 2022.85}}, {"type": "Feature", "geometry": {"type": "Point", "coordinates": [374834.52, 3373427.97]}, "properties": {"cell_id": 4219, "max_wse_m": 2050.31}}, {"type": "Feature", "geometry": {"type": "Point", "coordinates": [374874.52, 3373427.97]}, "properties": {"cell_id": 4220, "max_wse_m": 2076.24}}, {"type": "Feature", "geometry": {"type": "Point", "coordinates": [374914.52, 3373427.97]}, "properties": {"cell_id": 4221, "max_wse_m": 2099.38}}, {"type": "Feature", "geometry": {"type": "Point", "coordinates": [374954.52, 3373427.97]}, "properties": {"cell_id": 4222, "max_wse_m": 2119.01}}, {"type": "Feature", "geometry": {"type": "Point", "coordinates": [374994.52, 3373427.97]}, "properties": {"cell_id": 4223, "max_wse_m": 2149.32}}, {"type": "Feature", "geometry": {"type": "Point", "coordinates": [375034.52, 3373427.97]}, "properties": {"cell_id": 4224, "max_wse_m": 2181.33}}, {"type": "Feature", "geometry": {"type": "Point", "coordinates": [375074.52, 3373427.97]}, "properties": {"cell_id": 4225, "max_wse_m": 2211.94}}, {"type": "Feature", "geometry": {"type": "Point", "coordinates": [375114.52, 3373427.97]}, "properties": {"cell_id": 4226, "max_wse_m": 2244.04}}, {"type": "Feature", "geometry": {"type": "Point", "coordinates": [375154.52, 3373427.97]}, "properties": {"cell_id": 4227, "max_wse_m": 2303.44}}, {"type": "Feature", "geometry": {"type": "Point", "coordinates": [375194.52, 3373427.97]}, "properties": {"cell_id": 4228, "max_wse_m": 2358.2}}, {"type": "Feature", "geometry": {"type": "Point", "coordinates": [375234.52, 3373427.97]}, "properties": {"cell_id": 4229, "max_wse_m": 2437.68}}, {"type": "Feature", "geometry": {"type": "Point", "coordinates": [378474.52, 3373427.97]}, "properties": {"cell_id": 4230, "max_wse_m": 3435.71}}, {"type": "Feature", "geometry": {"type": "Point", "coordinates": [378514.52, 3373427.97]}, "properties": {"cell_id": 4231, "max_wse_m": 3449.25}}, {"type": "Feature", "geometry": {"type": "Point", "coordinates": [378554.52, 3373427.97]}, "properties": {"cell_id": 4232, "max_wse_m": 3446.82}}, {"type": "Feature", "geometry": {"type": "Point", "coordinates": [378594.52, 3373427.97]}, "properties": {"cell_id": 4233, "max_wse_m": 3438.62}}, {"type": "Feature", "geometry": {"type": "Point", "coordinates": [378634.52, 3373427.97]}, "properties": {"cell_id": 4234, "max_wse_m": 3427.29}}, {"type": "Feature", "geometry": {"type": "Point", "coordinates": [378674.52, 3373427.97]}, "properties": {"cell_id": 4235, "max_wse_m": 3420.02}}, {"type": "Feature", "geometry": {"type": "Point", "coordinates": [378714.52, 3373427.97]}, "properties": {"cell_id": 4236, "max_wse_m": 3416.15}}, {"type": "Feature", "geometry": {"type": "Point", "coordinates": [378754.52, 3373427.97]}, "properties": {"cell_id": 4237, "max_wse_m": 3417.63}}, {"type": "Feature", "geometry": {"type": "Point", "coordinates": [378794.52, 3373427.97]}, "properties": {"cell_id": 4238, "max_wse_m": 3407.18}}, {"type": "Feature", "geometry": {"type": "Point", "coordinates": [378834.52, 3373427.97]}, "properties": {"cell_id": 4239, "max_wse_m": 3409.18}}, {"type": "Feature", "geometry": {"type": "Point", "coordinates": [378874.52, 3373427.97]}, "properties": {"cell_id": 4240, "max_wse_m": 3415.46}}, {"type": "Feature", "geometry": {"type": "Point", "coordinates": [378914.52, 3373427.97]}, "properties": {"cell_id": 4241, "max_wse_m": 3409.63}}, {"type": "Feature", "geometry": {"type": "Point", "coordinates": [378954.52, 3373427.97]}, "properties": {"cell_id": 4242, "max_wse_m": 3407.98}}, {"type": "Feature", "geometry": {"type": "Point", "coordinates": [378994.52, 3373427.97]}, "properties": {"cell_id": 4243, "max_wse_m": 3418.77}}, {"type": "Feature", "geometry": {"type": "Point", "coordinates": [379034.52, 3373427.97]}, "properties": {"cell_id": 4244, "max_wse_m": 3466.05}}, {"type": "Feature", "geometry": {"type": "Point", "coordinates": [379074.52, 3373427.97]}, "properties": {"cell_id": 4245, "max_wse_m": 3501.71}}, {"type": "Feature", "geometry": {"type": "Point", "coordinates": [379114.52, 3373427.97]}, "properties": {"cell_id": 4246, "max_wse_m": 3526.99}}, {"type": "Feature", "geometry": {"type": "Point", "coordinates": [379154.52, 3373427.97]}, "properties": {"cell_id": 4247, "max_wse_m": 3544.67}}, {"type": "Feature", "geometry": {"type": "Point", "coordinates": [379194.52, 3373427.97]}, "properties": {"cell_id": 4248, "max_wse_m": 3554.45}}, {"type": "Feature", "geometry": {"type": "Point", "coordinates": [379234.52, 3373427.97]}, "properties": {"cell_id": 4249, "max_wse_m": 3593.0}}, {"type": "Feature", "geometry": {"type": "Point", "coordinates": [379274.52, 3373427.97]}, "properties": {"cell_id": 4250, "max_wse_m": 3613.52}}, {"type": "Feature", "geometry": {"type": "Point", "coordinates": [379314.52, 3373427.97]}, "properties": {"cell_id": 4251, "max_wse_m": 3622.44}}, {"type": "Feature", "geometry": {"type": "Point", "coordinates": [379354.52, 3373427.97]}, "properties": {"cell_id": 4252, "max_wse_m": 3632.19}}, {"type": "Feature", "geometry": {"type": "Point", "coordinates": [379394.52, 3373427.97]}, "properties": {"cell_id": 4253, "max_wse_m": 3642.74}}, {"type": "Feature", "geometry": {"type": "Point", "coordinates": [379434.52, 3373427.97]}, "properties": {"cell_id": 4254, "max_wse_m": 3664.82}}, {"type": "Feature", "geometry": {"type": "Point", "coordinates": [379474.52, 3373427.97]}, "properties": {"cell_id": 4255, "max_wse_m": 3706.56}}, {"type": "Feature", "geometry": {"type": "Point", "coordinates": [379514.52, 3373427.97]}, "properties": {"cell_id": 4256, "max_wse_m": 3728.19}}, {"type": "Feature", "geometry": {"type": "Point", "coordinates": [379554.52, 3373427.97]}, "properties": {"cell_id": 4257, "max_wse_m": 3761.99}}, {"type": "Feature", "geometry": {"type": "Point", "coordinates": [379594.52, 3373427.97]}, "properties": {"cell_id": 4258, "max_wse_m": 3748.7}}, {"type": "Feature", "geometry": {"type": "Point", "coordinates": [379634.52, 3373427.97]}, "properties": {"cell_id": 4259, "max_wse_m": 3722.83}}, {"type": "Feature", "geometry": {"type": "Point", "coordinates": [379674.52, 3373427.97]}, "properties": {"cell_id": 4260, "max_wse_m": 3717.05}}, {"type": "Feature", "geometry": {"type": "Point", "coordinates": [379714.52, 3373427.97]}, "properties": {"cell_id": 4261, "max_wse_m": 3720.26}}, {"type": "Feature", "geometry": {"type": "Point", "coordinates": [379754.52, 3373427.97]}, "properties": {"cell_id": 4262, "max_wse_m": 3718.66}}, {"type": "Feature", "geometry": {"type": "Point", "coordinates": [379794.52, 3373427.97]}, "properties": {"cell_id": 4263, "max_wse_m": 3706.29}}, {"type": "Feature", "geometry": {"type": "Point", "coordinates": [379834.52, 3373427.97]}, "properties": {"cell_id": 4264, "max_wse_m": 3699.48}}, {"type": "Feature", "geometry": {"type": "Point", "coordinates": [379874.52, 3373427.97]}, "properties": {"cell_id": 4265, "max_wse_m": 3690.15}}, {"type": "Feature", "geometry": {"type": "Point", "coordinates": [379914.52, 3373427.97]}, "properties": {"cell_id": 4266, "max_wse_m": 3663.66}}, {"type": "Feature", "geometry": {"type": "Point", "coordinates": [379954.52, 3373427.97]}, "properties": {"cell_id": 4267, "max_wse_m": 3635.59}}, {"type": "Feature", "geometry": {"type": "Point", "coordinates": [379994.52, 3373427.97]}, "properties": {"cell_id": 4268, "max_wse_m": 3610.28}}, {"type": "Feature", "geometry": {"type": "Point", "coordinates": [380034.52, 3373427.97]}, "properties": {"cell_id": 4269, "max_wse_m": 3605.92}}, {"type": "Feature", "geometry": {"type": "Point", "coordinates": [380074.52, 3373427.97]}, "properties": {"cell_id": 4270, "max_wse_m": 3596.06}}, {"type": "Feature", "geometry": {"type": "Point", "coordinates": [380114.52, 3373427.97]}, "properties": {"cell_id": 4271, "max_wse_m": 3585.2}}, {"type": "Feature", "geometry": {"type": "Point", "coordinates": [380154.52, 3373427.97]}, "properties": {"cell_id": 4272, "max_wse_m": 3567.22}}, {"type": "Feature", "geometry": {"type": "Point", "coordinates": [380194.52, 3373427.97]}, "properties": {"cell_id": 4273, "max_wse_m": 3537.07}}, {"type": "Feature", "geometry": {"type": "Point", "coordinates": [380234.52, 3373427.97]}, "properties": {"cell_id": 4274, "max_wse_m": 3508.63}}, {"type": "Feature", "geometry": {"type": "Point", "coordinates": [380274.52, 3373427.97]}, "properties": {"cell_id": 4275, "max_wse_m": 3491.0}}, {"type": "Feature", "geometry": {"type": "Point", "coordinates": [380314.52, 3373427.97]}, "properties": {"cell_id": 4276, "max_wse_m": 3460.66}}, {"type": "Feature", "geometry": {"type": "Point", "coordinates": [380354.52, 3373427.97]}, "properties": {"cell_id": 4277, "max_wse_m": 3442.0}}, {"type": "Feature", "geometry": {"type": "Point", "coordinates": [380394.52, 3373427.97]}, "properties": {"cell_id": 4278, "max_wse_m": 3420.52}}, {"type": "Feature", "geometry": {"type": "Point", "coordinates": [380434.52, 3373427.97]}, "properties": {"cell_id": 4279, "max_wse_m": 3422.42}}, {"type": "Feature", "geometry": {"type": "Point", "coordinates": [380474.52, 3373427.97]}, "properties": {"cell_id": 4280, "max_wse_m": 3432.01}}, {"type": "Feature", "geometry": {"type": "Point", "coordinates": [380514.52, 3373427.97]}, "properties": {"cell_id": 4281, "max_wse_m": 3454.76}}, {"type": "Feature", "geometry": {"type": "Point", "coordinates": [380554.52, 3373427.97]}, "properties": {"cell_id": 4282, "max_wse_m": 3483.71}}, {"type": "Feature", "geometry": {"type": "Point", "coordinates": [380594.52, 3373427.97]}, "properties": {"cell_id": 4283, "max_wse_m": 3529.2}}, {"type": "Feature", "geometry": {"type": "Point", "coordinates": [380634.52, 3373427.97]}, "properties": {"cell_id": 4284, "max_wse_m": 3586.79}}, {"type": "Feature", "geometry": {"type": "Point", "coordinates": [380674.52, 3373427.97]}, "properties": {"cell_id": 4285, "max_wse_m": 3638.31}}, {"type": "Feature", "geometry": {"type": "Point", "coordinates": [380714.52, 3373427.97]}, "properties": {"cell_id": 4286, "max_wse_m": 3708.57}}, {"type": "Feature", "geometry": {"type": "Point", "coordinates": [380754.52, 3373427.97]}, "properties": {"cell_id": 4287, "max_wse_m": 3706.67}}, {"type": "Feature", "geometry": {"type": "Point", "coordinates": [380794.52, 3373427.97]}, "properties": {"cell_id": 4288, "max_wse_m": 3710.91}}, {"type": "Feature", "geometry": {"type": "Point", "coordinates": [380834.52, 3373427.97]}, "properties": {"cell_id": 4289, "max_wse_m": 3740.08}}, {"type": "Feature", "geometry": {"type": "Point", "coordinates": [380874.52, 3373427.97]}, "properties": {"cell_id": 4290, "max_wse_m": 3756.89}}, {"type": "Feature", "geometry": {"type": "Point", "coordinates": [380914.52, 3373427.97]}, "properties": {"cell_id": 4291, "max_wse_m": 3760.88}}, {"type": "Feature", "geometry": {"type": "Point", "coordinates": [380954.52, 3373427.97]}, "properties": {"cell_id": 4292, "max_wse_m": 3780.28}}, {"type": "Feature", "geometry": {"type": "Point", "coordinates": [380994.52, 3373427.97]}, "properties": {"cell_id": 4293, "max_wse_m": 3828.69}}, {"type": "Feature", "geometry": {"type": "Point", "coordinates": [381034.52, 3373427.97]}, "properties": {"cell_id": 4294, "max_wse_m": 3868.82}}, {"type": "Feature", "geometry": {"type": "Point", "coordinates": [381074.52, 3373427.97]}, "properties": {"cell_id": 4295, "max_wse_m": 3901.96}}, {"type": "Feature", "geometry": {"type": "Point", "coordinates": [381114.52, 3373427.97]}, "properties": {"cell_id": 4296, "max_wse_m": 3840.0}}, {"type": "Feature", "geometry": {"type": "Point", "coordinates": [381154.52, 3373427.97]}, "properties": {"cell_id": 4297, "max_wse_m": 3814.02}}, {"type": "Feature", "geometry": {"type": "Point", "coordinates": [381194.52, 3373427.97]}, "properties": {"cell_id": 4298, "max_wse_m": 3822.1}}, {"type": "Feature", "geometry": {"type": "Point", "coordinates": [381234.52, 3373427.97]}, "properties": {"cell_id": 4299, "max_wse_m": 3844.69}}, {"type": "Feature", "geometry": {"type": "Point", "coordinates": [381274.52, 3373427.97]}, "properties": {"cell_id": 4300, "max_wse_m": 3901.12}}, {"type": "Feature", "geometry": {"type": "Point", "coordinates": [381314.52, 3373427.97]}, "properties": {"cell_id": 4301, "max_wse_m": 3986.8}}, {"type": "Feature", "geometry": {"type": "Point", "coordinates": [381354.52, 3373427.97]}, "properties": {"cell_id": 4302, "max_wse_m": 4037.93}}, {"type": "Feature", "geometry": {"type": "Point", "coordinates": [381394.52, 3373427.97]}, "properties": {"cell_id": 4303, "max_wse_m": 4038.6}}, {"type": "Feature", "geometry": {"type": "Point", "coordinates": [381434.52, 3373427.97]}, "properties": {"cell_id": 4304, "max_wse_m": 4054.67}}, {"type": "Feature", "geometry": {"type": "Point", "coordinates": [381474.52, 3373427.97]}, "properties": {"cell_id": 4305, "max_wse_m": 4054.49}}, {"type": "Feature", "geometry": {"type": "Point", "coordinates": [381514.52, 3373427.97]}, "properties": {"cell_id": 4306, "max_wse_m": 4011.77}}, {"type": "Feature", "geometry": {"type": "Point", "coordinates": [381554.52, 3373427.97]}, "properties": {"cell_id": 4307, "max_wse_m": 3985.83}}, {"type": "Feature", "geometry": {"type": "Point", "coordinates": [381594.52, 3373427.97]}, "properties": {"cell_id": 4308, "max_wse_m": 3956.41}}, {"type": "Feature", "geometry": {"type": "Point", "coordinates": [381634.52, 3373427.97]}, "properties": {"cell_id": 4309, "max_wse_m": 3929.1}}, {"type": "Feature", "geometry": {"type": "Point", "coordinates": [381674.52, 3373427.97]}, "properties": {"cell_id": 4310, "max_wse_m": 3905.78}}, {"type": "Feature", "geometry": {"type": "Point", "coordinates": [381714.52, 3373427.97]}, "properties": {"cell_id": 4311, "max_wse_m": 3860.93}}, {"type": "Feature", "geometry": {"type": "Point", "coordinates": [381754.52, 3373427.97]}, "properties": {"cell_id": 4312, "max_wse_m": 3830.26}}, {"type": "Feature", "geometry": {"type": "Point", "coordinates": [381794.52, 3373427.97]}, "properties": {"cell_id": 4313, "max_wse_m": 3775.34}}, {"type": "Feature", "geometry": {"type": "Point", "coordinates": [381834.52, 3373427.97]}, "properties": {"cell_id": 4314, "max_wse_m": 3728.17}}, {"type": "Feature", "geometry": {"type": "Point", "coordinates": [381874.52, 3373427.97]}, "properties": {"cell_id": 4315, "max_wse_m": 3728.43}}, {"type": "Feature", "geometry": {"type": "Point", "coordinates": [381914.52, 3373427.97]}, "properties": {"cell_id": 4316, "max_wse_m": 3750.91}}, {"type": "Feature", "geometry": {"type": "Point", "coordinates": [374554.52, 3373387.97]}, "properties": {"cell_id": 4317, "max_wse_m": 1923.87}}, {"type": "Feature", "geometry": {"type": "Point", "coordinates": [374594.52, 3373387.97]}, "properties": {"cell_id": 4318, "max_wse_m": 1923.48}}, {"type": "Feature", "geometry": {"type": "Point", "coordinates": [374634.52, 3373387.97]}, "properties": {"cell_id": 4319, "max_wse_m": 1925.13}}, {"type": "Feature", "geometry": {"type": "Point", "coordinates": [374674.52, 3373387.97]}, "properties": {"cell_id": 4320, "max_wse_m": 1930.24}}, {"type": "Feature", "geometry": {"type": "Point", "coordinates": [374714.52, 3373387.97]}, "properties": {"cell_id": 4321, "max_wse_m": 1955.23}}, {"type": "Feature", "geometry": {"type": "Point", "coordinates": [374754.52, 3373387.97]}, "properties": {"cell_id": 4322, "max_wse_m": 1981.91}}, {"type": "Feature", "geometry": {"type": "Point", "coordinates": [374794.52, 3373387.97]}, "properties": {"cell_id": 4323, "max_wse_m": 2007.17}}, {"type": "Feature", "geometry": {"type": "Point", "coordinates": [374834.52, 3373387.97]}, "properties": {"cell_id": 4324, "max_wse_m": 2035.06}}, {"type": "Feature", "geometry": {"type": "Point", "coordinates": [374874.52, 3373387.97]}, "properties": {"cell_id": 4325, "max_wse_m": 2060.67}}, {"type": "Feature", "geometry": {"type": "Point", "coordinates": [374914.52, 3373387.97]}, "properties": {"cell_id": 4326, "max_wse_m": 2080.2}}, {"type": "Feature", "geometry": {"type": "Point", "coordinates": [374954.52, 3373387.97]}, "properties": {"cell_id": 4327, "max_wse_m": 2113.81}}, {"type": "Feature", "geometry": {"type": "Point", "coordinates": [374994.52, 3373387.97]}, "properties": {"cell_id": 4328, "max_wse_m": 2155.32}}, {"type": "Feature", "geometry": {"type": "Point", "coordinates": [375034.52, 3373387.97]}, "properties": {"cell_id": 4329, "max_wse_m": 2197.34}}, {"type": "Feature", "geometry": {"type": "Point", "coordinates": [375074.52, 3373387.97]}, "properties": {"cell_id": 4330, "max_wse_m": 2235.03}}, {"type": "Feature", "geometry": {"type": "Point", "coordinates": [375114.52, 3373387.97]}, "properties": {"cell_id": 4331, "max_wse_m": 2264.44}}, {"type": "Feature", "geometry": {"type": "Point", "coordinates": [375154.52, 3373387.97]}, "properties": {"cell_id": 4332, "max_wse_m": 2336.22}}, {"type": "Feature", "geometry": {"type": "Point", "coordinates": [375194.52, 3373387.97]}, "properties": {"cell_id": 4333, "max_wse_m": 2394.63}}, {"type": "Feature", "geometry": {"type": "Point", "coordinates": [375234.52, 3373387.97]}, "properties": {"cell_id": 4334, "max_wse_m": 2450.43}}, {"type": "Feature", "geometry": {"type": "Point", "coordinates": [375274.52, 3373387.97]}, "properties": {"cell_id": 4335, "max_wse_m": 2517.64}}, {"type": "Feature", "geometry": {"type": "Point", "coordinates": [378434.52, 3373387.97]}, "properties": {"cell_id": 4336, "max_wse_m": 3437.57}}, {"type": "Feature", "geometry": {"type": "Point", "coordinates": [378474.52, 3373387.97]}, "properties": {"cell_id": 4337, "max_wse_m": 3477.5}}, {"type": "Feature", "geometry": {"type": "Point", "coordinates": [378514.52, 3373387.97]}, "properties": {"cell_id": 4338, "max_wse_m": 3481.84}}, {"type": "Feature", "geometry": {"type": "Point", "coordinates": [378554.52, 3373387.97]}, "properties": {"cell_id": 4339, "max_wse_m": 3472.02}}, {"type": "Feature", "geometry": {"type": "Point", "coordinates": [378594.52, 3373387.97]}, "properties": {"cell_id": 4340, "max_wse_m": 3461.77}}, {"type": "Feature", "geometry": {"type": "Point", "coordinates": [378634.52, 3373387.97]}, "properties": {"cell_id": 4341, "max_wse_m": 3446.82}}, {"type": "Feature", "geometry": {"type": "Point", "coordinates": [378674.52, 3373387.97]}, "properties": {"cell_id": 4342, "max_wse_m": 3444.95}}, {"type": "Feature", "geometry": {"type": "Point", "coordinates": [378714.52, 3373387.97]}, "properties": {"cell_id": 4343, "max_wse_m": 3446.19}}, {"type": "Feature", "geometry": {"type": "Point", "coordinates": [378754.52, 3373387.97]}, "properties": {"cell_id": 4344, "max_wse_m": 3441.83}}, {"type": "Feature", "geometry": {"type": "Point", "coordinates": [378794.52, 3373387.97]}, "properties": {"cell_id": 4345, "max_wse_m": 3422.1}}, {"type": "Feature", "geometry": {"type": "Point", "coordinates": [378834.52, 3373387.97]}, "properties": {"cell_id": 4346, "max_wse_m": 3426.05}}, {"type": "Feature", "geometry": {"type": "Point", "coordinates": [378874.52, 3373387.97]}, "properties": {"cell_id": 4347, "max_wse_m": 3446.69}}, {"type": "Feature", "geometry": {"type": "Point", "coordinates": [378914.52, 3373387.97]}, "properties": {"cell_id": 4348, "max_wse_m": 3439.91}}, {"type": "Feature", "geometry": {"type": "Point", "coordinates": [378954.52, 3373387.97]}, "properties": {"cell_id": 4349, "max_wse_m": 3439.05}}, {"type": "Feature", "geometry": {"type": "Point", "coordinates": [378994.52, 3373387.97]}, "properties": {"cell_id": 4350, "max_wse_m": 3447.38}}, {"type": "Feature", "geometry": {"type": "Point", "coordinates": [379034.52, 3373387.97]}, "properties": {"cell_id": 4351, "max_wse_m": 3488.79}}, {"type": "Feature", "geometry": {"type": "Point", "coordinates": [379074.52, 3373387.97]}, "properties": {"cell_id": 4352, "max_wse_m": 3530.69}}, {"type": "Feature", "geometry": {"type": "Point", "coordinates": [379114.52, 3373387.97]}, "properties": {"cell_id": 4353, "max_wse_m": 3552.16}}, {"type": "Feature", "geometry": {"type": "Point", "coordinates": [379154.52, 3373387.97]}, "properties": {"cell_id": 4354, "max_wse_m": 3581.47}}, {"type": "Feature", "geometry": {"type": "Point", "coordinates": [379194.52, 3373387.97]}, "properties": {"cell_id": 4355, "max_wse_m": 3590.73}}, {"type": "Feature", "geometry": {"type": "Point", "coordinates": [379234.52, 3373387.97]}, "properties": {"cell_id": 4356, "max_wse_m": 3622.01}}, {"type": "Feature", "geometry": {"type": "Point", "coordinates": [379274.52, 3373387.97]}, "properties": {"cell_id": 4357, "max_wse_m": 3634.18}}, {"type": "Feature", "geometry": {"type": "Point", "coordinates": [379314.52, 3373387.97]}, "properties": {"cell_id": 4358, "max_wse_m": 3652.92}}, {"type": "Feature", "geometry": {"type": "Point", "coordinates": [379354.52, 3373387.97]}, "properties": {"cell_id": 4359, "max_wse_m": 3655.53}}, {"type": "Feature", "geometry": {"type": "Point", "coordinates": [379394.52, 3373387.97]}, "properties": {"cell_id": 4360, "max_wse_m": 3664.0}}, {"type": "Feature", "geometry": {"type": "Point", "coordinates": [379434.52, 3373387.97]}, "properties": {"cell_id": 4361, "max_wse_m": 3685.11}}, {"type": "Feature", "geometry": {"type": "Point", "coordinates": [379474.52, 3373387.97]}, "properties": {"cell_id": 4362, "max_wse_m": 3722.18}}, {"type": "Feature", "geometry": {"type": "Point", "coordinates": [379514.52, 3373387.97]}, "properties": {"cell_id": 4363, "max_wse_m": 3742.42}}, {"type": "Feature", "geometry": {"type": "Point", "coordinates": [379554.52, 3373387.97]}, "properties": {"cell_id": 4364, "max_wse_m": 3742.19}}, {"type": "Feature", "geometry": {"type": "Point", "coordinates": [379594.52, 3373387.97]}, "properties": {"cell_id": 4365, "max_wse_m": 3717.32}}, {"type": "Feature", "geometry": {"type": "Point", "coordinates": [379634.52, 3373387.97]}, "properties": {"cell_id": 4366, "max_wse_m": 3690.02}}, {"type": "Feature", "geometry": {"type": "Point", "coordinates": [379674.52, 3373387.97]}, "properties": {"cell_id": 4367, "max_wse_m": 3687.71}}, {"type": "Feature", "geometry": {"type": "Point", "coordinates": [379714.52, 3373387.97]}, "properties": {"cell_id": 4368, "max_wse_m": 3693.01}}, {"type": "Feature", "geometry": {"type": "Point", "coordinates": [379754.52, 3373387.97]}, "properties": {"cell_id": 4369, "max_wse_m": 3686.9}}, {"type": "Feature", "geometry": {"type": "Point", "coordinates": [379794.52, 3373387.97]}, "properties": {"cell_id": 4370, "max_wse_m": 3665.76}}, {"type": "Feature", "geometry": {"type": "Point", "coordinates": [379834.52, 3373387.97]}, "properties": {"cell_id": 4371, "max_wse_m": 3663.91}}, {"type": "Feature", "geometry": {"type": "Point", "coordinates": [379874.52, 3373387.97]}, "properties": {"cell_id": 4372, "max_wse_m": 3653.06}}, {"type": "Feature", "geometry": {"type": "Point", "coordinates": [379914.52, 3373387.97]}, "properties": {"cell_id": 4373, "max_wse_m": 3645.37}}, {"type": "Feature", "geometry": {"type": "Point", "coordinates": [379954.52, 3373387.97]}, "properties": {"cell_id": 4374, "max_wse_m": 3625.34}}, {"type": "Feature", "geometry": {"type": "Point", "coordinates": [379994.52, 3373387.97]}, "properties": {"cell_id": 4375, "max_wse_m": 3600.21}}, {"type": "Feature", "geometry": {"type": "Point", "coordinates": [380034.52, 3373387.97]}, "properties": {"cell_id": 4376, "max_wse_m": 3567.3}}, {"type": "Feature", "geometry": {"type": "Point", "coordinates": [380074.52, 3373387.97]}, "properties": {"cell_id": 4377, "max_wse_m": 3555.24}}, {"type": "Feature", "geometry": {"type": "Point", "coordinates": [380114.52, 3373387.97]}, "properties": {"cell_id": 4378, "max_wse_m": 3551.86}}, {"type": "Feature", "geometry": {"type": "Point", "coordinates": [380154.52, 3373387.97]}, "properties": {"cell_id": 4379, "max_wse_m": 3527.1}}, {"type": "Feature", "geometry": {"type": "Point", "coordinates": [380194.52, 3373387.97]}, "properties": {"cell_id": 4380, "max_wse_m": 3497.7}}, {"type": "Feature", "geometry": {"type": "Point", "coordinates": [380234.52, 3373387.97]}, "properties": {"cell_id": 4381, "max_wse_m": 3439.71}}, {"type": "Feature", "geometry": {"type": "Point", "coordinates": [380274.52, 3373387.97]}, "properties": {"cell_id": 4382, "max_wse_m": 3424.84}}, {"type": "Feature", "geometry": {"type": "Point", "coordinates": [380314.52, 3373387.97]}, "properties": {"cell_id": 4383, "max_wse_m": 3413.26}}, {"type": "Feature", "geometry": {"type": "Point", "coordinates": [380354.52, 3373387.97]}, "properties": {"cell_id": 4384, "max_wse_m": 3400.69}}, {"type": "Feature", "geometry": {"type": "Point", "coordinates": [380394.52, 3373387.97]}, "properties": {"cell_id": 4385, "max_wse_m": 3395.03}}, {"type": "Feature", "geometry": {"type": "Point", "coordinates": [380434.52, 3373387.97]}, "properties": {"cell_id": 4386, "max_wse_m": 3396.77}}, {"type": "Feature", "geometry": {"type": "Point", "coordinates": [380474.52, 3373387.97]}, "properties": {"cell_id": 4387, "max_wse_m": 3407.85}}, {"type": "Feature", "geometry": {"type": "Point", "coordinates": [380514.52, 3373387.97]}, "properties": {"cell_id": 4388, "max_wse_m": 3454.04}}, {"type": "Feature", "geometry": {"type": "Point", "coordinates": [380554.52, 3373387.97]}, "properties": {"cell_id": 4389, "max_wse_m": 3477.59}}, {"type": "Feature", "geometry": {"type": "Point", "coordinates": [380594.52, 3373387.97]}, "properties": {"cell_id": 4390, "max_wse_m": 3503.39}}, {"type": "Feature", "geometry": {"type": "Point", "coordinates": [380634.52, 3373387.97]}, "properties": {"cell_id": 4391, "max_wse_m": 3553.3}}, {"type": "Feature", "geometry": {"type": "Point", "coordinates": [380674.52, 3373387.97]}, "properties": {"cell_id": 4392, "max_wse_m": 3607.27}}, {"type": "Feature", "geometry": {"type": "Point", "coordinates": [380714.52, 3373387.97]}, "properties": {"cell_id": 4393, "max_wse_m": 3645.8}}, {"type": "Feature", "geometry": {"type": "Point", "coordinates": [380754.52, 3373387.97]}, "properties": {"cell_id": 4394, "max_wse_m": 3662.03}}, {"type": "Feature", "geometry": {"type": "Point", "coordinates": [380794.52, 3373387.97]}, "properties": {"cell_id": 4395, "max_wse_m": 3684.29}}, {"type": "Feature", "geometry": {"type": "Point", "coordinates": [380834.52, 3373387.97]}, "properties": {"cell_id": 4396, "max_wse_m": 3717.46}}, {"type": "Feature", "geometry": {"type": "Point", "coordinates": [380874.52, 3373387.97]}, "properties": {"cell_id": 4397, "max_wse_m": 3717.06}}, {"type": "Feature", "geometry": {"type": "Point", "coordinates": [380914.52, 3373387.97]}, "properties": {"cell_id": 4398, "max_wse_m": 3727.39}}, {"type": "Feature", "geometry": {"type": "Point", "coordinates": [380954.52, 3373387.97]}, "properties": {"cell_id": 4399, "max_wse_m": 3780.32}}, {"type": "Feature", "geometry": {"type": "Point", "coordinates": [380994.52, 3373387.97]}, "properties": {"cell_id": 4400, "max_wse_m": 3812.43}}, {"type": "Feature", "geometry": {"type": "Point", "coordinates": [381034.52, 3373387.97]}, "properties": {"cell_id": 4401, "max_wse_m": 3812.54}}, {"type": "Feature", "geometry": {"type": "Point", "coordinates": [381074.52, 3373387.97]}, "properties": {"cell_id": 4402, "max_wse_m": 3810.17}}, {"type": "Feature", "geometry": {"type": "Point", "coordinates": [381114.52, 3373387.97]}, "properties": {"cell_id": 4403, "max_wse_m": 3786.54}}, {"type": "Feature", "geometry": {"type": "Point", "coordinates": [381154.52, 3373387.97]}, "properties": {"cell_id": 4404, "max_wse_m": 3787.61}}, {"type": "Feature", "geometry": {"type": "Point", "coordinates": [381194.52, 3373387.97]}, "properties": {"cell_id": 4405, "max_wse_m": 3806.13}}, {"type": "Feature", "geometry": {"type": "Point", "coordinates": [381234.52, 3373387.97]}, "properties": {"cell_id": 4406, "max_wse_m": 3825.38}}, {"type": "Feature", "geometry": {"type": "Point", "coordinates": [381274.52, 3373387.97]}, "properties": {"cell_id": 4407, "max_wse_m": 3869.99}}, {"type": "Feature", "geometry": {"type": "Point", "coordinates": [381314.52, 3373387.97]}, "properties": {"cell_id": 4408, "max_wse_m": 3930.2}}, {"type": "Feature", "geometry": {"type": "Point", "coordinates": [381354.52, 3373387.97]}, "properties": {"cell_id": 4409, "max_wse_m": 3963.92}}, {"type": "Feature", "geometry": {"type": "Point", "coordinates": [381394.52, 3373387.97]}, "properties": {"cell_id": 4410, "max_wse_m": 4009.77}}, {"type": "Feature", "geometry": {"type": "Point", "coordinates": [381434.52, 3373387.97]}, "properties": {"cell_id": 4411, "max_wse_m": 4034.87}}, {"type": "Feature", "geometry": {"type": "Point", "coordinates": [381474.52, 3373387.97]}, "properties": {"cell_id": 4412, "max_wse_m": 4023.2}}, {"type": "Feature", "geometry": {"type": "Point", "coordinates": [381514.52, 3373387.97]}, "properties": {"cell_id": 4413, "max_wse_m": 3988.85}}, {"type": "Feature", "geometry": {"type": "Point", "coordinates": [381554.52, 3373387.97]}, "properties": {"cell_id": 4414, "max_wse_m": 3943.91}}, {"type": "Feature", "geometry": {"type": "Point", "coordinates": [381594.52, 3373387.97]}, "properties": {"cell_id": 4415, "max_wse_m": 3905.19}}, {"type": "Feature", "geometry": {"type": "Point", "coordinates": [381634.52, 3373387.97]}, "properties": {"cell_id": 4416, "max_wse_m": 3845.82}}, {"type": "Feature", "geometry": {"type": "Point", "coordinates": [381674.52, 3373387.97]}, "properties": {"cell_id": 4417, "max_wse_m": 3803.2}}, {"type": "Feature", "geometry": {"type": "Point", "coordinates": [381714.52, 3373387.97]}, "properties": {"cell_id": 4418, "max_wse_m": 3746.54}}, {"type": "Feature", "geometry": {"type": "Point", "coordinates": [381754.52, 3373387.97]}, "properties": {"cell_id": 4419, "max_wse_m": 3692.51}}, {"type": "Feature", "geometry": {"type": "Point", "coordinates": [381794.52, 3373387.97]}, "properties": {"cell_id": 4420, "max_wse_m": 3692.82}}, {"type": "Feature", "geometry": {"type": "Point", "coordinates": [381834.52, 3373387.97]}, "properties": {"cell_id": 4421, "max_wse_m": 3728.04}}, {"type": "Feature", "geometry": {"type": "Point", "coordinates": [381874.52, 3373387.97]}, "properties": {"cell_id": 4422, "max_wse_m": 3728.25}}, {"type": "Feature", "geometry": {"type": "Point", "coordinates": [381914.52, 3373387.97]}, "properties": {"cell_id": 4423, "max_wse_m": 3742.29}}, {"type": "Feature", "geometry": {"type": "Point", "coordinates": [374554.52, 3373347.97]}, "properties": {"cell_id": 4424, "max_wse_m": 1931.01}}, {"type": "Feature", "geometry": {"type": "Point", "coordinates": [374594.52, 3373347.97]}, "properties": {"cell_id": 4425, "max_wse_m": 1927.07}}, {"type": "Feature", "geometry": {"type": "Point", "coordinates": [374634.52, 3373347.97]}, "properties": {"cell_id": 4426, "max_wse_m": 1925.61}}, {"type": "Feature", "geometry": {"type": "Point", "coordinates": [374674.52, 3373347.97]}, "properties": {"cell_id": 4427, "max_wse_m": 1926.55}}, {"type": "Feature", "geometry": {"type": "Point", "coordinates": [374714.52, 3373347.97]}, "properties": {"cell_id": 4428, "max_wse_m": 1941.47}}, {"type": "Feature", "geometry": {"type": "Point", "coordinates": [374754.52, 3373347.97]}, "properties": {"cell_id": 4429, "max_wse_m": 1963.61}}, {"type": "Feature", "geometry": {"type": "Point", "coordinates": [374794.52, 3373347.97]}, "properties": {"cell_id": 4430, "max_wse_m": 1991.88}}, {"type": "Feature", "geometry": {"type": "Point", "coordinates": [374834.52, 3373347.97]}, "properties": {"cell_id": 4431, "max_wse_m": 2013.36}}, {"type": "Feature", "geometry": {"type": "Point", "coordinates": [374874.52, 3373347.97]}, "properties": {"cell_id": 4432, "max_wse_m": 2038.96}}, {"type": "Feature", "geometry": {"type": "Point", "coordinates": [374914.52, 3373347.97]}, "properties": {"cell_id": 4433, "max_wse_m": 2061.86}}, {"type": "Feature", "geometry": {"type": "Point", "coordinates": [374954.52, 3373347.97]}, "properties": {"cell_id": 4434, "max_wse_m": 2091.95}}, {"type": "Feature", "geometry": {"type": "Point", "coordinates": [374994.52, 3373347.97]}, "properties": {"cell_id": 4435, "max_wse_m": 2153.32}}, {"type": "Feature", "geometry": {"type": "Point", "coordinates": [375034.52, 3373347.97]}, "properties": {"cell_id": 4436, "max_wse_m": 2200.15}}, {"type": "Feature", "geometry": {"type": "Point", "coordinates": [375074.52, 3373347.97]}, "properties": {"cell_id": 4437, "max_wse_m": 2233.3}}, {"type": "Feature", "geometry": {"type": "Point", "coordinates": [375114.52, 3373347.97]}, "properties": {"cell_id": 4438, "max_wse_m": 2262.64}}, {"type": "Feature", "geometry": {"type": "Point", "coordinates": [375154.52, 3373347.97]}, "properties": {"cell_id": 4439, "max_wse_m": 2293.67}}, {"type": "Feature", "geometry": {"type": "Point", "coordinates": [375194.52, 3373347.97]}, "properties": {"cell_id": 4440, "max_wse_m": 2410.95}}, {"type": "Feature", "geometry": {"type": "Point", "coordinates": [375234.52, 3373347.97]}, "properties": {"cell_id": 4441, "max_wse_m": 2445.24}}, {"type": "Feature", "geometry": {"type": "Point", "coordinates": [375274.52, 3373347.97]}, "properties": {"cell_id": 4442, "max_wse_m": 2484.48}}, {"type": "Feature", "geometry": {"type": "Point", "coordinates": [375314.52, 3373347.97]}, "properties": {"cell_id": 4443, "max_wse_m": 2631.87}}, {"type": "Feature", "geometry": {"type": "Point", "coordinates": [378394.52, 3373347.97]}, "properties": {"cell_id": 4444, "max_wse_m": 3448.48}}, {"type": "Feature", "geometry": {"type": "Point", "coordinates": [378434.52, 3373347.97]}, "properties": {"cell_id": 4445, "max_wse_m": 3471.08}}, {"type": "Feature", "geometry": {"type": "Point", "coordinates": [378474.52, 3373347.97]}, "properties": {"cell_id": 4446, "max_wse_m": 3499.37}}, {"type": "Feature", "geometry": {"type": "Point", "coordinates": [378514.52, 3373347.97]}, "properties": {"cell_id": 4447, "max_wse_m": 3508.35}}, {"type": "Feature", "geometry": {"type": "Point", "coordinates": [378554.52, 3373347.97]}, "properties": {"cell_id": 4448, "max_wse_m": 3505.62}}, {"type": "Feature", "geometry": {"type": "Point", "coordinates": [378594.52, 3373347.97]}, "properties": {"cell_id": 4449, "max_wse_m": 3491.28}}, {"type": "Feature", "geometry": {"type": "Point", "coordinates": [378634.52, 3373347.97]}, "properties": {"cell_id": 4450, "max_wse_m": 3479.23}}, {"type": "Feature", "geometry": {"type": "Point", "coordinates": [378674.52, 3373347.97]}, "properties": {"cell_id": 4451, "max_wse_m": 3472.51}}, {"type": "Feature", "geometry": {"type": "Point", "coordinates": [378714.52, 3373347.97]}, "properties": {"cell_id": 4452, "max_wse_m": 3475.47}}, {"type": "Feature", "geometry": {"type": "Point", "coordinates": [378754.52, 3373347.97]}, "properties": {"cell_id": 4453, "max_wse_m": 3463.99}}, {"type": "Feature", "geometry": {"type": "Point", "coordinates": [378794.52, 3373347.97]}, "properties": {"cell_id": 4454, "max_wse_m": 3449.22}}, {"type": "Feature", "geometry": {"type": "Point", "coordinates": [378834.52, 3373347.97]}, "properties": {"cell_id": 4455, "max_wse_m": 3456.43}}, {"type": "Feature", "geometry": {"type": "Point", "coordinates": [378874.52, 3373347.97]}, "properties": {"cell_id": 4456, "max_wse_m": 3473.29}}, {"type": "Feature", "geometry": {"type": "Point", "coordinates": [378914.52, 3373347.97]}, "properties": {"cell_id": 4457, "max_wse_m": 3473.19}}, {"type": "Feature", "geometry": {"type": "Point", "coordinates": [378954.52, 3373347.97]}, "properties": {"cell_id": 4458, "max_wse_m": 3471.78}}, {"type": "Feature", "geometry": {"type": "Point", "coordinates": [378994.52, 3373347.97]}, "properties": {"cell_id": 4459, "max_wse_m": 3469.01}}, {"type": "Feature", "geometry": {"type": "Point", "coordinates": [379034.52, 3373347.97]}, "properties": {"cell_id": 4460, "max_wse_m": 3499.46}}, {"type": "Feature", "geometry": {"type": "Point", "coordinates": [379074.52, 3373347.97]}, "properties": {"cell_id": 4461, "max_wse_m": 3532.61}}, {"type": "Feature", "geometry": {"type": "Point", "coordinates": [379114.52, 3373347.97]}, "properties": {"cell_id": 4462, "max_wse_m": 3567.34}}, {"type": "Feature", "geometry": {"type": "Point", "coordinates": [379154.52, 3373347.97]}, "properties": {"cell_id": 4463, "max_wse_m": 3602.31}}, {"type": "Feature", "geometry": {"type": "Point", "coordinates": [379194.52, 3373347.97]}, "properties": {"cell_id": 4464, "max_wse_m": 3612.88}}, {"type": "Feature", "geometry": {"type": "Point", "coordinates": [379234.52, 3373347.97]}, "properties": {"cell_id": 4465, "max_wse_m": 3635.32}}, {"type": "Feature", "geometry": {"type": "Point", "coordinates": [379274.52, 3373347.97]}, "properties": {"cell_id": 4466, "max_wse_m": 3659.71}}, {"type": "Feature", "geometry": {"type": "Point", "coordinates": [379314.52, 3373347.97]}, "properties": {"cell_id": 4467, "max_wse_m": 3677.81}}, {"type": "Feature", "geometry": {"type": "Point", "coordinates": [379354.52, 3373347.97]}, "properties": {"cell_id": 4468, "max_wse_m": 3683.21}}, {"type": "Feature", "geometry": {"type": "Point", "coordinates": [379394.52, 3373347.97]}, "properties": {"cell_id": 4469, "max_wse_m": 3691.73}}, {"type": "Feature", "geometry": {"type": "Point", "coordinates": [379434.52, 3373347.97]}, "properties": {"cell_id": 4470, "max_wse_m": 3706.29}}, {"type": "Feature", "geometry": {"type": "Point", "coordinates": [379474.52, 3373347.97]}, "properties": {"cell_id": 4471, "max_wse_m": 3724.99}}, {"type": "Feature", "geometry": {"type": "Point", "coordinates": [379514.52, 3373347.97]}, "properties": {"cell_id": 4472, "max_wse_m": 3716.09}}, {"type": "Feature", "geometry": {"type": "Point", "coordinates": [379554.52, 3373347.97]}, "properties": {"cell_id": 4473, "max_wse_m": 3705.18}}, {"type": "Feature", "geometry": {"type": "Point", "coordinates": [379594.52, 3373347.97]}, "properties": {"cell_id": 4474, "max_wse_m": 3682.62}}, {"type": "Feature", "geometry": {"type": "Point", "coordinates": [379634.52, 3373347.97]}, "properties": {"cell_id": 4475, "max_wse_m": 3661.55}}, {"type": "Feature", "geometry": {"type": "Point", "coordinates": [379674.52, 3373347.97]}, "properties": {"cell_id": 4476, "max_wse_m": 3658.23}}, {"type": "Feature", "geometry": {"type": "Point", "coordinates": [379714.52, 3373347.97]}, "properties": {"cell_id": 4477, "max_wse_m": 3660.43}}, {"type": "Feature", "geometry": {"type": "Point", "coordinates": [379754.52, 3373347.97]}, "properties": {"cell_id": 4478, "max_wse_m": 3658.18}}, {"type": "Feature", "geometry": {"type": "Point", "coordinates": [379794.52, 3373347.97]}, "properties": {"cell_id": 4479, "max_wse_m": 3630.32}}, {"type": "Feature", "geometry": {"type": "Point", "coordinates": [379834.52, 3373347.97]}, "properties": {"cell_id": 4480, "max_wse_m": 3629.35}}, {"type": "Feature", "geometry": {"type": "Point", "coordinates": [379874.52, 3373347.97]}, "properties": {"cell_id": 4481, "max_wse_m": 3614.58}}, {"type": "Feature", "geometry": {"type": "Point", "coordinates": [379914.52, 3373347.97]}, "properties": {"cell_id": 4482, "max_wse_m": 3602.82}}, {"type": "Feature", "geometry": {"type": "Point", "coordinates": [379954.52, 3373347.97]}, "properties": {"cell_id": 4483, "max_wse_m": 3584.37}}, {"type": "Feature", "geometry": {"type": "Point", "coordinates": [379994.52, 3373347.97]}, "properties": {"cell_id": 4484, "max_wse_m": 3573.9}}, {"type": "Feature", "geometry": {"type": "Point", "coordinates": [380034.52, 3373347.97]}, "properties": {"cell_id": 4485, "max_wse_m": 3557.86}}, {"type": "Feature", "geometry": {"type": "Point", "coordinates": [380074.52, 3373347.97]}, "properties": {"cell_id": 4486, "max_wse_m": 3525.86}}, {"type": "Feature", "geometry": {"type": "Point", "coordinates": [380114.52, 3373347.97]}, "properties": {"cell_id": 4487, "max_wse_m": 3503.89}}, {"type": "Feature", "geometry": {"type": "Point", "coordinates": [380154.52, 3373347.97]}, "properties": {"cell_id": 4488, "max_wse_m": 3467.42}}, {"type": "Feature", "geometry": {"type": "Point", "coordinates": [380194.52, 3373347.97]}, "properties": {"cell_id": 4489, "max_wse_m": 3440.14}}, {"type": "Feature", "geometry": {"type": "Point", "coordinates": [380234.52, 3373347.97]}, "properties": {"cell_id": 4490, "max_wse_m": 3411.89}}, {"type": "Feature", "geometry": {"type": "Point", "coordinates": [380274.52, 3373347.97]}, "properties": {"cell_id": 4491, "max_wse_m": 3386.18}}, {"type": "Feature", "geometry": {"type": "Point", "coordinates": [380314.52, 3373347.97]}, "properties": {"cell_id": 4492, "max_wse_m": 3379.64}}, {"type": "Feature", "geometry": {"type": "Point", "coordinates": [380354.52, 3373347.97]}, "properties": {"cell_id": 4493, "max_wse_m": 3368.93}}, {"type": "Feature", "geometry": {"type": "Point", "coordinates": [380394.52, 3373347.97]}, "properties": {"cell_id": 4494, "max_wse_m": 3362.74}}, {"type": "Feature", "geometry": {"type": "Point", "coordinates": [380434.52, 3373347.97]}, "properties": {"cell_id": 4495, "max_wse_m": 3366.63}}, {"type": "Feature", "geometry": {"type": "Point", "coordinates": [380474.52, 3373347.97]}, "properties": {"cell_id": 4496, "max_wse_m": 3392.28}}, {"type": "Feature", "geometry": {"type": "Point", "coordinates": [380514.52, 3373347.97]}, "properties": {"cell_id": 4497, "max_wse_m": 3421.19}}, {"type": "Feature", "geometry": {"type": "Point", "coordinates": [380554.52, 3373347.97]}, "properties": {"cell_id": 4498, "max_wse_m": 3437.21}}, {"type": "Feature", "geometry": {"type": "Point", "coordinates": [380594.52, 3373347.97]}, "properties": {"cell_id": 4499, "max_wse_m": 3462.71}}, {"type": "Feature", "geometry": {"type": "Point", "coordinates": [380634.52, 3373347.97]}, "properties": {"cell_id": 4500, "max_wse_m": 3511.48}}, {"type": "Feature", "geometry": {"type": "Point", "coordinates": [380674.52, 3373347.97]}, "properties": {"cell_id": 4501, "max_wse_m": 3536.39}}, {"type": "Feature", "geometry": {"type": "Point", "coordinates": [380714.52, 3373347.97]}, "properties": {"cell_id": 4502, "max_wse_m": 3578.79}}, {"type": "Feature", "geometry": {"type": "Point", "coordinates": [380754.52, 3373347.97]}, "properties": {"cell_id": 4503, "max_wse_m": 3618.86}}, {"type": "Feature", "geometry": {"type": "Point", "coordinates": [380794.52, 3373347.97]}, "properties": {"cell_id": 4504, "max_wse_m": 3670.6}}, {"type": "Feature", "geometry": {"type": "Point", "coordinates": [380834.52, 3373347.97]}, "properties": {"cell_id": 4505, "max_wse_m": 3667.11}}, {"type": "Feature", "geometry": {"type": "Point", "coordinates": [380874.52, 3373347.97]}, "properties": {"cell_id": 4506, "max_wse_m": 3668.31}}, {"type": "Feature", "geometry": {"type": "Point", "coordinates": [380914.52, 3373347.97]}, "properties": {"cell_id": 4507, "max_wse_m": 3720.31}}, {"type": "Feature", "geometry": {"type": "Point", "coordinates": [380954.52, 3373347.97]}, "properties": {"cell_id": 4508, "max_wse_m": 3788.61}}, {"type": "Feature", "geometry": {"type": "Point", "coordinates": [380994.52, 3373347.97]}, "properties": {"cell_id": 4509, "max_wse_m": 3774.88}}, {"type": "Feature", "geometry": {"type": "Point", "coordinates": [381034.52, 3373347.97]}, "properties": {"cell_id": 4510, "max_wse_m": 3768.25}}, {"type": "Feature", "geometry": {"type": "Point", "coordinates": [381074.52, 3373347.97]}, "properties": {"cell_id": 4511, "max_wse_m": 3766.3}}, {"type": "Feature", "geometry": {"type": "Point", "coordinates": [381114.52, 3373347.97]}, "properties": {"cell_id": 4512, "max_wse_m": 3761.28}}, {"type": "Feature", "geometry": {"type": "Point", "coordinates": [381154.52, 3373347.97]}, "properties": {"cell_id": 4513, "max_wse_m": 3767.06}}, {"type": "Feature", "geometry": {"type": "Point", "coordinates": [381194.52, 3373347.97]}, "properties": {"cell_id": 4514, "max_wse_m": 3789.24}}, {"type": "Feature", "geometry": {"type": "Point", "coordinates": [381234.52, 3373347.97]}, "properties": {"cell_id": 4515, "max_wse_m": 3796.85}}, {"type": "Feature", "geometry": {"type": "Point", "coordinates": [381274.52, 3373347.97]}, "properties": {"cell_id": 4516, "max_wse_m": 3842.49}}, {"type": "Feature", "geometry": {"type": "Point", "coordinates": [381314.52, 3373347.97]}, "properties": {"cell_id": 4517, "max_wse_m": 3900.76}}, {"type": "Feature", "geometry": {"type": "Point", "coordinates": [381354.52, 3373347.97]}, "properties": {"cell_id": 4518, "max_wse_m": 3950.84}}, {"type": "Feature", "geometry": {"type": "Point", "coordinates": [381394.52, 3373347.97]}, "properties": {"cell_id": 4519, "max_wse_m": 3981.31}}, {"type": "Feature", "geometry": {"type": "Point", "coordinates": [381434.52, 3373347.97]}, "properties": {"cell_id": 4520, "max_wse_m": 4000.65}}, {"type": "Feature", "geometry": {"type": "Point", "coordinates": [381474.52, 3373347.97]}, "properties": {"cell_id": 4521, "max_wse_m": 3959.25}}, {"type": "Feature", "geometry": {"type": "Point", "coordinates": [381514.52, 3373347.97]}, "properties": {"cell_id": 4522, "max_wse_m": 3908.59}}, {"type": "Feature", "geometry": {"type": "Point", "coordinates": [381554.52, 3373347.97]}, "properties": {"cell_id": 4523, "max_wse_m": 3863.01}}, {"type": "Feature", "geometry": {"type": "Point", "coordinates": [381594.52, 3373347.97]}, "properties": {"cell_id": 4524, "max_wse_m": 3835.65}}, {"type": "Feature", "geometry": {"type": "Point", "coordinates": [381634.52, 3373347.97]}, "properties": {"cell_id": 4525, "max_wse_m": 3814.66}}, {"type": "Feature", "geometry": {"type": "Point", "coordinates": [381674.52, 3373347.97]}, "properties": {"cell_id": 4526, "max_wse_m": 3746.42}}, {"type": "Feature", "geometry": {"type": "Point", "coordinates": [381714.52, 3373347.97]}, "properties": {"cell_id": 4527, "max_wse_m": 3721.52}}, {"type": "Feature", "geometry": {"type": "Point", "coordinates": [381754.52, 3373347.97]}, "properties": {"cell_id": 4528, "max_wse_m": 3689.88}}, {"type": "Feature", "geometry": {"type": "Point", "coordinates": [381794.52, 3373347.97]}, "properties": {"cell_id": 4529, "max_wse_m": 3690.28}}, {"type": "Feature", "geometry": {"type": "Point", "coordinates": [381834.52, 3373347.97]}, "properties": {"cell_id": 4530, "max_wse_m": 3687.17}}, {"type": "Feature", "geometry": {"type": "Point", "coordinates": [381874.52, 3373347.97]}, "properties": {"cell_id": 4531, "max_wse_m": 3694.41}}, {"type": "Feature", "geometry": {"type": "Point", "coordinates": [381914.52, 3373347.97]}, "properties": {"cell_id": 4532, "max_wse_m": 3736.6}}, {"type": "Feature", "geometry": {"type": "Point", "coordinates": [374594.52, 3373307.97]}, "properties": {"cell_id": 4533, "max_wse_m": 1940.72}}, {"type": "Feature", "geometry": {"type": "Point", "coordinates": [374634.52, 3373307.97]}, "properties": {"cell_id": 4534, "max_wse_m": 1927.32}}, {"type": "Feature", "geometry": {"type": "Point", "coordinates": [374674.52, 3373307.97]}, "properties": {"cell_id": 4535, "max_wse_m": 1926.75}}, {"type": "Feature", "geometry": {"type": "Point", "coordinates": [374714.52, 3373307.97]}, "properties": {"cell_id": 4536, "max_wse_m": 1930.97}}, {"type": "Feature", "geometry": {"type": "Point", "coordinates": [374754.52, 3373307.97]}, "properties": {"cell_id": 4537, "max_wse_m": 1946.45}}, {"type": "Feature", "geometry": {"type": "Point", "coordinates": [374794.52, 3373307.97]}, "properties": {"cell_id": 4538, "max_wse_m": 1978.73}}, {"type": "Feature", "geometry": {"type": "Point", "coordinates": [374834.52, 3373307.97]}, "properties": {"cell_id": 4539, "max_wse_m": 1996.91}}, {"type": "Feature", "geometry": {"type": "Point", "coordinates": [374874.52, 3373307.97]}, "properties": {"cell_id": 4540, "max_wse_m": 2014.66}}, {"type": "Feature", "geometry": {"type": "Point", "coordinates": [374914.52, 3373307.97]}, "properties": {"cell_id": 4541, "max_wse_m": 2039.23}}, {"type": "Feature", "geometry": {"type": "Point", "coordinates": [374954.52, 3373307.97]}, "properties": {"cell_id": 4542, "max_wse_m": 2067.28}}, {"type": "Feature", "geometry": {"type": "Point", "coordinates": [374994.52, 3373307.97]}, "properties": {"cell_id": 4543, "max_wse_m": 2124.39}}, {"type": "Feature", "geometry": {"type": "Point", "coordinates": [375034.52, 3373307.97]}, "properties": {"cell_id": 4544, "max_wse_m": 2172.84}}, {"type": "Feature", "geometry": {"type": "Point", "coordinates": [375074.52, 3373307.97]}, "properties": {"cell_id": 4545, "max_wse_m": 2214.8}}, {"type": "Feature", "geometry": {"type": "Point", "coordinates": [375114.52, 3373307.97]}, "properties": {"cell_id": 4546, "max_wse_m": 2243.03}}, {"type": "Feature", "geometry": {"type": "Point", "coordinates": [375154.52, 3373307.97]}, "properties": {"cell_id": 4547, "max_wse_m": 2272.36}}, {"type": "Feature", "geometry": {"type": "Point", "coordinates": [375194.52, 3373307.97]}, "properties": {"cell_id": 4548, "max_wse_m": 2319.22}}, {"type": "Feature", "geometry": {"type": "Point", "coordinates": [375234.52, 3373307.97]}, "properties": {"cell_id": 4549, "max_wse_m": 2423.16}}, {"type": "Feature", "geometry": {"type": "Point", "coordinates": [375274.52, 3373307.97]}, "properties": {"cell_id": 4550, "max_wse_m": 2466.51}}, {"type": "Feature", "geometry": {"type": "Point", "coordinates": [375314.52, 3373307.97]}, "properties": {"cell_id": 4551, "max_wse_m": 2589.19}}, {"type": "Feature", "geometry": {"type": "Point", "coordinates": [378354.52, 3373307.97]}, "properties": {"cell_id": 4552, "max_wse_m": 3460.92}}, {"type": "Feature", "geometry": {"type": "Point", "coordinates": [378394.52, 3373307.97]}, "properties": {"cell_id": 4553, "max_wse_m": 3475.27}}, {"type": "Feature", "geometry": {"type": "Point", "coordinates": [378434.52, 3373307.97]}, "properties": {"cell_id": 4554, "max_wse_m": 3504.53}}, {"type": "Feature", "geometry": {"type": "Point", "coordinates": [378474.52, 3373307.97]}, "properties": {"cell_id": 4555, "max_wse_m": 3529.36}}, {"type": "Feature", "geometry": {"type": "Point", "coordinates": [378514.52, 3373307.97]}, "properties": {"cell_id": 4556, "max_wse_m": 3538.05}}, {"type": "Feature", "geometry": {"type": "Point", "coordinates": [378554.52, 3373307.97]}, "properties": {"cell_id": 4557, "max_wse_m": 3531.2}}, {"type": "Feature", "geometry": {"type": "Point", "coordinates": [378594.52, 3373307.97]}, "properties": {"cell_id": 4558, "max_wse_m": 3521.05}}, {"type": "Feature", "geometry": {"type": "Point", "coordinates": [378634.52, 3373307.97]}, "properties": {"cell_id": 4559, "max_wse_m": 3513.28}}, {"type": "Feature", "geometry": {"type": "Point", "coordinates": [378674.52, 3373307.97]}, "properties": {"cell_id": 4560, "max_wse_m": 3502.13}}, {"type": "Feature", "geometry": {"type": "Point", "coordinates": [378714.52, 3373307.97]}, "properties": {"cell_id": 4561, "max_wse_m": 3501.17}}, {"type": "Feature", "geometry": {"type": "Point", "coordinates": [378754.52, 3373307.97]}, "properties": {"cell_id": 4562, "max_wse_m": 3493.42}}, {"type": "Feature", "geometry": {"type": "Point", "coordinates": [378794.52, 3373307.97]}, "properties": {"cell_id": 4563, "max_wse_m": 3487.59}}, {"type": "Feature", "geometry": {"type": "Point", "coordinates": [378834.52, 3373307.97]}, "properties": {"cell_id": 4564, "max_wse_m": 3487.18}}, {"type": "Feature", "geometry": {"type": "Point", "coordinates": [378874.52, 3373307.97]}, "properties": {"cell_id": 4565, "max_wse_m": 3502.18}}, {"type": "Feature", "geometry": {"type": "Point", "coordinates": [378914.52, 3373307.97]}, "properties": {"cell_id": 4566, "max_wse_m": 3501.96}}, {"type": "Feature", "geometry": {"type": "Point", "coordinates": [378954.52, 3373307.97]}, "properties": {"cell_id": 4567, "max_wse_m": 3505.84}}, {"type": "Feature", "geometry": {"type": "Point", "coordinates": [378994.52, 3373307.97]}, "properties": {"cell_id": 4568, "max_wse_m": 3508.26}}, {"type": "Feature", "geometry": {"type": "Point", "coordinates": [379034.52, 3373307.97]}, "properties": {"cell_id": 4569, "max_wse_m": 3515.34}}, {"type": "Feature", "geometry": {"type": "Point", "coordinates": [379074.52, 3373307.97]}, "properties": {"cell_id": 4570, "max_wse_m": 3540.62}}, {"type": "Feature", "geometry": {"type": "Point", "coordinates": [379114.52, 3373307.97]}, "properties": {"cell_id": 4571, "max_wse_m": 3570.08}}, {"type": "Feature", "geometry": {"type": "Point", "coordinates": [379154.52, 3373307.97]}, "properties": {"cell_id": 4572, "max_wse_m": 3615.18}}, {"type": "Feature", "geometry": {"type": "Point", "coordinates": [379194.52, 3373307.97]}, "properties": {"cell_id": 4573, "max_wse_m": 3639.02}}, {"type": "Feature", "geometry": {"type": "Point", "coordinates": [379234.52, 3373307.97]}, "properties": {"cell_id": 4574, "max_wse_m": 3654.89}}, {"type": "Feature", "geometry": {"type": "Point", "coordinates": [379274.52, 3373307.97]}, "properties": {"cell_id": 4575, "max_wse_m": 3683.92}}, {"type": "Feature", "geometry": {"type": "Point", "coordinates": [379314.52, 3373307.97]}, "properties": {"cell_id": 4576, "max_wse_m": 3698.51}}, {"type": "Feature", "geometry": {"type": "Point", "coordinates": [379354.52, 3373307.97]}, "properties": {"cell_id": 4577, "max_wse_m": 3705.43}}, {"type": "Feature", "geometry": {"type": "Point", "coordinates": [379394.52, 3373307.97]}, "properties": {"cell_id": 4578, "max_wse_m": 3721.64}}, {"type": "Feature", "geometry": {"type": "Point", "coordinates": [379434.52, 3373307.97]}, "properties": {"cell_id": 4579, "max_wse_m": 3705.48}}, {"type": "Feature", "geometry": {"type": "Point", "coordinates": [379474.52, 3373307.97]}, "properties": {"cell_id": 4580, "max_wse_m": 3692.21}}, {"type": "Feature", "geometry": {"type": "Point", "coordinates": [379514.52, 3373307.97]}, "properties": {"cell_id": 4581, "max_wse_m": 3675.72}}, {"type": "Feature", "geometry": {"type": "Point", "coordinates": [379554.52, 3373307.97]}, "properties": {"cell_id": 4582, "max_wse_m": 3669.64}}, {"type": "Feature", "geometry": {"type": "Point", "coordinates": [379594.52, 3373307.97]}, "properties": {"cell_id": 4583, "max_wse_m": 3662.56}}, {"type": "Feature", "geometry": {"type": "Point", "coordinates": [379634.52, 3373307.97]}, "properties": {"cell_id": 4584, "max_wse_m": 3636.3}}, {"type": "Feature", "geometry": {"type": "Point", "coordinates": [379674.52, 3373307.97]}, "properties": {"cell_id": 4585, "max_wse_m": 3628.59}}, {"type": "Feature", "geometry": {"type": "Point", "coordinates": [379714.52, 3373307.97]}, "properties": {"cell_id": 4586, "max_wse_m": 3631.41}}, {"type": "Feature", "geometry": {"type": "Point", "coordinates": [379754.52, 3373307.97]}, "properties": {"cell_id": 4587, "max_wse_m": 3633.32}}, {"type": "Feature", "geometry": {"type": "Point", "coordinates": [379794.52, 3373307.97]}, "properties": {"cell_id": 4588, "max_wse_m": 3603.04}}, {"type": "Feature", "geometry": {"type": "Point", "coordinates": [379834.52, 3373307.97]}, "properties": {"cell_id": 4589, "max_wse_m": 3590.33}}, {"type": "Feature", "geometry": {"type": "Point", "coordinates": [379874.52, 3373307.97]}, "properties": {"cell_id": 4590, "max_wse_m": 3582.0}}, {"type": "Feature", "geometry": {"type": "Point", "coordinates": [379914.52, 3373307.97]}, "properties": {"cell_id": 4591, "max_wse_m": 3574.11}}, {"type": "Feature", "geometry": {"type": "Point", "coordinates": [379954.52, 3373307.97]}, "properties": {"cell_id": 4592, "max_wse_m": 3553.8}}, {"type": "Feature", "geometry": {"type": "Point", "coordinates": [379994.52, 3373307.97]}, "properties": {"cell_id": 4593, "max_wse_m": 3530.16}}, {"type": "Feature", "geometry": {"type": "Point", "coordinates": [380034.52, 3373307.97]}, "properties": {"cell_id": 4594, "max_wse_m": 3523.38}}, {"type": "Feature", "geometry": {"type": "Point", "coordinates": [380074.52, 3373307.97]}, "properties": {"cell_id": 4595, "max_wse_m": 3492.31}}, {"type": "Feature", "geometry": {"type": "Point", "coordinates": [380114.52, 3373307.97]}, "properties": {"cell_id": 4596, "max_wse_m": 3463.58}}, {"type": "Feature", "geometry": {"type": "Point", "coordinates": [380154.52, 3373307.97]}, "properties": {"cell_id": 4597, "max_wse_m": 3440.69}}, {"type": "Feature", "geometry": {"type": "Point", "coordinates": [380194.52, 3373307.97]}, "properties": {"cell_id": 4598, "max_wse_m": 3421.55}}, {"type": "Feature", "geometry": {"type": "Point", "coordinates": [380234.52, 3373307.97]}, "properties": {"cell_id": 4599, "max_wse_m": 3390.84}}, {"type": "Feature", "geometry": {"type": "Point", "coordinates": [380274.52, 3373307.97]}, "properties": {"cell_id": 4600, "max_wse_m": 3364.05}}, {"type": "Feature", "geometry": {"type": "Point", "coordinates": [380314.52, 3373307.97]}, "properties": {"cell_id": 4601, "max_wse_m": 3345.9}}, {"type": "Feature", "geometry": {"type": "Point", "coordinates": [380354.52, 3373307.97]}, "properties": {"cell_id": 4602, "max_wse_m": 3335.49}}, {"type": "Feature", "geometry": {"type": "Point", "coordinates": [380394.52, 3373307.97]}, "properties": {"cell_id": 4603, "max_wse_m": 3329.94}}, {"type": "Feature", "geometry": {"type": "Point", "coordinates": [380434.52, 3373307.97]}, "properties": {"cell_id": 4604, "max_wse_m": 3341.73}}, {"type": "Feature", "geometry": {"type": "Point", "coordinates": [380474.52, 3373307.97]}, "properties": {"cell_id": 4605, "max_wse_m": 3367.47}}, {"type": "Feature", "geometry": {"type": "Point", "coordinates": [380514.52, 3373307.97]}, "properties": {"cell_id": 4606, "max_wse_m": 3397.73}}, {"type": "Feature", "geometry": {"type": "Point", "coordinates": [380554.52, 3373307.97]}, "properties": {"cell_id": 4607, "max_wse_m": 3423.03}}, {"type": "Feature", "geometry": {"type": "Point", "coordinates": [380594.52, 3373307.97]}, "properties": {"cell_id": 4608, "max_wse_m": 3454.73}}, {"type": "Feature", "geometry": {"type": "Point", "coordinates": [380634.52, 3373307.97]}, "properties": {"cell_id": 4609, "max_wse_m": 3482.74}}, {"type": "Feature", "geometry": {"type": "Point", "coordinates": [380674.52, 3373307.97]}, "properties": {"cell_id": 4610, "max_wse_m": 3514.54}}, {"type": "Feature", "geometry": {"type": "Point", "coordinates": [380714.52, 3373307.97]}, "properties": {"cell_id": 4611, "max_wse_m": 3557.56}}, {"type": "Feature", "geometry": {"type": "Point", "coordinates": [380754.52, 3373307.97]}, "properties": {"cell_id": 4612, "max_wse_m": 3588.75}}, {"type": "Feature", "geometry": {"type": "Point", "coordinates": [380794.52, 3373307.97]}, "properties": {"cell_id": 4613, "max_wse_m": 3616.36}}, {"type": "Feature", "geometry": {"type": "Point", "coordinates": [380834.52, 3373307.97]}, "properties": {"cell_id": 4614, "max_wse_m": 3634.09}}, {"type": "Feature", "geometry": {"type": "Point", "coordinates": [380874.52, 3373307.97]}, "properties": {"cell_id": 4615, "max_wse_m": 3652.03}}, {"type": "Feature", "geometry": {"type": "Point", "coordinates": [380914.52, 3373307.97]}, "properties": {"cell_id": 4616, "max_wse_m": 3709.33}}, {"type": "Feature", "geometry": {"type": "Point", "coordinates": [380954.52, 3373307.97]}, "properties": {"cell_id": 4617, "max_wse_m": 3760.77}}, {"type": "Feature", "geometry": {"type": "Point", "coordinates": [380994.52, 3373307.97]}, "properties": {"cell_id": 4618, "max_wse_m": 3751.31}}, {"type": "Feature", "geometry": {"type": "Point", "coordinates": [381034.52, 3373307.97]}, "properties": {"cell_id": 4619, "max_wse_m": 3739.64}}, {"type": "Feature", "geometry": {"type": "Point", "coordinates": [381074.52, 3373307.97]}, "properties": {"cell_id": 4620, "max_wse_m": 3731.57}}, {"type": "Feature", "geometry": {"type": "Point", "coordinates": [381114.52, 3373307.97]}, "properties": {"cell_id": 4621, "max_wse_m": 3732.22}}, {"type": "Feature", "geometry": {"type": "Point", "coordinates": [381154.52, 3373307.97]}, "properties": {"cell_id": 4622, "max_wse_m": 3756.52}}, {"type": "Feature", "geometry": {"type": "Point", "coordinates": [381194.52, 3373307.97]}, "properties": {"cell_id": 4623, "max_wse_m": 3768.76}}, {"type": "Feature", "geometry": {"type": "Point", "coordinates": [381234.52, 3373307.97]}, "properties": {"cell_id": 4624, "max_wse_m": 3775.7}}, {"type": "Feature", "geometry": {"type": "Point", "coordinates": [381274.52, 3373307.97]}, "properties": {"cell_id": 4625, "max_wse_m": 3836.34}}, {"type": "Feature", "geometry": {"type": "Point", "coordinates": [381314.52, 3373307.97]}, "properties": {"cell_id": 4626, "max_wse_m": 3896.64}}, {"type": "Feature", "geometry": {"type": "Point", "coordinates": [381354.52, 3373307.97]}, "properties": {"cell_id": 4627, "max_wse_m": 3909.14}}, {"type": "Feature", "geometry": {"type": "Point", "coordinates": [381394.52, 3373307.97]}, "properties": {"cell_id": 4628, "max_wse_m": 3907.91}}, {"type": "Feature", "geometry": {"type": "Point", "coordinates": [381434.52, 3373307.97]}, "properties": {"cell_id": 4629, "max_wse_m": 3953.26}}, {"type": "Feature", "geometry": {"type": "Point", "coordinates": [381474.52, 3373307.97]}, "properties": {"cell_id": 4630, "max_wse_m": 3915.61}}, {"type": "Feature", "geometry": {"type": "Point", "coordinates": [381514.52, 3373307.97]}, "properties": {"cell_id": 4631, "max_wse_m": 3833.11}}, {"type": "Feature", "geometry": {"type": "Point", "coordinates": [381554.52, 3373307.97]}, "properties": {"cell_id": 4632, "max_wse_m": 3796.27}}, {"type": "Feature", "geometry": {"type": "Point", "coordinates": [381594.52, 3373307.97]}, "properties": {"cell_id": 4633, "max_wse_m": 3778.95}}, {"type": "Feature", "geometry": {"type": "Point", "coordinates": [381634.52, 3373307.97]}, "properties": {"cell_id": 4634, "max_wse_m": 3775.47}}, {"type": "Feature", "geometry": {"type": "Point", "coordinates": [381674.52, 3373307.97]}, "properties": {"cell_id": 4635, "max_wse_m": 3745.15}}, {"type": "Feature", "geometry": {"type": "Point", "coordinates": [381714.52, 3373307.97]}, "properties": {"cell_id": 4636, "max_wse_m": 3694.29}}, {"type": "Feature", "geometry": {"type": "Point", "coordinates": [381754.52, 3373307.97]}, "properties": {"cell_id": 4637, "max_wse_m": 3653.63}}, {"type": "Feature", "geometry": {"type": "Point", "coordinates": [381794.52, 3373307.97]}, "properties": {"cell_id": 4638, "max_wse_m": 3653.67}}, {"type": "Feature", "geometry": {"type": "Point", "coordinates": [381834.52, 3373307.97]}, "properties": {"cell_id": 4639, "max_wse_m": 3657.17}}, {"type": "Feature", "geometry": {"type": "Point", "coordinates": [381874.52, 3373307.97]}, "properties": {"cell_id": 4640, "max_wse_m": 3688.48}}, {"type": "Feature", "geometry": {"type": "Point", "coordinates": [374634.52, 3373267.97]}, "properties": {"cell_id": 4641, "max_wse_m": 1943.97}}, {"type": "Feature", "geometry": {"type": "Point", "coordinates": [374674.52, 3373267.97]}, "properties": {"cell_id": 4642, "max_wse_m": 1930.42}}, {"type": "Feature", "geometry": {"type": "Point", "coordinates": [374714.52, 3373267.97]}, "properties": {"cell_id": 4643, "max_wse_m": 1930.55}}, {"type": "Feature", "geometry": {"type": "Point", "coordinates": [374754.52, 3373267.97]}, "properties": {"cell_id": 4644, "max_wse_m": 1934.08}}, {"type": "Feature", "geometry": {"type": "Point", "coordinates": [374794.52, 3373267.97]}, "properties": {"cell_id": 4645, "max_wse_m": 1958.62}}, {"type": "Feature", "geometry": {"type": "Point", "coordinates": [374834.52, 3373267.97]}, "properties": {"cell_id": 4646, "max_wse_m": 1988.19}}, {"type": "Feature", "geometry": {"type": "Point", "coordinates": [374874.52, 3373267.97]}, "properties": {"cell_id": 4647, "max_wse_m": 2006.17}}, {"type": "Feature", "geometry": {"type": "Point", "coordinates": [374914.52, 3373267.97]}, "properties": {"cell_id": 4648, "max_wse_m": 2026.98}}, {"type": "Feature", "geometry": {"type": "Point", "coordinates": [374954.52, 3373267.97]}, "properties": {"cell_id": 4649, "max_wse_m": 2062.44}}, {"type": "Feature", "geometry": {"type": "Point", "coordinates": [374994.52, 3373267.97]}, "properties": {"cell_id": 4650, "max_wse_m": 2088.86}}, {"type": "Feature", "geometry": {"type": "Point", "coordinates": [375034.52, 3373267.97]}, "properties": {"cell_id": 4651, "max_wse_m": 2121.95}}, {"type": "Feature", "geometry": {"type": "Point", "coordinates": [375074.52, 3373267.97]}, "properties": {"cell_id": 4652, "max_wse_m": 2168.0}}, {"type": "Feature", "geometry": {"type": "Point", "coordinates": [375114.52, 3373267.97]}, "properties": {"cell_id": 4653, "max_wse_m": 2234.15}}, {"type": "Feature", "geometry": {"type": "Point", "coordinates": [375154.52, 3373267.97]}, "properties": {"cell_id": 4654, "max_wse_m": 2262.13}}, {"type": "Feature", "geometry": {"type": "Point", "coordinates": [375194.52, 3373267.97]}, "properties": {"cell_id": 4655, "max_wse_m": 2293.55}}, {"type": "Feature", "geometry": {"type": "Point", "coordinates": [375234.52, 3373267.97]}, "properties": {"cell_id": 4656, "max_wse_m": 2385.19}}, {"type": "Feature", "geometry": {"type": "Point", "coordinates": [375274.52, 3373267.97]}, "properties": {"cell_id": 4657, "max_wse_m": 2454.63}}, {"type": "Feature", "geometry": {"type": "Point", "coordinates": [375314.52, 3373267.97]}, "properties": {"cell_id": 4658, "max_wse_m": 2569.24}}, {"type": "Feature", "geometry": {"type": "Point", "coordinates": [375354.52, 3373267.97]}, "properties": {"cell_id": 4659, "max_wse_m": 2689.9}}, {"type": "Feature", "geometry": {"type": "Point", "coordinates": [378314.52, 3373267.97]}, "properties": {"cell_id": 4660, "max_wse_m": 3487.21}}, {"type": "Feature", "geometry": {"type": "Point", "coordinates": [378354.52, 3373267.97]}, "properties": {"cell_id": 4661, "max_wse_m": 3492.95}}, {"type": "Feature", "geometry": {"type": "Point", "coordinates": [378394.52, 3373267.97]}, "properties": {"cell_id": 4662, "max_wse_m": 3501.0}}, {"type": "Feature", "geometry": {"type": "Point", "coordinates": [378434.52, 3373267.97]}, "properties": {"cell_id": 4663, "max_wse_m": 3517.34}}, {"type": "Feature", "geometry": {"type": "Point", "coordinates": [378474.52, 3373267.97]}, "properties": {"cell_id": 4664, "max_wse_m": 3553.19}}, {"type": "Feature", "geometry": {"type": "Point", "coordinates": [378514.52, 3373267.97]}, "properties": {"cell_id": 4665, "max_wse_m": 3556.65}}, {"type": "Feature", "geometry": {"type": "Point", "coordinates": [378554.52, 3373267.97]}, "properties": {"cell_id": 4666, "max_wse_m": 3551.39}}, {"type": "Feature", "geometry": {"type": "Point", "coordinates": [378594.52, 3373267.97]}, "properties": {"cell_id": 4667, "max_wse_m": 3537.75}}, {"type": "Feature", "geometry": {"type": "Point", "coordinates": [378634.52, 3373267.97]}, "properties": {"cell_id": 4668, "max_wse_m": 3528.37}}, {"type": "Feature", "geometry": {"type": "Point", "coordinates": [378674.52, 3373267.97]}, "properties": {"cell_id": 4669, "max_wse_m": 3527.79}}, {"type": "Feature", "geometry": {"type": "Point", "coordinates": [378714.52, 3373267.97]}, "properties": {"cell_id": 4670, "max_wse_m": 3531.13}}, {"type": "Feature", "geometry": {"type": "Point", "coordinates": [378754.52, 3373267.97]}, "properties": {"cell_id": 4671, "max_wse_m": 3518.31}}, {"type": "Feature", "geometry": {"type": "Point", "coordinates": [378794.52, 3373267.97]}, "properties": {"cell_id": 4672, "max_wse_m": 3509.21}}, {"type": "Feature", "geometry": {"type": "Point", "coordinates": [378834.52, 3373267.97]}, "properties": {"cell_id": 4673, "max_wse_m": 3515.66}}, {"type": "Feature", "geometry": {"type": "Point", "coordinates": [378874.52, 3373267.97]}, "properties": {"cell_id": 4674, "max_wse_m": 3528.7}}, {"type": "Feature", "geometry": {"type": "Point", "coordinates": [378914.52, 3373267.97]}, "properties": {"cell_id": 4675, "max_wse_m": 3536.09}}, {"type": "Feature", "geometry": {"type": "Point", "coordinates": [378954.52, 3373267.97]}, "properties": {"cell_id": 4676, "max_wse_m": 3534.44}}, {"type": "Feature", "geometry": {"type": "Point", "coordinates": [378994.52, 3373267.97]}, "properties": {"cell_id": 4677, "max_wse_m": 3538.88}}, {"type": "Feature", "geometry": {"type": "Point", "coordinates": [379034.52, 3373267.97]}, "properties": {"cell_id": 4678, "max_wse_m": 3544.92}}, {"type": "Feature", "geometry": {"type": "Point", "coordinates": [379074.52, 3373267.97]}, "properties": {"cell_id": 4679, "max_wse_m": 3575.82}}, {"type": "Feature", "geometry": {"type": "Point", "coordinates": [379114.52, 3373267.97]}, "properties": {"cell_id": 4680, "max_wse_m": 3600.93}}, {"type": "Feature", "geometry": {"type": "Point", "coordinates": [379154.52, 3373267.97]}, "properties": {"cell_id": 4681, "max_wse_m": 3619.96}}, {"type": "Feature", "geometry": {"type": "Point", "coordinates": [379194.52, 3373267.97]}, "properties": {"cell_id": 4682, "max_wse_m": 3647.24}}, {"type": "Feature", "geometry": {"type": "Point", "coordinates": [379234.52, 3373267.97]}, "properties": {"cell_id": 4683, "max_wse_m": 3674.87}}, {"type": "Feature", "geometry": {"type": "Point", "coordinates": [379274.52, 3373267.97]}, "properties": {"cell_id": 4684, "max_wse_m": 3696.88}}, {"type": "Feature", "geometry": {"type": "Point", "coordinates": [379314.52, 3373267.97]}, "properties": {"cell_id": 4685, "max_wse_m": 3715.55}}, {"type": "Feature", "geometry": {"type": "Point", "coordinates": [379354.52, 3373267.97]}, "properties": {"cell_id": 4686, "max_wse_m": 3727.75}}, {"type": "Feature", "geometry": {"type": "Point", "coordinates": [379394.52, 3373267.97]}, "properties": {"cell_id": 4687, "max_wse_m": 3710.61}}, {"type": "Feature", "geometry": {"type": "Point", "coordinates": [379434.52, 3373267.97]}, "properties": {"cell_id": 4688, "max_wse_m": 3682.48}}, {"type": "Feature", "geometry": {"type": "Point", "coordinates": [379474.52, 3373267.97]}, "properties": {"cell_id": 4689, "max_wse_m": 3657.63}}, {"type": "Feature", "geometry": {"type": "Point", "coordinates": [379514.52, 3373267.97]}, "properties": {"cell_id": 4690, "max_wse_m": 3648.0}}, {"type": "Feature", "geometry": {"type": "Point", "coordinates": [379554.52, 3373267.97]}, "properties": {"cell_id": 4691, "max_wse_m": 3631.19}}, {"type": "Feature", "geometry": {"type": "Point", "coordinates": [379594.52, 3373267.97]}, "properties": {"cell_id": 4692, "max_wse_m": 3617.98}}, {"type": "Feature", "geometry": {"type": "Point", "coordinates": [379634.52, 3373267.97]}, "properties": {"cell_id": 4693, "max_wse_m": 3608.31}}, {"type": "Feature", "geometry": {"type": "Point", "coordinates": [379674.52, 3373267.97]}, "properties": {"cell_id": 4694, "max_wse_m": 3600.05}}, {"type": "Feature", "geometry": {"type": "Point", "coordinates": [379714.52, 3373267.97]}, "properties": {"cell_id": 4695, "max_wse_m": 3608.73}}, {"type": "Feature", "geometry": {"type": "Point", "coordinates": [379754.52, 3373267.97]}, "properties": {"cell_id": 4696, "max_wse_m": 3620.02}}, {"type": "Feature", "geometry": {"type": "Point", "coordinates": [379794.52, 3373267.97]}, "properties": {"cell_id": 4697, "max_wse_m": 3587.27}}, {"type": "Feature", "geometry": {"type": "Point", "coordinates": [379834.52, 3373267.97]}, "properties": {"cell_id": 4698, "max_wse_m": 3557.8}}, {"type": "Feature", "geometry": {"type": "Point", "coordinates": [379874.52, 3373267.97]}, "properties": {"cell_id": 4699, "max_wse_m": 3545.96}}, {"type": "Feature", "geometry": {"type": "Point", "coordinates": [379914.52, 3373267.97]}, "properties": {"cell_id": 4700, "max_wse_m": 3542.89}}, {"type": "Feature", "geometry": {"type": "Point", "coordinates": [379954.52, 3373267.97]}, "properties": {"cell_id": 4701, "max_wse_m": 3525.19}}, {"type": "Feature", "geometry": {"type": "Point", "coordinates": [379994.52, 3373267.97]}, "properties": {"cell_id": 4702, "max_wse_m": 3501.17}}, {"type": "Feature", "geometry": {"type": "Point", "coordinates": [380034.52, 3373267.97]}, "properties": {"cell_id": 4703, "max_wse_m": 3479.42}}, {"type": "Feature", "geometry": {"type": "Point", "coordinates": [380074.52, 3373267.97]}, "properties": {"cell_id": 4704, "max_wse_m": 3449.83}}, {"type": "Feature", "geometry": {"type": "Point", "coordinates": [380114.52, 3373267.97]}, "properties": {"cell_id": 4705, "max_wse_m": 3410.09}}, {"type": "Feature", "geometry": {"type": "Point", "coordinates": [380154.52, 3373267.97]}, "properties": {"cell_id": 4706, "max_wse_m": 3396.83}}, {"type": "Feature", "geometry": {"type": "Point", "coordinates": [380194.52, 3373267.97]}, "properties": {"cell_id": 4707, "max_wse_m": 3396.82}}, {"type": "Feature", "geometry": {"type": "Point", "coordinates": [380234.52, 3373267.97]}, "properties": {"cell_id": 4708, "max_wse_m": 3364.49}}, {"type": "Feature", "geometry": {"type": "Point", "coordinates": [380274.52, 3373267.97]}, "properties": {"cell_id": 4709, "max_wse_m": 3328.45}}, {"type": "Feature", "geometry": {"type": "Point", "coordinates": [380314.52, 3373267.97]}, "properties": {"cell_id": 4710, "max_wse_m": 3314.02}}, {"type": "Feature", "geometry": {"type": "Point", "coordinates": [380354.52, 3373267.97]}, "properties": {"cell_id": 4711, "max_wse_m": 3303.85}}, {"type": "Feature", "geometry": {"type": "Point", "coordinates": [380394.52, 3373267.97]}, "properties": {"cell_id": 4712, "max_wse_m": 3304.79}}, {"type": "Feature", "geometry": {"type": "Point", "coordinates": [380434.52, 3373267.97]}, "properties": {"cell_id": 4713, "max_wse_m": 3322.09}}, {"type": "Feature", "geometry": {"type": "Point", "coordinates": [380474.52, 3373267.97]}, "properties": {"cell_id": 4714, "max_wse_m": 3357.58}}, {"type": "Feature", "geometry": {"type": "Point", "coordinates": [380514.52, 3373267.97]}, "properties": {"cell_id": 4715, "max_wse_m": 3398.39}}, {"type": "Feature", "geometry": {"type": "Point", "coordinates": [380554.52, 3373267.97]}, "properties": {"cell_id": 4716, "max_wse_m": 3429.16}}, {"type": "Feature", "geometry": {"type": "Point", "coordinates": [380594.52, 3373267.97]}, "properties": {"cell_id": 4717, "max_wse_m": 3465.99}}, {"type": "Feature", "geometry": {"type": "Point", "coordinates": [380634.52, 3373267.97]}, "properties": {"cell_id": 4718, "max_wse_m": 3486.59}}, {"type": "Feature", "geometry": {"type": "Point", "coordinates": [380674.52, 3373267.97]}, "properties": {"cell_id": 4719, "max_wse_m": 3516.35}}, {"type": "Feature", "geometry": {"type": "Point", "coordinates": [380714.52, 3373267.97]}, "properties": {"cell_id": 4720, "max_wse_m": 3560.16}}, {"type": "Feature", "geometry": {"type": "Point", "coordinates": [380754.52, 3373267.97]}, "properties": {"cell_id": 4721, "max_wse_m": 3587.43}}, {"type": "Feature", "geometry": {"type": "Point", "coordinates": [380794.52, 3373267.97]}, "properties": {"cell_id": 4722, "max_wse_m": 3610.95}}, {"type": "Feature", "geometry": {"type": "Point", "coordinates": [380834.52, 3373267.97]}, "properties": {"cell_id": 4723, "max_wse_m": 3634.23}}, {"type": "Feature", "geometry": {"type": "Point", "coordinates": [380874.52, 3373267.97]}, "properties": {"cell_id": 4724, "max_wse_m": 3669.37}}, {"type": "Feature", "geometry": {"type": "Point", "coordinates": [380914.52, 3373267.97]}, "properties": {"cell_id": 4725, "max_wse_m": 3714.35}}, {"type": "Feature", "geometry": {"type": "Point", "coordinates": [380954.52, 3373267.97]}, "properties": {"cell_id": 4726, "max_wse_m": 3730.98}}, {"type": "Feature", "geometry": {"type": "Point", "coordinates": [380994.52, 3373267.97]}, "properties": {"cell_id": 4727, "max_wse_m": 3723.79}}, {"type": "Feature", "geometry": {"type": "Point", "coordinates": [381034.52, 3373267.97]}, "properties": {"cell_id": 4728, "max_wse_m": 3713.44}}, {"type": "Feature", "geometry": {"type": "Point", "coordinates": [381074.52, 3373267.97]}, "properties": {"cell_id": 4729, "max_wse_m": 3699.2}}, {"type": "Feature", "geometry": {"type": "Point", "coordinates": [381114.52, 3373267.97]}, "properties": {"cell_id": 4730, "max_wse_m": 3701.19}}, {"type": "Feature", "geometry": {"type": "Point", "coordinates": [381154.52, 3373267.97]}, "properties": {"cell_id": 4731, "max_wse_m": 3734.11}}, {"type": "Feature", "geometry": {"type": "Point", "coordinates": [381194.52, 3373267.97]}, "properties": {"cell_id": 4732, "max_wse_m": 3732.38}}, {"type": "Feature", "geometry": {"type": "Point", "coordinates": [381234.52, 3373267.97]}, "properties": {"cell_id": 4733, "max_wse_m": 3762.75}}, {"type": "Feature", "geometry": {"type": "Point", "coordinates": [381274.52, 3373267.97]}, "properties": {"cell_id": 4734, "max_wse_m": 3838.48}}, {"type": "Feature", "geometry": {"type": "Point", "coordinates": [381314.52, 3373267.97]}, "properties": {"cell_id": 4735, "max_wse_m": 3898.44}}, {"type": "Feature", "geometry": {"type": "Point", "coordinates": [381354.52, 3373267.97]}, "properties": {"cell_id": 4736, "max_wse_m": 3876.4}}, {"type": "Feature", "geometry": {"type": "Point", "coordinates": [381394.52, 3373267.97]}, "properties": {"cell_id": 4737, "max_wse_m": 3891.27}}, {"type": "Feature", "geometry": {"type": "Point", "coordinates": [381434.52, 3373267.97]}, "properties": {"cell_id": 4738, "max_wse_m": 3880.15}}, {"type": "Feature", "geometry": {"type": "Point", "coordinates": [381474.52, 3373267.97]}, "properties": {"cell_id": 4739, "max_wse_m": 3830.57}}, {"type": "Feature", "geometry": {"type": "Point", "coordinates": [381514.52, 3373267.97]}, "properties": {"cell_id": 4740, "max_wse_m": 3771.03}}, {"type": "Feature", "geometry": {"type": "Point", "coordinates": [381554.52, 3373267.97]}, "properties": {"cell_id": 4741, "max_wse_m": 3751.41}}, {"type": "Feature", "geometry": {"type": "Point", "coordinates": [381594.52, 3373267.97]}, "properties": {"cell_id": 4742, "max_wse_m": 3713.48}}, {"type": "Feature", "geometry": {"type": "Point", "coordinates": [381634.52, 3373267.97]}, "properties": {"cell_id": 4743, "max_wse_m": 3704.52}}, {"type": "Feature", "geometry": {"type": "Point", "coordinates": [381674.52, 3373267.97]}, "properties": {"cell_id": 4744, "max_wse_m": 3677.47}}, {"type": "Feature", "geometry": {"type": "Point", "coordinates": [381714.52, 3373267.97]}, "properties": {"cell_id": 4745, "max_wse_m": 3618.45}}, {"type": "Feature", "geometry": {"type": "Point", "coordinates": [381754.52, 3373267.97]}, "properties": {"cell_id": 4746, "max_wse_m": 3615.43}}, {"type": "Feature", "geometry": {"type": "Point", "coordinates": [381794.52, 3373267.97]}, "properties": {"cell_id": 4747, "max_wse_m": 3618.69}}, {"type": "Feature", "geometry": {"type": "Point", "coordinates": [381834.52, 3373267.97]}, "properties": {"cell_id": 4748, "max_wse_m": 3654.24}}, {"type": "Feature", "geometry": {"type": "Point", "coordinates": [381874.52, 3373267.97]}, "properties": {"cell_id": 4749, "max_wse_m": 3687.91}}, {"type": "Feature", "geometry": {"type": "Point", "coordinates": [374674.52, 3373227.97]}, "properties": {"cell_id": 4750, "max_wse_m": 1945.22}}, {"type": "Feature", "geometry": {"type": "Point", "coordinates": [374714.52, 3373227.97]}, "properties": {"cell_id": 4751, "max_wse_m": 1933.11}}, {"type": "Feature", "geometry": {"type": "Point", "coordinates": [374754.52, 3373227.97]}, "properties": {"cell_id": 4752, "max_wse_m": 1934.13}}, {"type": "Feature", "geometry": {"type": "Point", "coordinates": [374794.52, 3373227.97]}, "properties": {"cell_id": 4753, "max_wse_m": 1937.04}}, {"type": "Feature", "geometry": {"type": "Point", "coordinates": [374834.52, 3373227.97]}, "properties": {"cell_id": 4754, "max_wse_m": 1970.21}}, {"type": "Feature", "geometry": {"type": "Point", "coordinates": [374874.52, 3373227.97]}, "properties": {"cell_id": 4755, "max_wse_m": 1993.67}}, {"type": "Feature", "geometry": {"type": "Point", "coordinates": [374914.52, 3373227.97]}, "properties": {"cell_id": 4756, "max_wse_m": 2011.33}}, {"type": "Feature", "geometry": {"type": "Point", "coordinates": [374954.52, 3373227.97]}, "properties": {"cell_id": 4757, "max_wse_m": 2037.83}}, {"type": "Feature", "geometry": {"type": "Point", "coordinates": [374994.52, 3373227.97]}, "properties": {"cell_id": 4758, "max_wse_m": 2066.83}}, {"type": "Feature", "geometry": {"type": "Point", "coordinates": [375034.52, 3373227.97]}, "properties": {"cell_id": 4759, "max_wse_m": 2098.17}}, {"type": "Feature", "geometry": {"type": "Point", "coordinates": [375074.52, 3373227.97]}, "properties": {"cell_id": 4760, "max_wse_m": 2153.01}}, {"type": "Feature", "geometry": {"type": "Point", "coordinates": [375114.52, 3373227.97]}, "properties": {"cell_id": 4761, "max_wse_m": 2225.14}}, {"type": "Feature", "geometry": {"type": "Point", "coordinates": [375154.52, 3373227.97]}, "properties": {"cell_id": 4762, "max_wse_m": 2254.95}}, {"type": "Feature", "geometry": {"type": "Point", "coordinates": [375194.52, 3373227.97]}, "properties": {"cell_id": 4763, "max_wse_m": 2291.64}}, {"type": "Feature", "geometry": {"type": "Point", "coordinates": [375234.52, 3373227.97]}, "properties": {"cell_id": 4764, "max_wse_m": 2354.67}}, {"type": "Feature", "geometry": {"type": "Point", "coordinates": [375274.52, 3373227.97]}, "properties": {"cell_id": 4765, "max_wse_m": 2434.93}}, {"type": "Feature", "geometry": {"type": "Point", "coordinates": [375314.52, 3373227.97]}, "properties": {"cell_id": 4766, "max_wse_m": 2539.33}}, {"type": "Feature", "geometry": {"type": "Point", "coordinates": [375354.52, 3373227.97]}, "properties": {"cell_id": 4767, "max_wse_m": 2614.72}}, {"type": "Feature", "geometry": {"type": "Point", "coordinates": [375394.52, 3373227.97]}, "properties": {"cell_id": 4768, "max_wse_m": 2706.59}}, {"type": "Feature", "geometry": {"type": "Point", "coordinates": [378234.52, 3373227.97]}, "properties": {"cell_id": 4769, "max_wse_m": 3483.86}}, {"type": "Feature", "geometry": {"type": "Point", "coordinates": [378274.52, 3373227.97]}, "properties": {"cell_id": 4770, "max_wse_m": 3483.48}}, {"type": "Feature", "geometry": {"type": "Point", "coordinates": [378314.52, 3373227.97]}, "properties": {"cell_id": 4771, "max_wse_m": 3519.33}}, {"type": "Feature", "geometry": {"type": "Point", "coordinates": [378354.52, 3373227.97]}, "properties": {"cell_id": 4772, "max_wse_m": 3520.26}}, {"type": "Feature", "geometry": {"type": "Point", "coordinates": [378394.52, 3373227.97]}, "properties": {"cell_id": 4773, "max_wse_m": 3528.99}}, {"type": "Feature", "geometry": {"type": "Point", "coordinates": [378434.52, 3373227.97]}, "properties": {"cell_id": 4774, "max_wse_m": 3545.02}}, {"type": "Feature", "geometry": {"type": "Point", "coordinates": [378474.52, 3373227.97]}, "properties": {"cell_id": 4775, "max_wse_m": 3574.4}}, {"type": "Feature", "geometry": {"type": "Point", "coordinates": [378514.52, 3373227.97]}, "properties": {"cell_id": 4776, "max_wse_m": 3575.01}}, {"type": "Feature", "geometry": {"type": "Point", "coordinates": [378554.52, 3373227.97]}, "properties": {"cell_id": 4777, "max_wse_m": 3565.52}}, {"type": "Feature", "geometry": {"type": "Point", "coordinates": [378594.52, 3373227.97]}, "properties": {"cell_id": 4778, "max_wse_m": 3559.53}}, {"type": "Feature", "geometry": {"type": "Point", "coordinates": [378634.52, 3373227.97]}, "properties": {"cell_id": 4779, "max_wse_m": 3549.29}}, {"type": "Feature", "geometry": {"type": "Point", "coordinates": [378674.52, 3373227.97]}, "properties": {"cell_id": 4780, "max_wse_m": 3549.12}}, {"type": "Feature", "geometry": {"type": "Point", "coordinates": [378714.52, 3373227.97]}, "properties": {"cell_id": 4781, "max_wse_m": 3555.85}}, {"type": "Feature", "geometry": {"type": "Point", "coordinates": [378754.52, 3373227.97]}, "properties": {"cell_id": 4782, "max_wse_m": 3548.27}}, {"type": "Feature", "geometry": {"type": "Point", "coordinates": [378794.52, 3373227.97]}, "properties": {"cell_id": 4783, "max_wse_m": 3547.25}}, {"type": "Feature", "geometry": {"type": "Point", "coordinates": [378834.52, 3373227.97]}, "properties": {"cell_id": 4784, "max_wse_m": 3548.75}}, {"type": "Feature", "geometry": {"type": "Point", "coordinates": [378874.52, 3373227.97]}, "properties": {"cell_id": 4785, "max_wse_m": 3558.86}}, {"type": "Feature", "geometry": {"type": "Point", "coordinates": [378914.52, 3373227.97]}, "properties": {"cell_id": 4786, "max_wse_m": 3564.78}}, {"type": "Feature", "geometry": {"type": "Point", "coordinates": [378954.52, 3373227.97]}, "properties": {"cell_id": 4787, "max_wse_m": 3569.84}}, {"type": "Feature", "geometry": {"type": "Point", "coordinates": [378994.52, 3373227.97]}, "properties": {"cell_id": 4788, "max_wse_m": 3577.65}}, {"type": "Feature", "geometry": {"type": "Point", "coordinates": [379034.52, 3373227.97]}, "properties": {"cell_id": 4789, "max_wse_m": 3613.28}}, {"type": "Feature", "geometry": {"type": "Point", "coordinates": [379074.52, 3373227.97]}, "properties": {"cell_id": 4790, "max_wse_m": 3636.63}}, {"type": "Feature", "geometry": {"type": "Point", "coordinates": [379114.52, 3373227.97]}, "properties": {"cell_id": 4791, "max_wse_m": 3638.45}}, {"type": "Feature", "geometry": {"type": "Point", "coordinates": [379154.52, 3373227.97]}, "properties": {"cell_id": 4792, "max_wse_m": 3643.35}}, {"type": "Feature", "geometry": {"type": "Point", "coordinates": [379194.52, 3373227.97]}, "properties": {"cell_id": 4793, "max_wse_m": 3669.31}}, {"type": "Feature", "geometry": {"type": "Point", "coordinates": [379234.52, 3373227.97]}, "properties": {"cell_id": 4794, "max_wse_m": 3689.29}}, {"type": "Feature", "geometry": {"type": "Point", "coordinates": [379274.52, 3373227.97]}, "properties": {"cell_id": 4795, "max_wse_m": 3715.54}}, {"type": "Feature", "geometry": {"type": "Point", "coordinates": [379314.52, 3373227.97]}, "properties": {"cell_id": 4796, "max_wse_m": 3726.38}}, {"type": "Feature", "geometry": {"type": "Point", "coordinates": [379354.52, 3373227.97]}, "properties": {"cell_id": 4797, "max_wse_m": 3709.42}}, {"type": "Feature", "geometry": {"type": "Point", "coordinates": [379394.52, 3373227.97]}, "properties": {"cell_id": 4798, "max_wse_m": 3696.04}}, {"type": "Feature", "geometry": {"type": "Point", "coordinates": [379434.52, 3373227.97]}, "properties": {"cell_id": 4799, "max_wse_m": 3671.69}}, {"type": "Feature", "geometry": {"type": "Point", "coordinates": [379474.52, 3373227.97]}, "properties": {"cell_id": 4800, "max_wse_m": 3637.09}}, {"type": "Feature", "geometry": {"type": "Point", "coordinates": [379514.52, 3373227.97]}, "properties": {"cell_id": 4801, "max_wse_m": 3615.22}}, {"type": "Feature", "geometry": {"type": "Point", "coordinates": [379554.52, 3373227.97]}, "properties": {"cell_id": 4802, "max_wse_m": 3603.03}}, {"type": "Feature", "geometry": {"type": "Point", "coordinates": [379594.52, 3373227.97]}, "properties": {"cell_id": 4803, "max_wse_m": 3582.35}}, {"type": "Feature", "geometry": {"type": "Point", "coordinates": [379634.52, 3373227.97]}, "properties": {"cell_id": 4804, "max_wse_m": 3573.17}}, {"type": "Feature", "geometry": {"type": "Point", "coordinates": [379674.52, 3373227.97]}, "properties": {"cell_id": 4805, "max_wse_m": 3568.87}}, {"type": "Feature", "geometry": {"type": "Point", "coordinates": [379714.52, 3373227.97]}, "properties": {"cell_id": 4806, "max_wse_m": 3588.71}}, {"type": "Feature", "geometry": {"type": "Point", "coordinates": [379754.52, 3373227.97]}, "properties": {"cell_id": 4807, "max_wse_m": 3591.53}}, {"type": "Feature", "geometry": {"type": "Point", "coordinates": [379794.52, 3373227.97]}, "properties": {"cell_id": 4808, "max_wse_m": 3566.88}}, {"type": "Feature", "geometry": {"type": "Point", "coordinates": [379834.52, 3373227.97]}, "properties": {"cell_id": 4809, "max_wse_m": 3539.6}}, {"type": "Feature", "geometry": {"type": "Point", "coordinates": [379874.52, 3373227.97]}, "properties": {"cell_id": 4810, "max_wse_m": 3513.54}}, {"type": "Feature", "geometry": {"type": "Point", "coordinates": [379914.52, 3373227.97]}, "properties": {"cell_id": 4811, "max_wse_m": 3494.86}}, {"type": "Feature", "geometry": {"type": "Point", "coordinates": [379954.52, 3373227.97]}, "properties": {"cell_id": 4812, "max_wse_m": 3490.73}}, {"type": "Feature", "geometry": {"type": "Point", "coordinates": [379994.52, 3373227.97]}, "properties": {"cell_id": 4813, "max_wse_m": 3470.38}}, {"type": "Feature", "geometry": {"type": "Point", "coordinates": [380034.52, 3373227.97]}, "properties": {"cell_id": 4814, "max_wse_m": 3443.92}}, {"type": "Feature", "geometry": {"type": "Point", "coordinates": [380074.52, 3373227.97]}, "properties": {"cell_id": 4815, "max_wse_m": 3411.18}}, {"type": "Feature", "geometry": {"type": "Point", "coordinates": [380114.52, 3373227.97]}, "properties": {"cell_id": 4816, "max_wse_m": 3378.34}}, {"type": "Feature", "geometry": {"type": "Point", "coordinates": [380154.52, 3373227.97]}, "properties": {"cell_id": 4817, "max_wse_m": 3345.15}}, {"type": "Feature", "geometry": {"type": "Point", "coordinates": [380194.52, 3373227.97]}, "properties": {"cell_id": 4818, "max_wse_m": 3321.66}}, {"type": "Feature", "geometry": {"type": "Point", "coordinates": [380234.52, 3373227.97]}, "properties": {"cell_id": 4819, "max_wse_m": 3319.43}}, {"type": "Feature", "geometry": {"type": "Point", "coordinates": [380274.52, 3373227.97]}, "properties": {"cell_id": 4820, "max_wse_m": 3303.49}}, {"type": "Feature", "geometry": {"type": "Point", "coordinates": [380314.52, 3373227.97]}, "properties": {"cell_id": 4821, "max_wse_m": 3277.78}}, {"type": "Feature", "geometry": {"type": "Point", "coordinates": [380354.52, 3373227.97]}, "properties": {"cell_id": 4822, "max_wse_m": 3274.0}}, {"type": "Feature", "geometry": {"type": "Point", "coordinates": [380394.52, 3373227.97]}, "properties": {"cell_id": 4823, "max_wse_m": 3279.08}}, {"type": "Feature", "geometry": {"type": "Point", "coordinates": [380434.52, 3373227.97]}, "properties": {"cell_id": 4824, "max_wse_m": 3304.38}}, {"type": "Feature", "geometry": {"type": "Point", "coordinates": [380474.52, 3373227.97]}, "properties": {"cell_id": 4825, "max_wse_m": 3336.63}}, {"type": "Feature", "geometry": {"type": "Point", "coordinates": [380514.52, 3373227.97]}, "properties": {"cell_id": 4826, "max_wse_m": 3384.87}}, {"type": "Feature", "geometry": {"type": "Point", "coordinates": [380554.52, 3373227.97]}, "properties": {"cell_id": 4827, "max_wse_m": 3453.27}}, {"type": "Feature", "geometry": {"type": "Point", "coordinates": [380594.52, 3373227.97]}, "properties": {"cell_id": 4828, "max_wse_m": 3517.11}}, {"type": "Feature", "geometry": {"type": "Point", "coordinates": [380634.52, 3373227.97]}, "properties": {"cell_id": 4829, "max_wse_m": 3546.03}}, {"type": "Feature", "geometry": {"type": "Point", "coordinates": [380674.52, 3373227.97]}, "properties": {"cell_id": 4830, "max_wse_m": 3558.96}}, {"type": "Feature", "geometry": {"type": "Point", "coordinates": [380714.52, 3373227.97]}, "properties": {"cell_id": 4831, "max_wse_m": 3589.26}}, {"type": "Feature", "geometry": {"type": "Point", "coordinates": [380754.52, 3373227.97]}, "properties": {"cell_id": 4832, "max_wse_m": 3613.55}}, {"type": "Feature", "geometry": {"type": "Point", "coordinates": [380794.52, 3373227.97]}, "properties": {"cell_id": 4833, "max_wse_m": 3626.45}}, {"type": "Feature", "geometry": {"type": "Point", "coordinates": [380834.52, 3373227.97]}, "properties": {"cell_id": 4834, "max_wse_m": 3663.72}}, {"type": "Feature", "geometry": {"type": "Point", "coordinates": [380874.52, 3373227.97]}, "properties": {"cell_id": 4835, "max_wse_m": 3684.56}}, {"type": "Feature", "geometry": {"type": "Point", "coordinates": [380914.52, 3373227.97]}, "properties": {"cell_id": 4836, "max_wse_m": 3709.69}}, {"type": "Feature", "geometry": {"type": "Point", "coordinates": [380954.52, 3373227.97]}, "properties": {"cell_id": 4837, "max_wse_m": 3698.57}}, {"type": "Feature", "geometry": {"type": "Point", "coordinates": [380994.52, 3373227.97]}, "properties": {"cell_id": 4838, "max_wse_m": 3695.56}}, {"type": "Feature", "geometry": {"type": "Point", "coordinates": [381034.52, 3373227.97]}, "properties": {"cell_id": 4839, "max_wse_m": 3673.16}}, {"type": "Feature", "geometry": {"type": "Point", "coordinates": [381074.52, 3373227.97]}, "properties": {"cell_id": 4840, "max_wse_m": 3670.3}}, {"type": "Feature", "geometry": {"type": "Point", "coordinates": [381114.52, 3373227.97]}, "properties": {"cell_id": 4841, "max_wse_m": 3671.74}}, {"type": "Feature", "geometry": {"type": "Point", "coordinates": [381154.52, 3373227.97]}, "properties": {"cell_id": 4842, "max_wse_m": 3696.77}}, {"type": "Feature", "geometry": {"type": "Point", "coordinates": [381194.52, 3373227.97]}, "properties": {"cell_id": 4843, "max_wse_m": 3721.77}}, {"type": "Feature", "geometry": {"type": "Point", "coordinates": [381234.52, 3373227.97]}, "properties": {"cell_id": 4844, "max_wse_m": 3778.64}}, {"type": "Feature", "geometry": {"type": "Point", "coordinates": [381274.52, 3373227.97]}, "properties": {"cell_id": 4845, "max_wse_m": 3847.68}}, {"type": "Feature", "geometry": {"type": "Point", "coordinates": [381314.52, 3373227.97]}, "properties": {"cell_id": 4846, "max_wse_m": 3733.61}}, {"type": "Feature", "geometry": {"type": "Point", "coordinates": [381354.52, 3373227.97]}, "properties": {"cell_id": 4847, "max_wse_m": 3690.35}}, {"type": "Feature", "geometry": {"type": "Point", "coordinates": [381394.52, 3373227.97]}, "properties": {"cell_id": 4848, "max_wse_m": 3859.14}}, {"type": "Feature", "geometry": {"type": "Point", "coordinates": [381434.52, 3373227.97]}, "properties": {"cell_id": 4849, "max_wse_m": 3833.96}}, {"type": "Feature", "geometry": {"type": "Point", "coordinates": [381474.52, 3373227.97]}, "properties": {"cell_id": 4850, "max_wse_m": 3762.46}}, {"type": "Feature", "geometry": {"type": "Point", "coordinates": [381514.52, 3373227.97]}, "properties": {"cell_id": 4851, "max_wse_m": 3717.36}}, {"type": "Feature", "geometry": {"type": "Point", "coordinates": [381554.52, 3373227.97]}, "properties": {"cell_id": 4852, "max_wse_m": 3686.04}}, {"type": "Feature", "geometry": {"type": "Point", "coordinates": [381594.52, 3373227.97]}, "properties": {"cell_id": 4853, "max_wse_m": 3662.49}}, {"type": "Feature", "geometry": {"type": "Point", "coordinates": [381634.52, 3373227.97]}, "properties": {"cell_id": 4854, "max_wse_m": 3641.77}}, {"type": "Feature", "geometry": {"type": "Point", "coordinates": [381674.52, 3373227.97]}, "properties": {"cell_id": 4855, "max_wse_m": 3605.74}}, {"type": "Feature", "geometry": {"type": "Point", "coordinates": [381714.52, 3373227.97]}, "properties": {"cell_id": 4856, "max_wse_m": 3583.51}}, {"type": "Feature", "geometry": {"type": "Point", "coordinates": [381754.52, 3373227.97]}, "properties": {"cell_id": 4857, "max_wse_m": 3584.16}}, {"type": "Feature", "geometry": {"type": "Point", "coordinates": [381794.52, 3373227.97]}, "properties": {"cell_id": 4858, "max_wse_m": 3600.67}}, {"type": "Feature", "geometry": {"type": "Point", "coordinates": [381834.52, 3373227.97]}, "properties": {"cell_id": 4859, "max_wse_m": 3649.7}}, {"type": "Feature", "geometry": {"type": "Point", "coordinates": [374714.52, 3373187.97]}, "properties": {"cell_id": 4860, "max_wse_m": 1943.65}}, {"type": "Feature", "geometry": {"type": "Point", "coordinates": [374754.52, 3373187.97]}, "properties": {"cell_id": 4861, "max_wse_m": 1935.55}}, {"type": "Feature", "geometry": {"type": "Point", "coordinates": [374794.52, 3373187.97]}, "properties": {"cell_id": 4862, "max_wse_m": 1935.92}}, {"type": "Feature", "geometry": {"type": "Point", "coordinates": [374834.52, 3373187.97]}, "properties": {"cell_id": 4863, "max_wse_m": 1946.72}}, {"type": "Feature", "geometry": {"type": "Point", "coordinates": [374874.52, 3373187.97]}, "properties": {"cell_id": 4864, "max_wse_m": 1967.1}}, {"type": "Feature", "geometry": {"type": "Point", "coordinates": [374914.52, 3373187.97]}, "properties": {"cell_id": 4865, "max_wse_m": 1994.36}}, {"type": "Feature", "geometry": {"type": "Point", "coordinates": [374954.52, 3373187.97]}, "properties": {"cell_id": 4866, "max_wse_m": 2012.62}}, {"type": "Feature", "geometry": {"type": "Point", "coordinates": [374994.52, 3373187.97]}, "properties": {"cell_id": 4867, "max_wse_m": 2047.06}}, {"type": "Feature", "geometry": {"type": "Point", "coordinates": [375034.52, 3373187.97]}, "properties": {"cell_id": 4868, "max_wse_m": 2091.46}}, {"type": "Feature", "geometry": {"type": "Point", "coordinates": [375074.52, 3373187.97]}, "properties": {"cell_id": 4869, "max_wse_m": 2148.75}}, {"type": "Feature", "geometry": {"type": "Point", "coordinates": [375114.52, 3373187.97]}, "properties": {"cell_id": 4870, "max_wse_m": 2214.38}}, {"type": "Feature", "geometry": {"type": "Point", "coordinates": [375154.52, 3373187.97]}, "properties": {"cell_id": 4871, "max_wse_m": 2258.74}}, {"type": "Feature", "geometry": {"type": "Point", "coordinates": [375194.52, 3373187.97]}, "properties": {"cell_id": 4872, "max_wse_m": 2295.27}}, {"type": "Feature", "geometry": {"type": "Point", "coordinates": [375234.52, 3373187.97]}, "properties": {"cell_id": 4873, "max_wse_m": 2327.04}}, {"type": "Feature", "geometry": {"type": "Point", "coordinates": [375274.52, 3373187.97]}, "properties": {"cell_id": 4874, "max_wse_m": 2366.2}}, {"type": "Feature", "geometry": {"type": "Point", "coordinates": [375314.52, 3373187.97]}, "properties": {"cell_id": 4875, "max_wse_m": 2436.07}}, {"type": "Feature", "geometry": {"type": "Point", "coordinates": [375354.52, 3373187.97]}, "properties": {"cell_id": 4876, "max_wse_m": 2544.94}}, {"type": "Feature", "geometry": {"type": "Point", "coordinates": [375394.52, 3373187.97]}, "properties": {"cell_id": 4877, "max_wse_m": 2626.05}}, {"type": "Feature", "geometry": {"type": "Point", "coordinates": [378194.52, 3373187.97]}, "properties": {"cell_id": 4878, "max_wse_m": 3493.6}}, {"type": "Feature", "geometry": {"type": "Point", "coordinates": [378234.52, 3373187.97]}, "properties": {"cell_id": 4879, "max_wse_m": 3503.15}}, {"type": "Feature", "geometry": {"type": "Point", "coordinates": [378274.52, 3373187.97]}, "properties": {"cell_id": 4880, "max_wse_m": 3525.92}}, {"type": "Feature", "geometry": {"type": "Point", "coordinates": [378314.52, 3373187.97]}, "properties": {"cell_id": 4881, "max_wse_m": 3546.77}}, {"type": "Feature", "geometry": {"type": "Point", "coordinates": [378354.52, 3373187.97]}, "properties": {"cell_id": 4882, "max_wse_m": 3551.14}}, {"type": "Feature", "geometry": {"type": "Point", "coordinates": [378394.52, 3373187.97]}, "properties": {"cell_id": 4883, "max_wse_m": 3553.56}}, {"type": "Feature", "geometry": {"type": "Point", "coordinates": [378434.52, 3373187.97]}, "properties": {"cell_id": 4884, "max_wse_m": 3572.86}}, {"type": "Feature", "geometry": {"type": "Point", "coordinates": [378474.52, 3373187.97]}, "properties": {"cell_id": 4885, "max_wse_m": 3600.1}}, {"type": "Feature", "geometry": {"type": "Point", "coordinates": [378514.52, 3373187.97]}, "properties": {"cell_id": 4886, "max_wse_m": 3596.78}}, {"type": "Feature", "geometry": {"type": "Point", "coordinates": [378554.52, 3373187.97]}, "properties": {"cell_id": 4887, "max_wse_m": 3590.62}}, {"type": "Feature", "geometry": {"type": "Point", "coordinates": [378594.52, 3373187.97]}, "properties": {"cell_id": 4888, "max_wse_m": 3575.04}}, {"type": "Feature", "geometry": {"type": "Point", "coordinates": [378634.52, 3373187.97]}, "properties": {"cell_id": 4889, "max_wse_m": 3575.09}}, {"type": "Feature", "geometry": {"type": "Point", "coordinates": [378674.52, 3373187.97]}, "properties": {"cell_id": 4890, "max_wse_m": 3579.37}}, {"type": "Feature", "geometry": {"type": "Point", "coordinates": [378714.52, 3373187.97]}, "properties": {"cell_id": 4891, "max_wse_m": 3581.9}}, {"type": "Feature", "geometry": {"type": "Point", "coordinates": [378754.52, 3373187.97]}, "properties": {"cell_id": 4892, "max_wse_m": 3579.66}}, {"type": "Feature", "geometry": {"type": "Point", "coordinates": [378794.52, 3373187.97]}, "properties": {"cell_id": 4893, "max_wse_m": 3579.62}}, {"type": "Feature", "geometry": {"type": "Point", "coordinates": [378834.52, 3373187.97]}, "properties": {"cell_id": 4894, "max_wse_m": 3575.99}}, {"type": "Feature", "geometry": {"type": "Point", "coordinates": [378874.52, 3373187.97]}, "properties": {"cell_id": 4895, "max_wse_m": 3580.43}}, {"type": "Feature", "geometry": {"type": "Point", "coordinates": [378914.52, 3373187.97]}, "properties": {"cell_id": 4896, "max_wse_m": 3593.56}}, {"type": "Feature", "geometry": {"type": "Point", "coordinates": [378954.52, 3373187.97]}, "properties": {"cell_id": 4897, "max_wse_m": 3612.84}}, {"type": "Feature", "geometry": {"type": "Point", "coordinates": [378994.52, 3373187.97]}, "properties": {"cell_id": 4898, "max_wse_m": 3623.8}}, {"type": "Feature", "geometry": {"type": "Point", "coordinates": [379034.52, 3373187.97]}, "properties": {"cell_id": 4899, "max_wse_m": 3649.57}}, {"type": "Feature", "geometry": {"type": "Point", "coordinates": [379074.52, 3373187.97]}, "properties": {"cell_id": 4900, "max_wse_m": 3676.72}}, {"type": "Feature", "geometry": {"type": "Point", "coordinates": [379114.52, 3373187.97]}, "properties": {"cell_id": 4901, "max_wse_m": 3670.29}}, {"type": "Feature", "geometry": {"type": "Point", "coordinates": [379154.52, 3373187.97]}, "properties": {"cell_id": 4902, "max_wse_m": 3671.89}}, {"type": "Feature", "geometry": {"type": "Point", "coordinates": [379194.52, 3373187.97]}, "properties": {"cell_id": 4903, "max_wse_m": 3688.06}}, {"type": "Feature", "geometry": {"type": "Point", "coordinates": [379234.52, 3373187.97]}, "properties": {"cell_id": 4904, "max_wse_m": 3708.81}}, {"type": "Feature", "geometry": {"type": "Point", "coordinates": [379274.52, 3373187.97]}, "properties": {"cell_id": 4905, "max_wse_m": 3725.83}}, {"type": "Feature", "geometry": {"type": "Point", "coordinates": [379314.52, 3373187.97]}, "properties": {"cell_id": 4906, "max_wse_m": 3705.72}}, {"type": "Feature", "geometry": {"type": "Point", "coordinates": [379354.52, 3373187.97]}, "properties": {"cell_id": 4907, "max_wse_m": 3684.18}}, {"type": "Feature", "geometry": {"type": "Point", "coordinates": [379394.52, 3373187.97]}, "properties": {"cell_id": 4908, "max_wse_m": 3667.51}}, {"type": "Feature", "geometry": {"type": "Point", "coordinates": [379434.52, 3373187.97]}, "properties": {"cell_id": 4909, "max_wse_m": 3639.44}}, {"type": "Feature", "geometry": {"type": "Point", "coordinates": [379474.52, 3373187.97]}, "properties": {"cell_id": 4910, "max_wse_m": 3610.83}}, {"type": "Feature", "geometry": {"type": "Point", "coordinates": [379514.52, 3373187.97]}, "properties": {"cell_id": 4911, "max_wse_m": 3586.43}}, {"type": "Feature", "geometry": {"type": "Point", "coordinates": [379554.52, 3373187.97]}, "properties": {"cell_id": 4912, "max_wse_m": 3573.57}}, {"type": "Feature", "geometry": {"type": "Point", "coordinates": [379594.52, 3373187.97]}, "properties": {"cell_id": 4913, "max_wse_m": 3561.06}}, {"type": "Feature", "geometry": {"type": "Point", "coordinates": [379634.52, 3373187.97]}, "properties": {"cell_id": 4914, "max_wse_m": 3539.15}}, {"type": "Feature", "geometry": {"type": "Point", "coordinates": [379674.52, 3373187.97]}, "properties": {"cell_id": 4915, "max_wse_m": 3538.9}}, {"type": "Feature", "geometry": {"type": "Point", "coordinates": [379714.52, 3373187.97]}, "properties": {"cell_id": 4916, "max_wse_m": 3555.2}}, {"type": "Feature", "geometry": {"type": "Point", "coordinates": [379754.52, 3373187.97]}, "properties": {"cell_id": 4917, "max_wse_m": 3562.64}}, {"type": "Feature", "geometry": {"type": "Point", "coordinates": [379794.52, 3373187.97]}, "properties": {"cell_id": 4918, "max_wse_m": 3549.44}}, {"type": "Feature", "geometry": {"type": "Point", "coordinates": [379834.52, 3373187.97]}, "properties": {"cell_id": 4919, "max_wse_m": 3518.0}}, {"type": "Feature", "geometry": {"type": "Point", "coordinates": [379874.52, 3373187.97]}, "properties": {"cell_id": 4920, "max_wse_m": 3480.71}}, {"type": "Feature", "geometry": {"type": "Point", "coordinates": [379914.52, 3373187.97]}, "properties": {"cell_id": 4921, "max_wse_m": 3452.01}}, {"type": "Feature", "geometry": {"type": "Point", "coordinates": [379954.52, 3373187.97]}, "properties": {"cell_id": 4922, "max_wse_m": 3443.34}}, {"type": "Feature", "geometry": {"type": "Point", "coordinates": [379994.52, 3373187.97]}, "properties": {"cell_id": 4923, "max_wse_m": 3423.32}}, {"type": "Feature", "geometry": {"type": "Point", "coordinates": [380034.52, 3373187.97]}, "properties": {"cell_id": 4924, "max_wse_m": 3387.32}}, {"type": "Feature", "geometry": {"type": "Point", "coordinates": [380074.52, 3373187.97]}, "properties": {"cell_id": 4925, "max_wse_m": 3362.14}}, {"type": "Feature", "geometry": {"type": "Point", "coordinates": [380114.52, 3373187.97]}, "properties": {"cell_id": 4926, "max_wse_m": 3328.93}}, {"type": "Feature", "geometry": {"type": "Point", "coordinates": [380154.52, 3373187.97]}, "properties": {"cell_id": 4927, "max_wse_m": 3295.29}}, {"type": "Feature", "geometry": {"type": "Point", "coordinates": [380194.52, 3373187.97]}, "properties": {"cell_id": 4928, "max_wse_m": 3268.77}}, {"type": "Feature", "geometry": {"type": "Point", "coordinates": [380234.52, 3373187.97]}, "properties": {"cell_id": 4929, "max_wse_m": 3251.77}}, {"type": "Feature", "geometry": {"type": "Point", "coordinates": [380274.52, 3373187.97]}, "properties": {"cell_id": 4930, "max_wse_m": 3245.49}}, {"type": "Feature", "geometry": {"type": "Point", "coordinates": [380314.52, 3373187.97]}, "properties": {"cell_id": 4931, "max_wse_m": 3244.79}}, {"type": "Feature", "geometry": {"type": "Point", "coordinates": [380354.52, 3373187.97]}, "properties": {"cell_id": 4932, "max_wse_m": 3244.95}}, {"type": "Feature", "geometry": {"type": "Point", "coordinates": [380394.52, 3373187.97]}, "properties": {"cell_id": 4933, "max_wse_m": 3273.69}}, {"type": "Feature", "geometry": {"type": "Point", "coordinates": [380434.52, 3373187.97]}, "properties": {"cell_id": 4934, "max_wse_m": 3284.38}}, {"type": "Feature", "geometry": {"type": "Point", "coordinates": [380474.52, 3373187.97]}, "properties": {"cell_id": 4935, "max_wse_m": 3303.81}}, {"type": "Feature", "geometry": {"type": "Point", "coordinates": [380514.52, 3373187.97]}, "properties": {"cell_id": 4936, "max_wse_m": 3348.41}}, {"type": "Feature", "geometry": {"type": "Point", "coordinates": [380554.52, 3373187.97]}, "properties": {"cell_id": 4937, "max_wse_m": 3405.86}}, {"type": "Feature", "geometry": {"type": "Point", "coordinates": [380594.52, 3373187.97]}, "properties": {"cell_id": 4938, "max_wse_m": 3496.06}}, {"type": "Feature", "geometry": {"type": "Point", "coordinates": [380634.52, 3373187.97]}, "properties": {"cell_id": 4939, "max_wse_m": 3568.2}}, {"type": "Feature", "geometry": {"type": "Point", "coordinates": [380674.52, 3373187.97]}, "properties": {"cell_id": 4940, "max_wse_m": 3550.84}}, {"type": "Feature", "geometry": {"type": "Point", "coordinates": [380714.52, 3373187.97]}, "properties": {"cell_id": 4941, "max_wse_m": 3551.48}}, {"type": "Feature", "geometry": {"type": "Point", "coordinates": [380754.52, 3373187.97]}, "properties": {"cell_id": 4942, "max_wse_m": 3588.15}}, {"type": "Feature", "geometry": {"type": "Point", "coordinates": [380794.52, 3373187.97]}, "properties": {"cell_id": 4943, "max_wse_m": 3592.52}}, {"type": "Feature", "geometry": {"type": "Point", "coordinates": [380834.52, 3373187.97]}, "properties": {"cell_id": 4944, "max_wse_m": 3715.53}}, {"type": "Feature", "geometry": {"type": "Point", "coordinates": [380874.52, 3373187.97]}, "properties": {"cell_id": 4945, "max_wse_m": 3715.13}}, {"type": "Feature", "geometry": {"type": "Point", "coordinates": [380914.52, 3373187.97]}, "properties": {"cell_id": 4946, "max_wse_m": 3676.17}}, {"type": "Feature", "geometry": {"type": "Point", "coordinates": [380954.52, 3373187.97]}, "properties": {"cell_id": 4947, "max_wse_m": 3655.67}}, {"type": "Feature", "geometry": {"type": "Point", "coordinates": [380994.52, 3373187.97]}, "properties": {"cell_id": 4948, "max_wse_m": 3655.27}}, {"type": "Feature", "geometry": {"type": "Point", "coordinates": [381034.52, 3373187.97]}, "properties": {"cell_id": 4949, "max_wse_m": 3646.25}}, {"type": "Feature", "geometry": {"type": "Point", "coordinates": [381074.52, 3373187.97]}, "properties": {"cell_id": 4950, "max_wse_m": 3639.74}}, {"type": "Feature", "geometry": {"type": "Point", "coordinates": [381114.52, 3373187.97]}, "properties": {"cell_id": 4951, "max_wse_m": 3648.4}}, {"type": "Feature", "geometry": {"type": "Point", "coordinates": [381154.52, 3373187.97]}, "properties": {"cell_id": 4952, "max_wse_m": 3667.33}}, {"type": "Feature", "geometry": {"type": "Point", "coordinates": [381194.52, 3373187.97]}, "properties": {"cell_id": 4953, "max_wse_m": 3717.36}}, {"type": "Feature", "geometry": {"type": "Point", "coordinates": [381234.52, 3373187.97]}, "properties": {"cell_id": 4954, "max_wse_m": 3778.87}}, {"type": "Feature", "geometry": {"type": "Point", "coordinates": [381274.52, 3373187.97]}, "properties": {"cell_id": 4955, "max_wse_m": 3813.98}}, {"type": "Feature", "geometry": {"type": "Point", "coordinates": [381314.52, 3373187.97]}, "properties": {"cell_id": 4956, "max_wse_m": 3750.56}}, {"type": "Feature", "geometry": {"type": "Point", "coordinates": [381354.52, 3373187.97]}, "properties": {"cell_id": 4957, "max_wse_m": 3674.16}}, {"type": "Feature", "geometry": {"type": "Point", "coordinates": [381394.52, 3373187.97]}, "properties": {"cell_id": 4958, "max_wse_m": 3832.12}}, {"type": "Feature", "geometry": {"type": "Point", "coordinates": [381434.52, 3373187.97]}, "properties": {"cell_id": 4959, "max_wse_m": 3757.05}}, {"type": "Feature", "geometry": {"type": "Point", "coordinates": [381474.52, 3373187.97]}, "properties": {"cell_id": 4960, "max_wse_m": 3717.01}}, {"type": "Feature", "geometry": {"type": "Point", "coordinates": [381514.52, 3373187.97]}, "properties": {"cell_id": 4961, "max_wse_m": 3678.05}}, {"type": "Feature", "geometry": {"type": "Point", "coordinates": [381554.52, 3373187.97]}, "properties": {"cell_id": 4962, "max_wse_m": 3646.01}}, {"type": "Feature", "geometry": {"type": "Point", "coordinates": [381594.52, 3373187.97]}, "properties": {"cell_id": 4963, "max_wse_m": 3614.94}}, {"type": "Feature", "geometry": {"type": "Point", "coordinates": [381634.52, 3373187.97]}, "properties": {"cell_id": 4964, "max_wse_m": 3596.48}}, {"type": "Feature", "geometry": {"type": "Point", "coordinates": [381674.52, 3373187.97]}, "properties": {"cell_id": 4965, "max_wse_m": 3580.0}}, {"type": "Feature", "geometry": {"type": "Point", "coordinates": [381714.52, 3373187.97]}, "properties": {"cell_id": 4966, "max_wse_m": 3567.1}}, {"type": "Feature", "geometry": {"type": "Point", "coordinates": [381754.52, 3373187.97]}, "properties": {"cell_id": 4967, "max_wse_m": 3568.74}}, {"type": "Feature", "geometry": {"type": "Point", "coordinates": [381794.52, 3373187.97]}, "properties": {"cell_id": 4968, "max_wse_m": 3597.14}}, {"type": "Feature", "geometry": {"type": "Point", "coordinates": [374714.52, 3373147.97]}, "properties": {"cell_id": 4969, "max_wse_m": 1951.29}}, {"type": "Feature", "geometry": {"type": "Point", "coordinates": [374754.52, 3373147.97]}, "properties": {"cell_id": 4970, "max_wse_m": 1942.61}}, {"type": "Feature", "geometry": {"type": "Point", "coordinates": [374794.52, 3373147.97]}, "properties": {"cell_id": 4971, "max_wse_m": 1938.24}}, {"type": "Feature", "geometry": {"type": "Point", "coordinates": [374834.52, 3373147.97]}, "properties": {"cell_id": 4972, "max_wse_m": 1940.51}}, {"type": "Feature", "geometry": {"type": "Point", "coordinates": [374874.52, 3373147.97]}, "properties": {"cell_id": 4973, "max_wse_m": 1950.39}}, {"type": "Feature", "geometry": {"type": "Point", "coordinates": [374914.52, 3373147.97]}, "properties": {"cell_id": 4974, "max_wse_m": 1976.08}}, {"type": "Feature", "geometry": {"type": "Point", "coordinates": [374954.52, 3373147.97]}, "properties": {"cell_id": 4975, "max_wse_m": 2000.49}}, {"type": "Feature", "geometry": {"type": "Point", "coordinates": [374994.52, 3373147.97]}, "properties": {"cell_id": 4976, "max_wse_m": 2037.47}}, {"type": "Feature", "geometry": {"type": "Point", "coordinates": [375034.52, 3373147.97]}, "properties": {"cell_id": 4977, "max_wse_m": 2094.81}}, {"type": "Feature", "geometry": {"type": "Point", "coordinates": [375074.52, 3373147.97]}, "properties": {"cell_id": 4978, "max_wse_m": 2131.75}}, {"type": "Feature", "geometry": {"type": "Point", "coordinates": [375114.52, 3373147.97]}, "properties": {"cell_id": 4979, "max_wse_m": 2159.23}}, {"type": "Feature", "geometry": {"type": "Point", "coordinates": [375154.52, 3373147.97]}, "properties": {"cell_id": 4980, "max_wse_m": 2238.37}}, {"type": "Feature", "geometry": {"type": "Point", "coordinates": [375194.52, 3373147.97]}, "properties": {"cell_id": 4981, "max_wse_m": 2283.12}}, {"type": "Feature", "geometry": {"type": "Point", "coordinates": [375234.52, 3373147.97]}, "properties": {"cell_id": 4982, "max_wse_m": 2311.1}}, {"type": "Feature", "geometry": {"type": "Point", "coordinates": [375274.52, 3373147.97]}, "properties": {"cell_id": 4983, "max_wse_m": 2335.77}}, {"type": "Feature", "geometry": {"type": "Point", "coordinates": [375314.52, 3373147.97]}, "properties": {"cell_id": 4984, "max_wse_m": 2364.91}}, {"type": "Feature", "geometry": {"type": "Point", "coordinates": [375354.52, 3373147.97]}, "properties": {"cell_id": 4985, "max_wse_m": 2456.81}}, {"type": "Feature", "geometry": {"type": "Point", "coordinates": [375394.52, 3373147.97]}, "properties": {"cell_id": 4986, "max_wse_m": 2560.58}}, {"type": "Feature", "geometry": {"type": "Point", "coordinates": [375434.52, 3373147.97]}, "properties": {"cell_id": 4987, "max_wse_m": 2625.01}}, {"type": "Feature", "geometry": {"type": "Point", "coordinates": [378154.52, 3373147.97]}, "properties": {"cell_id": 4988, "max_wse_m": 3531.51}}, {"type": "Feature", "geometry": {"type": "Point", "coordinates": [378194.52, 3373147.97]}, "properties": {"cell_id": 4989, "max_wse_m": 3532.03}}, {"type": "Feature", "geometry": {"type": "Point", "coordinates": [378234.52, 3373147.97]}, "properties": {"cell_id": 4990, "max_wse_m": 3534.43}}, {"type": "Feature", "geometry": {"type": "Point", "coordinates": [378274.52, 3373147.97]}, "properties": {"cell_id": 4991, "max_wse_m": 3554.54}}, {"type": "Feature", "geometry": {"type": "Point", "coordinates": [378314.52, 3373147.97]}, "properties": {"cell_id": 4992, "max_wse_m": 3580.25}}, {"type": "Feature", "geometry": {"type": "Point", "coordinates": [378354.52, 3373147.97]}, "properties": {"cell_id": 4993, "max_wse_m": 3581.15}}, {"type": "Feature", "geometry": {"type": "Point", "coordinates": [378394.52, 3373147.97]}, "properties": {"cell_id": 4994, "max_wse_m": 3582.44}}, {"type": "Feature", "geometry": {"type": "Point", "coordinates": [378434.52, 3373147.97]}, "properties": {"cell_id": 4995, "max_wse_m": 3606.6}}, {"type": "Feature", "geometry": {"type": "Point", "coordinates": [378474.52, 3373147.97]}, "properties": {"cell_id": 4996, "max_wse_m": 3614.97}}, {"type": "Feature", "geometry": {"type": "Point", "coordinates": [378514.52, 3373147.97]}, "properties": {"cell_id": 4997, "max_wse_m": 3619.96}}, {"type": "Feature", "geometry": {"type": "Point", "coordinates": [378554.52, 3373147.97]}, "properties": {"cell_id": 4998, "max_wse_m": 3613.36}}, {"type": "Feature", "geometry": {"type": "Point", "coordinates": [378594.52, 3373147.97]}, "properties": {"cell_id": 4999, "max_wse_m": 3608.55}}, {"type": "Feature", "geometry": {"type": "Point", "coordinates": [378634.52, 3373147.97]}, "properties": {"cell_id": 5000, "max_wse_m": 3605.78}}]}